0 0
1 0
2 2
3 0
4 2
5 5
6 1
7 7
8 5
9 2
10 4
11 1
12 1
13 12
14 5
15 1
16 0
17 12
18 6
19 14
20 5
21 3
22 1
23 0
24 14
25 10
26 1
27 12
28 1
29 7
30 12
31 1
32 8
33 12
34 1
35 1
36 10
37 1
38 8
39 10
40 7
41 10
42 3
43 12
44 1
45 5
46 6
47 12
48 1
49 1
50 12
51 12
52 12
53 12
54 5
55 1
56 1
57 7
58 12
59 8
60 10
61 7
62 7
63 12
64 8
65 12
66 0
67 3
68 13
69 11
70 2
71 2
72 7
73 2
74 7
75 11
76 3
77 4
78 2
79 2
80 7
81 7
82 5
83 9
84 2
85 11
86 6
87 3
88 2
89 11
90 5
91 3
92 7
93 2
94 3
95 2
96 2
97 3
98 2
99 7
100 14
101 0
102 0
103 2
104 13
105 8
106 10
107 1
108 3
109 8
110 14
111 2
112 12
113 2
114 3
115 8
116 9
117 2
118 8
119 2
120 2
121 2
122 3
123 7
124 11
125 2
126 2
127 0
128 9
129 6
130 2
131 3
132 5
133 0
134 2
135 2
136 3
137 2
138 2
139 6
140 8
141 2
142 2
143 2
144 0
145 10
146 6
147 7
148 7
149 11
150 2
151 3
152 2
153 6
154 7
155 7
156 7
157 0
158 7
159 7
160 11
161 8
162 10
163 10
164 2
165 2
166 14
167 9
168 2
169 3
170 7
171 7
172 10
173 2
174 6
175 7
176 10
177 6
178 2
179 0
180 7
181 5
182 7
183 7
184 7
185 2
186 2
187 0
188 2
189 7
190 0
191 0
192 3
193 2
194 0
195 7
196 2
197 7
198 7
199 2
200 9
201 2
202 2
203 11
204 2
205 8
206 7
207 8
208 2
209 0
210 12
211 1
212 1
213 1
214 5
215 0
216 10
217 1
218 12
219 1
220 14
221 3
222 12
223 11
224 12
225 7
226 1
227 3
228 7
229 8
230 1
231 7
232 1
233 5
234 6
235 1
236 12
237 1
238 11
239 9
240 7
241 2
242 2
243 2
244 1
245 11
246 12
247 12
248 10
249 10
250 7
251 12
252 12
253 6
254 10
255 12
256 5
257 12
258 10
259 11
260 7
261 7
262 2
263 7
264 2
265 7
266 0
267 8
268 1
269 6
270 1
271 0
272 6
273 12
274 1
275 1
276 12
277 12
278 1
279 1
280 12
281 1
282 1
283 9
284 4
285 1
286 1
287 8
288 1
289 8
290 1
291 12
292 12
293 12
294 12
295 12
296 5
297 12
298 7
299 7
300 0
301 0
302 7
303 7
304 2
305 7
306 7
307 7
308 7
309 2
310 2
311 7
312 11
313 8
314 12
315 3
316 12
317 2
318 4
319 3
320 7
321 7
322 3
323 3
324 8
325 1
326 1
327 5
328 10
329 1
330 1
331 7
332 6
333 8
334 11
335 12
336 7
337 2
338 9
339 12
340 1
341 11
342 1
343 12
344 3
345 0
346 10
347 14
348 12
349 8
350 7
351 2
352 1
353 8
354 11
355 9
356 13
357 1
358 2
359 5
360 3
361 7
362 7
363 8
364 12
365 9
366 1
367 6
368 12
369 13
370 11
371 12
372 10
373 3
374 14
375 0
376 12
377 7
378 14
379 12
380 2
381 4
382 2
383 0
384 3
385 7
386 3
387 2
388 5
389 2
390 7
391 7
392 0
393 7
394 6
395 10
396 5
397 3
398 6
399 1
400 13
401 11
402 10
403 11
404 6
405 8
406 7
407 8
408 3
409 6
410 7
411 8
412 14
413 12
414 6
415 4
416 1
417 1
418 3
419 8
420 7
421 2
422 12
423 6
424 8
425 5
426 10
427 6
428 2
429 8
430 7
431 2
432 3
433 12
434 2
435 2
436 2
437 4
438 0
439 7
440 8
441 7
442 2
443 2
444 0
445 8
446 11
447 2
448 3
449 2
450 2
451 7
452 2
453 2
454 11
455 10
456 3
457 2
458 0
459 7
460 7
461 7
462 7
463 2
464 2
465 0
466 0
467 0
468 3
469 7
470 7
471 7
472 2
473 3
474 2
475 7
476 11
477 2
478 7
479 14
480 1
481 8
482 12
483 12
484 2
485 10
486 9
487 5
488 12
489 2
490 12
491 3
492 12
493 8
494 14
495 3
496 2
497 9
498 3
499 12
500 8
501 6
502 2
503 2
504 9
505 0
506 1
507 8
508 12
509 10
510 14
511 12
512 10
513 3
514 3
515 2
516 1
517 6
518 1
519 11
520 10
521 3
522 5
523 8
524 2
525 2
526 8
527 2
528 7
529 11
530 0
531 10
532 7
533 2
534 2
535 6
536 11
537 10
538 0
539 7
540 2
541 7
542 3
543 7
544 7
545 6
546 12
547 6
548 8
549 2
550 3
551 2
552 12
553 7
554 14
555 5
556 11
557 12
558 2
559 5
560 7
561 2
562 12
563 12
564 5
565 11
566 0
567 1
568 6
569 0
570 12
571 4
572 4
573 1
574 10
575 0
576 5
577 12
578 3
579 1
580 14
581 10
582 10
583 2
584 6
585 2
586 5
587 6
588 2
589 0
590 2
591 11
592 12
593 2
594 2
595 9
596 7
597 9
598 1
599 1
600 1
601 1
602 1
603 6
604 6
605 2
606 3
607 12
608 12
609 6
610 2
611 2
612 2
613 8
614 2
615 14
616 0
617 2
618 2
619 6
620 8
621 12
622 4
623 0
624 2
625 2
626 3
627 2
628 2
629 14
630 2
631 7
632 2
633 7
634 3
635 11
636 5
637 2
638 5
639 0
640 11
641 2
642 0
643 3
644 2
645 13
646 2
647 10
648 10
649 11
650 2
651 0
652 13
653 11
654 7
655 2
656 12
657 8
658 7
659 0
660 3
661 8
662 11
663 8
664 2
665 2
666 8
667 0
668 2
669 7
670 3
671 9
672 2
673 10
674 0
675 3
676 7
677 3
678 7
679 3
680 0
681 6
682 3
683 7
684 7
685 0
686 14
687 2
688 6
689 11
690 9
691 7
692 2
693 2
694 3
695 3
696 2
697 3
698 7
699 5
700 11
701 13
702 3
703 6
704 7
705 3
706 11
707 7
708 6
709 7
710 7
711 2
712 8
713 9
714 7
715 3
716 6
717 8
718 8
719 7
720 3
721 5
722 8
723 8
724 8
725 7
726 2
727 6
728 10
729 2
730 7
731 2
732 11
733 3
734 4
735 12
736 3
737 12
738 2
739 2
740 3
741 3
742 6
743 2
744 7
745 14
746 11
747 8
748 2
749 2
750 2
751 0
752 2
753 2
754 0
755 3
756 7
757 2
758 6
759 2
760 12
761 7
762 14
763 10
764 5
765 10
766 12
767 12
768 2
769 3
770 7
771 2
772 7
773 7
774 2
775 7
776 3
777 6
778 4
779 2
780 6
781 2
782 2
783 10
784 4
785 14
786 5
787 7
788 2
789 2
790 0
791 2
792 3
793 7
794 3
795 8
796 2
797 2
798 8
799 0
800 2
801 12
802 7
803 2
804 0
805 2
806 3
807 6
808 8
809 2
810 6
811 8
812 12
813 1
814 11
815 7
816 5
817 1
818 7
819 7
820 2
821 5
822 8
823 6
824 2
825 5
826 14
827 2
828 12
829 11
830 11
831 3
832 4
833 2
834 4
835 4
836 1
837 4
838 4
839 6
840 11
841 5
842 5
843 5
844 4
845 11
846 9
847 14
848 3
849 4
850 5
851 2
852 1
853 0
854 4
855 6
856 12
857 0
858 12
859 5
860 11
861 5
862 2
863 1
864 12
865 4
866 1
867 12
868 1
869 12
870 10
871 6
872 14
873 12
874 7
875 12
876 12
877 1
878 1
879 1
880 0
881 12
882 11
883 1
884 10
885 7
886 3
887 2
888 6
889 13
890 2
891 11
892 14
893 2
894 10
895 8
896 0
897 2
898 14
899 6
900 10
901 11
902 7
903 7
904 3
905 7
906 3
907 7
908 3
909 7
910 2
911 7
912 2
913 2
914 2
915 7
916 3
917 4
918 7
919 10
920 12
921 12
922 12
923 8
924 1
925 1
926 1
927 5
928 1
929 12
930 10
931 5
932 1
933 3
934 3
935 11
936 12
937 12
938 12
939 1
940 1
941 1
942 6
943 12
944 7
945 12
946 5
947 0
948 12
949 12
950 10
951 11
952 8
953 2
954 14
955 14
956 8
957 2
958 2
959 8
960 8
961 0
962 2
963 7
964 11
965 3
966 0
967 2
968 7
969 13
970 7
971 3
972 10
973 9
974 7
975 3
976 2
977 2
978 2
979 2
980 6
981 8
982 2
983 4
984 14
985 3
986 8
987 0
988 2
989 7
990 0
991 0
992 7
993 7
994 7
995 2
996 6
997 12
998 1
999 14
1000 3
1001 10
1002 11
1003 11
1004 14
1005 7
1006 2
1007 3
1008 8
1009 1
1010 12
1011 0
1012 1
1013 5
1014 3
1015 12
1016 2
1017 12
1018 11
1019 1
1020 11
1021 7
1022 12
1023 2
1024 3
1025 14
1026 7
1027 12
1028 7
1029 3
1030 1
1031 2
1032 3
1033 5
1034 10
1035 2
1036 1
1037 5
1038 14
1039 8
1040 10
1041 10
1042 0
1043 12
1044 11
1045 10
1046 7
1047 4
1048 7
1049 8
1050 7
1051 2
1052 2
1053 3
1054 2
1055 2
1056 1
1057 1
1058 12
1059 1
1060 0
1061 7
1062 3
1063 6
1064 8
1065 3
1066 12
1067 0
1068 11
1069 2
1070 7
1071 7
1072 11
1073 8
1074 1
1075 11
1076 2
1077 2
1078 10
1079 7
1080 10
1081 7
1082 5
1083 1
1084 7
1085 8
1086 12
1087 14
1088 7
1089 7
1090 0
1091 3
1092 14
1093 1
1094 1
1095 3
1096 2
1097 2
1098 3
1099 2
1100 11
1101 5
1102 8
1103 0
1104 2
1105 14
1106 10
1107 7
1108 2
1109 0
1110 7
1111 8
1112 7
1113 8
1114 4
1115 2
1116 2
1117 8
1118 10
1119 7
1120 2
1121 9
1122 4
1123 1
1124 6
1125 0
1126 3
1127 14
1128 6
1129 6
1130 13
1131 8
1132 2
1133 7
1134 7
1135 3
1136 7
1137 3
1138 7
1139 2
1140 2
1141 8
1142 8
1143 5
1144 5
1145 6
1146 7
1147 10
1148 8
1149 3
1150 4
1151 2
1152 12
1153 8
1154 1
1155 14
1156 6
1157 2
1158 7
1159 10
1160 7
1161 0
1162 0
1163 5
1164 2
1165 6
1166 10
1167 14
1168 2
1169 2
1170 0
1171 7
1172 1
1173 3
1174 10
1175 6
1176 7
1177 11
1178 9
1179 1
1180 7
1181 2
1182 10
1183 2
1184 6
1185 2
1186 13
1187 4
1188 1
1189 2
1190 2
1191 0
1192 2
1193 3
1194 8
1195 6
1196 6
1197 11
1198 7
1199 7
1200 1
1201 1
1202 1
1203 11
1204 5
1205 1
1206 5
1207 7
1208 3
1209 6
1210 5
1211 1
1212 1
1213 1
1214 7
1215 1
1216 2
1217 12
1218 7
1219 14
1220 7
1221 11
1222 5
1223 8
1224 6
1225 3
1226 7
1227 4
1228 8
1229 7
1230 12
1231 3
1232 12
1233 8
1234 7
1235 2
1236 2
1237 12
1238 2
1239 7
1240 0
1241 6
1242 0
1243 6
1244 7
1245 5
1246 10
1247 6
1248 2
1249 12
1250 12
1251 2
1252 0
1253 2
1254 2
1255 2
1256 7
1257 10
1258 2
1259 7
1260 11
1261 7
1262 2
1263 8
1264 7
1265 11
1266 0
1267 2
1268 2
1269 10
1270 6
1271 11
1272 2
1273 3
1274 8
1275 6
1276 0
1277 7
1278 4
1279 0
1280 12
1281 5
1282 10
1283 5
1284 2
1285 7
1286 2
1287 3
1288 7
1289 3
1290 7
1291 13
1292 7
1293 2
1294 11
1295 12
1296 10
1297 8
1298 12
1299 2
1300 11
1301 4
1302 12
1303 11
1304 8
1305 10
1306 7
1307 14
1308 2
1309 6
1310 2
1311 0
1312 11
1313 0
1314 0
1315 2
1316 0
1317 8
1318 5
1319 8
1320 2
1321 5
1322 11
1323 3
1324 2
1325 2
1326 10
1327 2
1328 6
1329 6
1330 5
1331 6
1332 2
1333 7
1334 7
1335 8
1336 2
1337 7
1338 2
1339 0
1340 2
1341 7
1342 14
1343 7
1344 2
1345 11
1346 2
1347 2
1348 3
1349 12
1350 1
1351 1
1352 1
1353 12
1354 12
1355 12
1356 11
1357 5
1358 13
1359 2
1360 0
1361 4
1362 7
1363 12
1364 12
1365 12
1366 1
1367 12
1368 0
1369 12
1370 1
1371 1
1372 1
1373 1
1374 5
1375 12
1376 1
1377 5
1378 12
1379 12
1380 7
1381 0
1382 9
1383 6
1384 0
1385 0
1386 2
1387 2
1388 0
1389 12
1390 8
1391 12
1392 5
1393 14
1394 12
1395 3
1396 0
1397 1
1398 10
1399 11
1400 8
1401 11
1402 8
1403 7
1404 6
1405 0
1406 0
1407 2
1408 11
1409 2
1410 7
1411 7
1412 11
1413 7
1414 12
1415 1
1416 1
1417 5
1418 12
1419 12
1420 1
1421 1
1422 12
1423 12
1424 12
1425 1
1426 1
1427 3
1428 12
1429 12
1430 5
1431 12
1432 1
1433 12
1434 1
1435 1
1436 5
1437 12
1438 1
1439 12
1440 1
1441 7
1442 12
1443 11
1444 9
1445 7
1446 7
1447 2
1448 0
1449 8
1450 9
1451 11
1452 3
1453 2
1454 2
1455 3
1456 3
1457 3
1458 11
1459 12
1460 12
1461 1
1462 3
1463 7
1464 0
1465 2
1466 1
1467 12
1468 1
1469 12
1470 12
1471 11
1472 14
1473 2
1474 0
1475 7
1476 2
1477 7
1478 14
1479 7
1480 0
1481 2
1482 0
1483 4
1484 7
1485 11
1486 2
1487 8
1488 11
1489 12
1490 2
1491 2
1492 8
1493 2
1494 7
1495 7
1496 12
1497 0
1498 0
1499 2
1500 7
1501 0
1502 0
1503 2
1504 2
1505 3
1506 2
1507 2
1508 14
1509 2
1510 13
1511 2
1512 7
1513 2
1514 8
1515 4
1516 2
1517 2
1518 2
1519 14
1520 2
1521 1
1522 2
1523 2
1524 8
1525 6
1526 11
1527 14
1528 2
1529 6
1530 5
1531 6
1532 12
1533 7
1534 1
1535 2
1536 8
1537 3
1538 6
1539 2
1540 2
1541 0
1542 11
1543 6
1544 8
1545 7
1546 2
1547 2
1548 9
1549 12
1550 2
1551 5
1552 2
1553 7
1554 5
1555 6
1556 0
1557 11
1558 2
1559 2
1560 7
1561 2
1562 2
1563 2
1564 2
1565 0
1566 8
1567 12
1568 10
1569 11
1570 6
1571 5
1572 7
1573 2
1574 8
1575 11
1576 8
1577 12
1578 14
1579 12
1580 2
1581 7
1582 7
1583 12
1584 10
1585 13
1586 8
1587 14
1588 10
1589 6
1590 2
1591 3
1592 8
1593 5
1594 9
1595 2
1596 3
1597 8
1598 10
1599 12
1600 2
1601 3
1602 2
1603 6
1604 0
1605 0
1606 2
1607 8
1608 0
1609 8
1610 7
1611 12
1612 8
1613 2
1614 11
1615 2
1616 8
1617 11
1618 3
1619 6
1620 8
1621 7
1622 2
1623 3
1624 7
1625 7
1626 8
1627 7
1628 11
1629 10
1630 8
1631 2
1632 10
1633 5
1634 6
1635 3
1636 3
1637 7
1638 2
1639 0
1640 8
1641 6
1642 7
1643 7
1644 2
1645 2
1646 2
1647 11
1648 8
1649 2
1650 5
1651 0
1652 2
1653 11
1654 2
1655 2
1656 8
1657 13
1658 8
1659 8
1660 2
1661 7
1662 11
1663 2
1664 0
1665 11
1666 7
1667 2
1668 0
1669 3
1670 0
1671 7
1672 2
1673 0
1674 0
1675 0
1676 0
1677 0
1678 2
1679 6
1680 2
1681 8
1682 11
1683 6
1684 0
1685 2
1686 5
1687 2
1688 3
1689 2
1690 6
1691 10
1692 4
1693 5
1694 7
1695 4
1696 0
1697 3
1698 3
1699 6
1700 11
1701 13
1702 4
1703 8
1704 8
1705 6
1706 2
1707 11
1708 5
1709 7
1710 6
1711 2
1712 0
1713 6
1714 9
1715 11
1716 7
1717 12
1718 2
1719 2
1720 9
1721 14
1722 12
1723 12
1724 7
1725 7
1726 12
1727 7
1728 0
1729 13
1730 14
1731 6
1732 9
1733 6
1734 6
1735 2
1736 11
1737 10
1738 5
1739 7
1740 7
1741 10
1742 12
1743 6
1744 3
1745 8
1746 12
1747 11
1748 2
1749 7
1750 3
1751 2
1752 12
1753 8
1754 7
1755 12
1756 3
1757 14
1758 14
1759 10
1760 2
1761 10
1762 2
1763 1
1764 8
1765 5
1766 8
1767 2
1768 6
1769 3
1770 7
1771 7
1772 7
1773 2
1774 2
1775 6
1776 8
1777 2
1778 2
1779 2
1780 2
1781 6
1782 3
1783 9
1784 0
1785 2
1786 2
1787 2
1788 0
1789 7
1790 5
1791 2
1792 11
1793 0
1794 0
1795 7
1796 7
1797 0
1798 3
1799 2
1800 11
1801 3
1802 3
1803 8
1804 12
1805 3
1806 7
1807 11
1808 0
1809 3
1810 3
1811 0
1812 2
1813 6
1814 0
1815 7
1816 2
1817 3
1818 2
1819 0
1820 2
1821 3
1822 2
1823 2
1824 7
1825 11
1826 0
1827 7
1828 7
1829 7
1830 6
1831 8
1832 1
1833 6
1834 3
1835 2
1836 2
1837 7
1838 2
1839 2
1840 2
1841 14
1842 3
1843 2
1844 2
1845 0
1846 10
1847 8
1848 0
1849 2
1850 7
1851 7
1852 2
1853 4
1854 4
1855 11
1856 7
1857 0
1858 2
1859 3
1860 0
1861 2
1862 2
1863 2
1864 0
1865 2
1866 11
1867 14
1868 2
1869 3
1870 12
1871 7
1872 4
1873 2
1874 1
1875 5
1876 12
1877 10
1878 12
1879 14
1880 7
1881 7
1882 3
1883 12
1884 12
1885 12
1886 0
1887 11
1888 1
1889 1
1890 0
1891 2
1892 1
1893 12
1894 9
1895 12
1896 1
1897 6
1898 12
1899 12
1900 6
1901 11
1902 10
1903 3
1904 7
1905 11
1906 7
1907 8
1908 3
1909 0
1910 1
1911 12
1912 8
1913 3
1914 12
1915 2
1916 1
1917 12
1918 14
1919 12
1920 6
1921 4
1922 9
1923 10
1924 7
1925 12
1926 8
1927 12
1928 10
1929 8
1930 7
1931 5
1932 8
1933 0
1934 5
1935 10
1936 3
1937 13
1938 3
1939 2
1940 5
1941 12
1942 2
1943 4
1944 0
1945 11
1946 8
1947 9
1948 7
1949 5
1950 3
1951 14
1952 0
1953 5
1954 8
1955 12
1956 6
1957 1
1958 2
1959 14
1960 0
1961 2
1962 7
1963 10
1964 10
1965 8
1966 2
1967 7
1968 7
1969 3
1970 6
1971 7
1972 2
1973 2
1974 7
1975 7
1976 10
1977 14
1978 7
1979 2
1980 7
1981 9
1982 2
1983 9
1984 7
1985 2
1986 2
1987 7
1988 12
1989 3
1990 11
1991 2
1992 7
1993 2
1994 2
1995 2
1996 2
1997 1
1998 2
1999 8
2000 7
2001 2
2002 2
2003 9
2004 6
2005 2
2006 6
2007 5
2008 5
2009 6
2010 1
2011 13
2012 1
2013 7
2014 7
2015 2
2016 0
2017 6
2018 7
2019 1
2020 0
2021 1
2022 8
2023 1
2024 5
2025 2
2026 12
2027 0
2028 7
2029 2
2030 14
2031 2
2032 2
2033 1
2034 8
2035 3
2036 1
2037 5
2038 2
2039 2
2040 2
2041 2
2042 12
2043 2
2044 7
2045 12
2046 7
2047 5
2048 10
2049 3
2050 5
2051 2
2052 6
2053 3
2054 8
2055 2
2056 1
2057 12
2058 6
2059 2
2060 2
2061 2
2062 7
2063 2
2064 6
2065 1
2066 12
2067 3
2068 10
2069 5
2070 3
2071 12
2072 9
2073 2
2074 14
2075 11
2076 6
2077 1
2078 4
2079 7
2080 7
2081 7
2082 1
2083 6
2084 7
2085 8
2086 11
2087 7
2088 10
2089 5
2090 2
2091 7
2092 8
2093 0
2094 2
2095 0
2096 0
2097 2
2098 7
2099 14
2100 8
2101 8
2102 8
2103 12
2104 6
2105 2
2106 10
2107 6
2108 12
2109 6
2110 3
2111 8
2112 2
2113 13
2114 11
2115 2
2116 1
2117 8
2118 8
2119 0
2120 4
2121 8
2122 11
2123 8
2124 3
2125 7
2126 14
2127 7
2128 5
2129 0
2130 5
2131 12
2132 12
2133 5
2134 7
2135 7
2136 11
2137 5
2138 11
2139 2
2140 2
2141 0
2142 2
2143 1
2144 1
2145 5
2146 5
2147 1
2148 11
2149 12
2150 11
2151 0
2152 5
2153 6
2154 0
2155 1
2156 12
2157 5
2158 12
2159 12
2160 1
2161 1
2162 1
2163 7
2164 11
2165 9
2166 4
2167 14
2168 3
2169 2
2170 12
2171 11
2172 6
2173 2
2174 5
2175 12
2176 1
2177 12
2178 12
2179 12
2180 0
2181 12
2182 1
2183 1
2184 12
2185 1
2186 11
2187 1
2188 5
2189 1
2190 12
2191 11
2192 1
2193 7
2194 12
2195 1
2196 12
2197 2
2198 11
2199 0
2200 1
2201 12
2202 5
2203 12
2204 12
2205 1
2206 12
2207 12
2208 1
2209 5
2210 12
2211 2
2212 7
2213 12
2214 12
2215 2
2216 4
2217 12
2218 1
2219 1
2220 5
2221 5
2222 1
2223 1
2224 11
2225 12
2226 5
2227 1
2228 1
2229 1
2230 6
2231 11
2232 0
2233 12
2234 1
2235 11
2236 2
2237 8
2238 11
2239 7
2240 0
2241 3
2242 11
2243 11
2244 2
2245 2
2246 11
2247 3
2248 0
2249 11
2250 6
2251 2
2252 2
2253 7
2254 2
2255 2
2256 7
2257 8
2258 12
2259 2
2260 2
2261 7
2262 11
2263 2
2264 0
2265 2
2266 0
2267 2
2268 2
2269 0
2270 13
2271 2
2272 8
2273 0
2274 3
2275 2
2276 6
2277 2
2278 11
2279 7
2280 3
2281 11
2282 7
2283 8
2284 13
2285 4
2286 7
2287 2
2288 6
2289 8
2290 7
2291 2
2292 2
2293 11
2294 10
2295 7
2296 7
2297 0
2298 7
2299 11
2300 7
2301 10
2302 7
2303 3
2304 8
2305 0
2306 9
2307 11
2308 7
2309 10
2310 6
2311 2
2312 2
2313 14
2314 7
2315 5
2316 10
2317 8
2318 0
2319 3
2320 12
2321 3
2322 6
2323 12
2324 0
2325 7
2326 5
2327 6
2328 7
2329 12
2330 2
2331 12
2332 3
2333 10
2334 11
2335 4
2336 12
2337 12
2338 11
2339 12
2340 8
2341 0
2342 12
2343 8
2344 0
2345 6
2346 12
2347 12
2348 6
2349 5
2350 10
2351 2
2352 7
2353 3
2354 12
2355 7
2356 3
2357 8
2358 2
2359 13
2360 9
2361 9
2362 0
2363 4
2364 7
2365 7
2366 0
2367 7
2368 3
2369 0
2370 0
2371 3
2372 8
2373 3
2374 3
2375 8
2376 10
2377 14
2378 1
2379 8
2380 12
2381 5
2382 1
2383 8
2384 10
2385 14
2386 6
2387 11
2388 3
2389 7
2390 2
2391 7
2392 3
2393 2
2394 0
2395 0
2396 5
2397 12
2398 8
2399 1
2400 12
2401 1
2402 8
2403 0
2404 0
2405 0
2406 2
2407 0
2408 12
2409 14
2410 12
2411 10
2412 6
2413 12
2414 7
2415 2
2416 14
2417 12
2418 11
2419 1
2420 12
2421 6
2422 2
2423 12
2424 12
2425 10
2426 12
2427 0
2428 8
2429 3
2430 2
2431 2
2432 7
2433 8
2434 0
2435 7
2436 3
2437 10
2438 8
2439 1
2440 11
2441 8
2442 12
2443 2
2444 9
2445 6
2446 1
2447 8
2448 12
2449 8
2450 1
2451 13
2452 1
2453 12
2454 10
2455 11
2456 1
2457 12
2458 0
2459 12
2460 1
2461 1
2462 12
2463 0
2464 7
2465 14
2466 7
2467 12
2468 6
2469 12
2470 7
2471 12
2472 6
2473 7
2474 7
2475 12
2476 10
2477 2
2478 12
2479 12
2480 10
2481 0
2482 7
2483 6
2484 5
2485 3
2486 5
2487 0
2488 14
2489 1
2490 11
2491 7
2492 3
2493 5
2494 1
2495 6
2496 10
2497 0
2498 12
2499 7
2500 1
2501 8
2502 8
2503 0
2504 14
2505 11
2506 14
2507 2
2508 2
2509 5
2510 8
2511 11
2512 8
2513 0
2514 3
2515 7
2516 8
2517 11
2518 7
2519 2
2520 0
2521 3
2522 0
2523 11
2524 9
2525 14
2526 4
2527 6
2528 2
2529 10
2530 11
2531 14
2532 7
2533 1
2534 3
2535 10
2536 11
2537 1
2538 11
2539 12
2540 10
2541 2
2542 7
2543 8
2544 1
2545 1
2546 0
2547 12
2548 12
2549 1
2550 8
2551 12
2552 12
2553 1
2554 12
2555 12
2556 12
2557 14
2558 0
2559 8
2560 5
2561 2
2562 9
2563 7
2564 6
2565 1
2566 11
2567 3
2568 12
2569 10
2570 1
2571 7
2572 2
2573 10
2574 11
2575 2
2576 1
2577 6
2578 8
2579 2
2580 9
2581 12
2582 1
2583 1
2584 1
2585 1
2586 1
2587 12
2588 7
2589 12
2590 12
2591 1
2592 5
2593 12
2594 2
2595 9
2596 1
2597 1
2598 7
2599 1
2600 1
2601 12
2602 8
2603 10
2604 6
2605 11
2606 12
2607 10
2608 12
2609 0
2610 8
2611 11
2612 7
2613 8
2614 12
2615 8
2616 7
2617 1
2618 8
2619 8
2620 1
2621 8
2622 2
2623 9
2624 11
2625 3
2626 3
2627 5
2628 2
2629 0
2630 0
2631 12
2632 7
2633 12
2634 1
2635 7
2636 2
2637 14
2638 8
2639 7
2640 7
2641 8
2642 11
2643 7
2644 5
2645 6
2646 3
2647 6
2648 7
2649 11
2650 1
2651 6
2652 14
2653 1
2654 8
2655 1
2656 3
2657 12
2658 6
2659 11
2660 3
2661 7
2662 2
2663 3
2664 4
2665 11
2666 5
2667 11
2668 11
2669 4
2670 0
2671 3
2672 3
2673 2
2674 11
2675 8
2676 5
2677 7
2678 2
2679 12
2680 3
2681 3
2682 11
2683 0
2684 12
2685 7
2686 5
2687 2
2688 12
2689 13
2690 8
2691 5
2692 6
2693 9
2694 11
2695 11
2696 1
2697 9
2698 5
2699 14
2700 7
2701 3
2702 6
2703 2
2704 2
2705 7
2706 2
2707 14
2708 12
2709 1
2710 10
2711 7
2712 3
2713 7
2714 3
2715 7
2716 10
2717 12
2718 14
2719 10
2720 1
2721 2
2722 5
2723 4
2724 7
2725 7
2726 5
2727 14
2728 7
2729 12
2730 4
2731 1
2732 5
2733 4
2734 2
2735 2
2736 2
2737 7
2738 2
2739 14
2740 6
2741 6
2742 3
2743 12
2744 1
2745 7
2746 4
2747 10
2748 7
2749 3
2750 11
2751 10
2752 10
2753 2
2754 3
2755 8
2756 4
2757 2
2758 6
2759 2
2760 14
2761 12
2762 1
2763 7
2764 12
2765 14
2766 1
2767 7
2768 5
2769 11
2770 12
2771 7
2772 0
2773 3
2774 1
2775 14
2776 8
2777 2
2778 8
2779 3
2780 11
2781 2
2782 12
2783 9
2784 1
2785 10
2786 2
2787 10
2788 4
2789 4
2790 7
2791 8
2792 14
2793 2
2794 7
2795 8
2796 5
2797 5
2798 2
2799 3
2800 4
2801 8
2802 14
2803 3
2804 8
2805 3
2806 2
2807 3
2808 7
2809 14
2810 12
2811 11
2812 6
2813 4
2814 13
2815 4
2816 5
2817 12
2818 7
2819 13
2820 1
2821 5
2822 11
2823 8
2824 7
2825 2
2826 0
2827 1
2828 12
2829 1
2830 1
2831 1
2832 1
2833 1
2834 2
2835 10
2836 11
2837 2
2838 12
2839 10
2840 1
2841 0
2842 8
2843 8
2844 10
2845 2
2846 12
2847 1
2848 0
2849 5
2850 1
2851 12
2852 1
2853 12
2854 7
2855 1
2856 12
2857 12
2858 12
2859 7
2860 8
2861 10
2862 7
2863 2
2864 12
2865 2
2866 12
2867 6
2868 12
2869 14
2870 1
2871 3
2872 3
2873 10
2874 12
2875 7
2876 2
2877 2
2878 7
2879 12
2880 9
2881 5
2882 1
2883 1
2884 9
2885 12
2886 1
2887 1
2888 8
2889 7
2890 12
2891 7
2892 1
2893 1
2894 12
2895 1
2896 1
2897 10
2898 0
2899 1
2900 1
2901 8
2902 3
2903 7
2904 7
2905 5
2906 10
2907 11
2908 6
2909 11
2910 9
2911 11
2912 1
2913 6
2914 7
2915 12
2916 1
2917 14
2918 10
2919 12
2920 12
2921 5
2922 11
2923 12
2924 12
2925 1
2926 1
2927 11
2928 12
2929 1
2930 1
2931 7
2932 11
2933 12
2934 1
2935 12
2936 1
2937 1
2938 2
2939 0
2940 0
2941 0
2942 10
2943 2
2944 14
2945 10
2946 2
2947 1
2948 3
2949 11
2950 12
2951 7
2952 11
2953 0
2954 3
2955 7
2956 5
2957 7
2958 2
2959 7
2960 2
2961 7
2962 4
2963 8
2964 1
2965 5
2966 0
2967 8
2968 1
2969 3
2970 5
2971 6
2972 9
2973 3
2974 10
2975 6
2976 8
2977 8
2978 12
2979 3
2980 2
2981 8
2982 8
2983 3
2984 10
2985 12
2986 8
2987 12
2988 11
2989 0
2990 2
2991 13
2992 12
2993 1
2994 10
2995 10
2996 3
2997 0
2998 0
2999 3
3000 6
3001 2
3002 7
3003 6
3004 3
3005 12
3006 12
3007 2
3008 14
3009 2
3010 7
3011 8
3012 6
3013 12
3014 3
3015 14
3016 5
3017 5
3018 1
3019 9
3020 7
3021 10
3022 9
3023 4
3024 14
3025 0
3026 5
3027 5
3028 8
3029 0
3030 3
3031 7
3032 7
3033 14
3034 8
3035 3
3036 11
3037 8
3038 3
3039 8
3040 7
3041 8
3042 11
3043 11
3044 14
3045 6
3046 12
3047 8
3048 7
3049 10
3050 6
3051 10
3052 3
3053 3
3054 3
3055 4
3056 11
3057 11
3058 12
3059 2
3060 12
3061 12
3062 3
3063 1
3064 2
3065 2
3066 12
3067 2
3068 3
3069 12
3070 12
3071 5
3072 14
3073 12
3074 10
3075 2
3076 9
3077 13
3078 7
3079 6
3080 12
3081 12
3082 12
3083 7
3084 10
3085 10
3086 12
3087 14
3088 13
3089 7
3090 5
3091 7
3092 3
3093 7
3094 7
3095 14
3096 12
3097 1
3098 6
3099 4
3100 1
3101 10
3102 13
3103 5
3104 4
3105 14
3106 3
3107 0
3108 6
3109 5
3110 2
3111 7
3112 11
3113 6
3114 1
3115 11
3116 6
3117 9
3118 4
3119 2
3120 3
3121 11
3122 3
3123 8
3124 12
3125 1
3126 12
3127 1
3128 9
3129 14
3130 6
3131 14
3132 1
3133 1
3134 1
3135 1
3136 1
3137 12
3138 1
3139 1
3140 1
3141 7
3142 14
3143 12
3144 5
3145 2
3146 14
3147 6
3148 1
3149 12
3150 5
3151 1
3152 1
3153 12
3154 4
3155 3
3156 12
3157 14
3158 13
3159 7
3160 5
3161 12
3162 7
3163 8
3164 6
3165 7
3166 3
3167 14
3168 5
3169 7
3170 12
3171 5
3172 5
3173 5
3174 7
3175 4
3176 9
3177 3
3178 3
3179 3
3180 14
3181 2
3182 7
3183 11
3184 2
3185 8
3186 6
3187 1
3188 13
3189 10
3190 8
3191 8
3192 4
3193 3
3194 12
3195 8
3196 13
3197 2
3198 14
3199 4
3200 5
3201 7
3202 12
3203 4
3204 7
3205 5
3206 9
3207 10
3208 9
3209 7
3210 2
3211 1
3212 8
3213 13
3214 10
3215 6
3216 12
3217 7
3218 4
3219 4
3220 11
3221 12
3222 4
3223 10
3224 0
3225 0
3226 14
3227 3
3228 11
3229 5
3230 11
3231 14
3232 12
3233 7
3234 14
3235 13
3236 11
3237 14
3238 1
3239 4
3240 8
3241 2
3242 14
3243 7
3244 12
3245 11
3246 6
3247 8
3248 2
3249 7
3250 10
3251 10
3252 12
3253 6
3254 2
3255 2
3256 13
3257 3
3258 1
3259 14
3260 5
3261 8
3262 1
3263 8
3264 5
3265 9
3266 1
3267 9
3268 10
3269 11
3270 12
3271 13
3272 12
3273 7
3274 7
3275 14
3276 7
3277 8
3278 1
3279 6
3280 8
3281 10
3282 7
3283 12
3284 10
3285 9
3286 8
3287 4
3288 9
3289 12
3290 2
3291 4
3292 14
3293 3
3294 11
3295 4
3296 14
3297 12
3298 8
3299 4
3300 13
3301 7
3302 4
3303 0
3304 10
3305 3
3306 4
3307 3
3308 9
3309 9
3310 1
3311 8
3312 7
3313 1
3314 2
3315 8
3316 11
3317 4
3318 5
3319 2
3320 8
3321 1
3322 12
3323 1
3324 6
3325 10
3326 3
3327 2
3328 2
3329 2
3330 3
3331 4
3332 2
3333 9
3334 1
3335 4
3336 4
3337 11
3338 6
3339 12
3340 12
3341 1
3342 12
3343 5
3344 13
3345 2
3346 10
3347 14
3348 7
3349 12
3350 7
3351 10
3352 3
3353 11
3354 4
3355 10
3356 12
3357 1
3358 12
3359 1
3360 1
3361 1
3362 10
3363 1
3364 7
3365 11
3366 10
3367 1
3368 1
3369 1
3370 1
3371 1
3372 1
3373 1
3374 1
3375 1
3376 1
3377 1
3378 0
3379 7
3380 2
3381 14
3382 7
3383 3
3384 2
3385 10
3386 7
3387 12
3388 2
3389 1
3390 5
3391 1
3392 14
3393 1
3394 12
3395 3
3396 5
3397 4
3398 1
3399 11
3400 4
3401 8
3402 7
3403 4
3404 4
3405 11
3406 3
3407 9
3408 8
3409 12
3410 4
3411 4
3412 11
3413 12
3414 1
3415 1
3416 1
3417 1
3418 1
3419 1
3420 1
3421 1
3422 7
3423 1
3424 1
3425 1
3426 1
3427 0
3428 1
3429 1
3430 12
3431 1
3432 8
3433 2
3434 10
3435 8
3436 8
3437 1
3438 1
3439 11
3440 7
3441 7
3442 7
3443 6
3444 4
3445 5
3446 1
3447 1
3448 1
3449 12
3450 1
3451 1
3452 1
3453 8
3454 6
3455 1
3456 2
3457 2
3458 1
3459 8
3460 1
3461 1
3462 1
3463 1
3464 1
3465 1
3466 1
3467 12
3468 1
3469 1
3470 1
3471 1
3472 1
3473 1
3474 1
3475 12
3476 13
3477 1
3478 1
3479 1
3480 1
3481 1
3482 5
3483 1
3484 1
3485 1
3486 1
3487 11
3488 6
3489 8
3490 12
3491 12
3492 1
3493 4
3494 6
3495 12
3496 7
3497 11
3498 8
3499 8
3500 5
3501 1
3502 7
3503 11
3504 11
3505 14
3506 7
3507 9
3508 8
3509 10
3510 14
3511 10
3512 1
3513 2
3514 14
3515 13
3516 8
3517 2
3518 14
3519 13
3520 4
3521 3
3522 9
3523 2
3524 7
3525 11
3526 4
3527 5
3528 7
3529 9
3530 13
3531 2
3532 2
3533 4
3534 3
3535 2
3536 9
3537 8
3538 2
3539 7
3540 8
3541 2
3542 11
3543 7
3544 8
3545 8
3546 9
3547 3
3548 9
3549 3
3550 9
3551 6
3552 4
3553 4
3554 13
3555 0
3556 4
3557 3
3558 13
3559 9
3560 4
3561 8
3562 6
3563 3
3564 7
3565 9
3566 8
3567 2
3568 11
3569 14
3570 14
3571 7
3572 7
3573 7
3574 12
3575 7
3576 13
3577 2
3578 6
3579 2
3580 4
3581 5
3582 4
3583 8
3584 8
3585 3
3586 9
3587 10
3588 4
3589 7
3590 13
3591 2
3592 9
3593 11
3594 2
3595 2
3596 12
3597 2
3598 7
3599 8
3600 0
3601 7
3602 5
3603 1
3604 12
3605 11
3606 1
3607 0
3608 5
3609 5
3610 7
3611 8
3612 10
3613 3
3614 5
3615 9
3616 3
3617 2
3618 3
3619 11
3620 11
3621 11
3622 7
3623 13
3624 7
3625 9
3626 2
3627 8
3628 14
3629 11
3630 3
3631 8
3632 13
3633 9
3634 4
3635 8
3636 7
3637 6
3638 9
3639 5
3640 6
3641 10
3642 9
3643 8
3644 12
3645 3
3646 4
3647 9
3648 4
3649 8
3650 10
3651 13
3652 3
3653 0
3654 4
3655 1
3656 7
3657 9
3658 4
3659 0
3660 10
3661 2
3662 14
3663 0
3664 11
3665 7
3666 7
3667 3
3668 13
3669 14
3670 5
3671 9
3672 4
3673 2
3674 7
3675 4
3676 7
3677 5
3678 5
3679 11
3680 9
3681 2
3682 8
3683 9
3684 4
3685 7
3686 11
3687 9
3688 14
3689 14
3690 7
3691 2
3692 13
3693 8
3694 0
3695 2
3696 7
3697 9
3698 11
3699 11
3700 0
3701 0
3702 0
3703 0
3704 2
3705 2
3706 2
3707 2
3708 0
3709 0
3710 2
3711 2
3712 3
3713 2
3714 3
3715 2
3716 2
3717 6
3718 7
3719 6
3720 8
3721 2
3722 2
3723 0
3724 6
3725 2
3726 11
3727 8
3728 0
3729 2
3730 2
3731 2
3732 2
3733 14
3734 0
3735 0
3736 3
3737 8
3738 10
3739 10
3740 10
3741 2
3742 0
3743 2
3744 12
3745 3
3746 7
3747 3
3748 2
3749 2
3750 2
3751 11
3752 6
3753 2
3754 7
3755 5
3756 7
3757 2
3758 2
3759 8
3760 2
3761 14
3762 11
3763 2
3764 0
3765 6
3766 2
3767 11
3768 2
3769 7
3770 2
3771 2
3772 8
3773 0
3774 0
3775 2
3776 2
3777 2
3778 3
3779 2
3780 3
3781 0
3782 0
3783 2
3784 2
3785 2
3786 2
3787 2
3788 2
3789 7
3790 2
3791 2
3792 2
3793 2
3794 2
3795 2
3796 8
3797 2
3798 11
3799 3
3800 2
3801 0
3802 2
3803 3
3804 2
3805 7
3806 2
3807 2
3808 3
3809 2
3810 2
3811 7
3812 8
3813 2
3814 6
3815 2
3816 0
3817 2
3818 3
3819 7
3820 3
3821 3
3822 6
3823 2
3824 2
3825 2
3826 2
3827 2
3828 2
3829 0
3830 2
3831 7
3832 2
3833 8
3834 0
3835 2
3836 0
3837 8
3838 2
3839 2
3840 0
3841 0
3842 2
3843 3
3844 0
3845 0
3846 6
3847 0
3848 0
3849 7
3850 0
3851 2
3852 3
3853 3
3854 6
3855 8
3856 7
3857 2
3858 11
3859 8
3860 11
3861 0
3862 2
3863 2
3864 14
3865 8
3866 2
3867 14
3868 2
3869 2
3870 3
3871 2
3872 6
3873 3
3874 3
3875 2
3876 11
3877 12
3878 6
3879 13
3880 2
3881 7
3882 2
3883 2
3884 2
3885 2
3886 2
3887 3
3888 10
3889 2
3890 3
3891 0
3892 8
3893 0
3894 7
3895 2
3896 2
3897 6
3898 2
3899 0
3900 2
3901 2
3902 0
3903 2
3904 6
3905 10
3906 3
3907 2
3908 0
3909 8
3910 3
3911 2
3912 2
3913 2
3914 8
3915 2
3916 2
3917 3
3918 2
3919 8
3920 3
3921 0
3922 7
3923 2
3924 2
3925 2
3926 8
3927 2
3928 0
3929 0
3930 2
3931 2
3932 2
3933 6
3934 2
3935 11
3936 0
3937 0
3938 0
3939 0
3940 3
3941 3
3942 2
3943 0
3944 2
3945 2
3946 7
3947 0
3948 8
3949 7
3950 0
3951 0
3952 0
3953 0
3954 0
3955 0
3956 0
3957 12
3958 7
3959 0
3960 6
3961 7
3962 0
3963 3
3964 2
3965 2
3966 8
3967 11
3968 2
3969 2
3970 3
3971 0
3972 2
3973 2
3974 7
3975 0
3976 7
3977 2
3978 0
3979 2
3980 0
3981 0
3982 3
3983 7
3984 0
3985 2
3986 3
3987 2
3988 2
3989 2
3990 2
3991 2
3992 2
3993 0
3994 0
3995 3
3996 0
3997 2
3998 0
3999 0
4000 0
4001 0
4002 0
4003 0
4004 0
4005 0
4006 0
4007 0
4008 0
4009 0
4010 0
4011 0
4012 2
4013 0
4014 0
4015 0
4016 0
4017 0
4018 0
4019 0
4020 0
4021 0
4022 2
4023 0
4024 0
4025 0
4026 2
4027 6
4028 0
4029 0
4030 0
4031 0
4032 0
4033 7
4034 0
4035 0
4036 2
4037 0
4038 7
4039 9
4040 2
4041 0
4042 2
4043 3
4044 2
4045 2
4046 11
4047 0
4048 2
4049 0
4050 2
4051 2
4052 2
4053 7
4054 0
4055 2
4056 8
4057 0
4058 0
4059 0
4060 2
4061 2
4062 2
4063 9
4064 0
4065 2
4066 2
4067 2
4068 0
4069 2
4070 3
4071 2
4072 2
4073 0
4074 2
4075 2
4076 2
4077 2
4078 3
4079 6
4080 0
4081 0
4082 3
4083 2
4084 5
4085 3
4086 0
4087 0
4088 0
4089 2
4090 2
4091 0
4092 2
4093 0
4094 2
4095 0
4096 0
4097 2
4098 7
4099 7
4100 0
4101 0
4102 3
4103 0
4104 6
4105 2
4106 8
4107 8
4108 2
4109 2
4110 6
4111 6
4112 2
4113 7
4114 8
4115 7
4116 0
4117 2
4118 7
4119 3
4120 0
4121 2
4122 2
4123 6
4124 6
4125 2
4126 0
4127 2
4128 6
4129 0
4130 0
4131 0
4132 0
4133 0
4134 0
4135 7
4136 7
4137 2
4138 2
4139 0
4140 7
4141 0
4142 3
4143 3
4144 2
4145 5
4146 10
4147 10
4148 10
4149 8
4150 2
4151 2
4152 3
4153 3
4154 2
4155 3
4156 2
4157 0
4158 2
4159 2
4160 0
4161 0
4162 2
4163 2
4164 0
4165 0
4166 0
4167 2
4168 2
4169 2
4170 2
4171 3
4172 2
4173 3
4174 2
4175 7
4176 3
4177 2
4178 2
4179 8
4180 2
4181 2
4182 2
4183 2
4184 0
4185 3
4186 3
4187 2
4188 2
4189 3
4190 2
4191 0
4192 2
4193 0
4194 2
4195 2
4196 0
4197 0
4198 2
4199 0
4200 3
4201 0
4202 0
4203 3
4204 2
4205 2
4206 3
4207 2
4208 0
4209 2
4210 0
4211 3
4212 2
4213 2
4214 2
4215 11
4216 2
4217 2
4218 2
4219 3
4220 2
4221 0
4222 0
4223 2
4224 0
4225 2
4226 7
4227 0
4228 2
4229 7
4230 6
4231 0
4232 2
4233 0
4234 0
4235 0
4236 11
4237 2
4238 2
4239 2
4240 3
4241 3
4242 2
4243 2
4244 7
4245 2
4246 0
4247 0
4248 2
4249 2
4250 2
4251 6
4252 2
4253 6
4254 6
4255 2
4256 6
4257 0
4258 6
4259 7
4260 7
4261 2
4262 0
4263 2
4264 8
4265 2
4266 7
4267 2
4268 7
4269 3
4270 7
4271 2
4272 3
4273 7
4274 2
4275 0
4276 0
4277 0
4278 2
4279 0
4280 2
4281 3
4282 2
4283 7
4284 2
4285 0
4286 2
4287 0
4288 0
4289 3
4290 2
4291 0
4292 2
4293 0
4294 6
4295 0
4296 0
4297 2
4298 3
4299 2
4300 2
4301 3
4302 2
4303 0
4304 10
4305 2
4306 0
4307 2
4308 8
4309 7
4310 2
4311 2
4312 6
4313 2
4314 11
4315 2
4316 2
4317 2
4318 2
4319 7
4320 2
4321 2
4322 2
4323 3
4324 3
4325 0
4326 11
4327 2
4328 0
4329 0
4330 0
4331 0
4332 3
4333 2
4334 2
4335 0
4336 2
4337 2
4338 2
4339 3
4340 2
4341 2
4342 2
4343 2
4344 0
4345 2
4346 2
4347 0
4348 0
4349 0
4350 0
4351 0
4352 2
4353 2
4354 0
4355 2
4356 0
4357 7
4358 7
4359 0
4360 0
4361 0
4362 0
4363 0
4364 3
4365 0
4366 3
4367 2
4368 2
4369 0
4370 2
4371 3
4372 3
4373 2
4374 11
4375 2
4376 0
4377 2
4378 0
4379 8
4380 2
4381 7
4382 3
4383 2
4384 0
4385 2
4386 0
4387 0
4388 0
4389 0
4390 3
4391 2
4392 2
4393 2
4394 2
4395 0
4396 7
4397 0
4398 0
4399 2
4400 2
4401 6
4402 0
4403 2
4404 0
4405 2
4406 2
4407 0
4408 2
4409 2
4410 2
4411 7
4412 2
4413 2
4414 2
4415 2
4416 0
4417 2
4418 2
4419 2
4420 2
4421 0
4422 0
4423 2
4424 0
4425 3
4426 2
4427 0
4428 0
4429 3
4430 2
4431 0
4432 8
4433 2
4434 2
4435 2
4436 7
4437 2
4438 2
4439 0
4440 0
4441 3
4442 0
4443 3
4444 0
4445 0
4446 0
4447 0
4448 3
4449 2
4450 2
4451 0
4452 0
4453 3
4454 2
4455 0
4456 2
4457 3
4458 2
4459 6
4460 2
4461 0
4462 2
4463 0
4464 3
4465 0
4466 2
4467 0
4468 0
4469 0
4470 0
4471 2
4472 2
4473 0
4474 0
4475 0
4476 0
4477 0
4478 3
4479 0
4480 2
4481 0
4482 2
4483 0
4484 0
4485 0
4486 0
4487 0
4488 0
4489 3
4490 0
4491 0
4492 0
4493 2
4494 2
4495 2
4496 0
4497 2
4498 0
4499 2
4500 2
4501 2
4502 2
4503 2
4504 0
4505 3
4506 7
4507 2
4508 0
4509 3
4510 3
4511 0
4512 2
4513 2
4514 2
4515 3
4516 11
4517 0
4518 2
4519 2
4520 2
4521 2
4522 0
4523 0
4524 7
4525 6
4526 0
4527 0
4528 0
4529 2
4530 0
4531 8
4532 2
4533 6
4534 2
4535 2
4536 7
4537 2
4538 8
4539 2
4540 10
4541 2
4542 3
4543 0
4544 2
4545 3
4546 0
4547 2
4548 7
4549 2
4550 2
4551 2
4552 2
4553 0
4554 2
4555 0
4556 0
4557 2
4558 6
4559 2
4560 2
4561 2
4562 2
4563 3
4564 2
4565 3
4566 0
4567 7
4568 2
4569 7
4570 2
4571 2
4572 2
4573 11
4574 3
4575 0
4576 0
4577 2
4578 2
4579 0
4580 2
4581 2
4582 2
4583 2
4584 3
4585 2
4586 3
4587 0
4588 2
4589 2
4590 0
4591 8
4592 8
4593 2
4594 0
4595 0
4596 11
4597 2
4598 2
4599 2
4600 3
4601 12
4602 0
4603 2
4604 3
4605 2
4606 2
4607 3
4608 0
4609 2
4610 2
4611 0
4612 0
4613 2
4614 3
4615 0
4616 0
4617 2
4618 2
4619 0
4620 2
4621 0
4622 2
4623 2
4624 2
4625 2
4626 11
4627 2
4628 2
4629 2
4630 10
4631 3
4632 2
4633 2
4634 3
4635 6
4636 3
4637 0
4638 2
4639 3
4640 2
4641 0
4642 2
4643 2
4644 2
4645 2
4646 5
4647 2
4648 2
4649 2
4650 7
4651 0
4652 2
4653 2
4654 0
4655 0
4656 2
4657 2
4658 0
4659 2
4660 2
4661 3
4662 8
4663 2
4664 2
4665 0
4666 0
4667 0
4668 2
4669 0
4670 0
4671 3
4672 3
4673 3
4674 0
4675 0
4676 2
4677 0
4678 2
4679 6
4680 0
4681 0
4682 2
4683 3
4684 0
4685 7
4686 0
4687 0
4688 0
4689 0
4690 0
4691 7
4692 2
4693 2
4694 0
4695 0
4696 0
4697 2
4698 0
4699 2
4700 0
4701 0
4702 2
4703 6
4704 2
4705 3
4706 3
4707 0
4708 0
4709 0
4710 0
4711 2
4712 0
4713 2
4714 0
4715 11
4716 2
4717 2
4718 0
4719 0
4720 0
4721 2
4722 2
4723 0
4724 0
4725 2
4726 0
4727 8
4728 2
4729 0
4730 2
4731 2
4732 6
4733 3
4734 0
4735 2
4736 2
4737 0
4738 0
4739 2
4740 0
4741 3
4742 2
4743 7
4744 3
4745 12
4746 6
4747 2
4748 2
4749 2
4750 2
4751 6
4752 0
4753 2
4754 2
4755 0
4756 3
4757 2
4758 0
4759 3
4760 0
4761 0
4762 8
4763 3
4764 0
4765 0
4766 2
4767 2
4768 2
4769 3
4770 0
4771 0
4772 0
4773 0
4774 3
4775 6
4776 11
4777 2
4778 2
4779 2
4780 0
4781 0
4782 0
4783 0
4784 0
4785 0
4786 2
4787 0
4788 2
4789 0
4790 2
4791 2
4792 6
4793 2
4794 0
4795 0
4796 3
4797 7
4798 2
4799 0
4800 3
4801 3
4802 3
4803 0
4804 2
4805 2
4806 0
4807 0
4808 2
4809 2
4810 2
4811 2
4812 2
4813 2
4814 2
4815 2
4816 7
4817 2
4818 0
4819 2
4820 3
4821 0
4822 7
4823 2
4824 11
4825 0
4826 2
4827 0
4828 0
4829 2
4830 2
4831 0
4832 0
4833 2
4834 0
4835 2
4836 3
4837 7
4838 2
4839 3
4840 0
4841 2
4842 7
4843 3
4844 0
4845 0
4846 2
4847 7
4848 3
4849 2
4850 0
4851 2
4852 2
4853 2
4854 7
4855 3
4856 2
4857 2
4858 2
4859 0
4860 2
4861 2
4862 2
4863 2
4864 2
4865 2
4866 0
4867 2
4868 2
4869 2
4870 3
4871 0
4872 0
4873 7
4874 5
4875 2
4876 2
4877 2
4878 0
4879 0
4880 2
4881 2
4882 0
4883 3
4884 0
4885 0
4886 0
4887 0
4888 2
4889 0
4890 0
4891 2
4892 0
4893 0
4894 0
4895 0
4896 0
4897 0
4898 2
4899 0
4900 0
4901 0
4902 0
4903 0
4904 0
4905 2
4906 0
4907 2
4908 2
4909 2
4910 2
4911 0
4912 0
4913 2
4914 2
4915 2
4916 2
4917 2
4918 2
4919 2
4920 2
4921 0
4922 2
4923 0
4924 0
4925 0
4926 0
4927 2
4928 0
4929 2
4930 2
4931 7
4932 2
4933 2
4934 2
4935 0
4936 2
4937 7
4938 2
4939 7
4940 0
4941 0
4942 0
4943 7
4944 7
4945 0
4946 0
4947 2
4948 7
4949 0
4950 3
4951 2
4952 3
4953 0
4954 3
4955 0
4956 0
4957 0
4958 7
4959 0
4960 2
4961 0
4962 2
4963 0
4964 3
4965 0
4966 2
4967 0
4968 0
4969 3
4970 0
4971 7
4972 2
4973 0
4974 11
4975 3
4976 0
4977 0
4978 0
4979 0
4980 0
4981 3
4982 2
4983 0
4984 2
4985 2
4986 2
4987 2
4988 0
4989 0
4990 0
4991 0
4992 2
4993 3
4994 2
4995 0
4996 0
4997 3
4998 0
4999 0
5000 0
5001 2
5002 3
5003 7
5004 0
5005 2
5006 2
5007 2
5008 0
5009 0
5010 3
5011 6
5012 2
5013 2
5014 3
5015 0
5016 3
5017 0
5018 2
5019 2
5020 0
5021 3
5022 2
5023 0
5024 3
5025 0
5026 2
5027 7
5028 2
5029 0
5030 0
5031 2
5032 2
5033 3
5034 0
5035 0
5036 0
5037 0
5038 2
5039 2
5040 2
5041 2
5042 2
5043 2
5044 3
5045 2
5046 2
5047 3
5048 0
5049 4
5050 2
5051 3
5052 2
5053 2
5054 0
5055 2
5056 2
5057 12
5058 11
5059 11
5060 2
5061 2
5062 3
5063 3
5064 2
5065 2
5066 11
5067 7
5068 2
5069 0
5070 2
5071 2
5072 0
5073 2
5074 3
5075 2
5076 11
5077 0
5078 0
5079 2
5080 3
5081 0
5082 2
5083 0
5084 2
5085 2
5086 2
5087 6
5088 0
5089 2
5090 2
5091 0
5092 0
5093 2
5094 2
5095 0
5096 2
5097 2
5098 0
5099 0
5100 2
5101 3
5102 0
5103 2
5104 2
5105 11
5106 7
5107 2
5108 0
5109 2
5110 2
5111 0
5112 2
5113 7
5114 2
5115 2
5116 0
5117 0
5118 0
5119 2
5120 2
5121 2
5122 2
5123 6
5124 2
5125 2
5126 0
5127 7
5128 0
5129 2
5130 3
5131 3
5132 0
5133 8
5134 2
5135 3
5136 7
5137 11
5138 0
5139 2
5140 0
5141 3
5142 3
5143 3
5144 0
5145 2
5146 2
5147 7
5148 0
5149 2
5150 2
5151 0
5152 2
5153 0
5154 2
5155 0
5156 3
5157 0
5158 2
5159 11
5160 7
5161 3
5162 2
5163 2
5164 2
5165 0
5166 3
5167 3
5168 2
5169 3
5170 2
5171 2
5172 2
5173 7
5174 11
5175 11
5176 2
5177 3
5178 0
5179 2
5180 7
5181 0
5182 0
5183 2
5184 2
5185 0
5186 2
5187 2
5188 0
5189 13
5190 6
5191 3
5192 0
5193 2
5194 2
5195 3
5196 2
5197 2
5198 3
5199 6
5200 2
5201 2
5202 7
5203 2
5204 2
5205 2
5206 3
5207 3
5208 3
5209 2
5210 2
5211 2
5212 2
5213 0
5214 2
5215 2
5216 7
5217 2
5218 0
5219 2
5220 6
5221 2
5222 7
5223 3
5224 2
5225 2
5226 14
5227 14
5228 2
5229 2
5230 3
5231 2
5232 2
5233 0
5234 5
5235 2
5236 2
5237 0
5238 2
5239 2
5240 10
5241 2
5242 2
5243 7
5244 0
5245 2
5246 11
5247 3
5248 0
5249 0
5250 0
5251 2
5252 2
5253 7
5254 2
5255 0
5256 2
5257 2
5258 2
5259 3
5260 2
5261 3
5262 6
5263 2
5264 2
5265 2
5266 2
5267 2
5268 0
5269 0
5270 0
5271 12
5272 12
5273 2
5274 3
5275 8
5276 12
5277 2
5278 6
5279 11
5280 7
5281 11
5282 2
5283 14
5284 11
5285 0
5286 11
5287 2
5288 6
5289 2
5290 12
5291 10
5292 3
5293 6
5294 0
5295 11
5296 7
5297 12
5298 7
5299 7
5300 2
5301 0
5302 12
5303 7
5304 6
5305 11
5306 8
5307 2
5308 2
5309 3
5310 3
5311 7
5312 2
5313 2
5314 6
5315 11
5316 6
5317 10
5318 0
5319 0
5320 0
5321 0
5322 0
5323 2
5324 2
5325 0
5326 0
5327 2
5328 8
5329 2
5330 0
5331 2
5332 11
5333 2
5334 0
5335 8
5336 0
5337 2
5338 0
5339 0
5340 2
5341 0
5342 2
5343 2
5344 0
5345 3
5346 0
5347 7
5348 0
5349 2
5350 8
5351 0
5352 2
5353 0
5354 2
5355 2
5356 2
5357 0
5358 2
5359 2
5360 6
5361 3
5362 0
5363 2
5364 2
5365 0
5366 0
5367 3
5368 0
5369 2
5370 3
5371 2
5372 2
5373 3
5374 2
5375 6
5376 3
5377 3
5378 2
5379 3
5380 2
5381 2
5382 2
5383 0
5384 0
5385 2
5386 8
5387 7
5388 2
5389 0
5390 0
5391 3
5392 2
5393 0
5394 7
5395 2
5396 0
5397 0
5398 2
5399 2
5400 0
5401 2
5402 0
5403 2
5404 2
5405 7
5406 3
5407 0
5408 6
5409 3
5410 7
5411 7
5412 2
5413 0
5414 7
5415 2
5416 2
5417 0
5418 2
5419 2
5420 2
5421 11
5422 3
5423 2
5424 2
5425 2
5426 2
5427 0
5428 2
5429 3
5430 2
5431 3
5432 2
5433 6
5434 2
5435 2
5436 2
5437 3
5438 7
5439 2
5440 2
5441 0
5442 0
5443 0
5444 2
5445 7
5446 0
5447 6
5448 7
5449 2
5450 7
5451 0
5452 2
5453 0
5454 2
5455 0
5456 2
5457 2
5458 0
5459 0
5460 0
5461 2
5462 0
5463 2
5464 2
5465 2
5466 7
5467 0
5468 3
5469 2
5470 3
5471 0
5472 2
5473 0
5474 0
5475 3
5476 3
5477 2
5478 2
5479 0
5480 10
5481 2
5482 3
5483 0
5484 0
5485 0
5486 2
5487 0
5488 0
5489 2
5490 8
5491 0
5492 2
5493 0
5494 0
5495 0
5496 2
5497 3
5498 2
5499 6
5500 2
5501 3
5502 2
5503 2
5504 0
5505 0
5506 2
5507 3
5508 0
5509 2
5510 3
5511 0
5512 0
5513 6
5514 2
5515 2
5516 0
5517 0
5518 2
5519 7
5520 0
5521 2
5522 2
5523 2
5524 3
5525 3
5526 2
5527 3
5528 2
5529 2
5530 2
5531 7
5532 2
5533 0
5534 3
5535 8
5536 2
5537 0
5538 2
5539 0
5540 2
5541 3
5542 0
5543 0
5544 11
5545 2
5546 0
5547 2
5548 0
5549 0
5550 3
5551 7
5552 7
5553 2
5554 0
5555 2
5556 2
5557 3
5558 3
5559 6
5560 2
5561 3
5562 3
5563 2
5564 2
5565 0
5566 2
5567 2
5568 2
5569 0
5570 0
5571 2
5572 0
5573 0
5574 0
5575 3
5576 8
5577 3
5578 2
5579 2
5580 2
5581 0
5582 0
5583 2
5584 11
5585 2
5586 0
5587 2
5588 0
5589 0
5590 2
5591 0
5592 6
5593 7
5594 2
5595 3
5596 2
5597 0
5598 3
5599 2
5600 2
5601 2
5602 0
5603 2
5604 7
5605 2
5606 2
5607 2
5608 2
5609 8
5610 11
5611 2
5612 3
5613 0
5614 2
5615 2
5616 0
5617 2
5618 2
5619 8
5620 8
5621 2
5622 3
5623 7
5624 11
5625 3
5626 2
5627 7
5628 3
5629 2
5630 11
5631 0
5632 2
5633 2
5634 0
5635 2
5636 3
5637 2
5638 6
5639 3
5640 2
5641 2
5642 2
5643 0
5644 2
5645 3
5646 2
5647 2
5648 2
5649 0
5650 0
5651 2
5652 3
5653 2
5654 2
5655 0
5656 0
5657 3
5658 2
5659 0
5660 2
5661 2
5662 8
5663 7
5664 2
5665 7
5666 2
5667 10
5668 2
5669 0
5670 2
5671 3
5672 3
5673 2
5674 2
5675 2
5676 2
5677 3
5678 2
5679 2
5680 6
5681 2
5682 2
5683 2
5684 2
5685 2
5686 3
5687 2
5688 3
5689 0
5690 2
5691 2
5692 8
5693 2
5694 2
5695 3
5696 0
5697 3
5698 2
5699 8
5700 0
5701 2
5702 2
5703 2
5704 2
5705 2
5706 2
5707 2
5708 0
5709 2
5710 0
5711 0
5712 2
5713 0
5714 2
5715 0
5716 0
5717 0
5718 0
5719 2
5720 2
5721 2
5722 2
5723 0
5724 2
5725 2
5726 2
5727 0
5728 0
5729 2
5730 0
5731 2
5732 0
5733 0
5734 2
5735 0
5736 2
5737 6
5738 0
5739 0
5740 2
5741 2
5742 0
5743 0
5744 0
5745 2
5746 0
5747 7
5748 0
5749 0
5750 3
5751 2
5752 3
5753 0
5754 0
5755 0
5756 3
5757 0
5758 2
5759 2
5760 7
5761 0
5762 2
5763 3
5764 0
5765 2
5766 3
5767 3
5768 0
5769 2
5770 6
5771 2
5772 2
5773 2
5774 0
5775 0
5776 8
5777 0
5778 3
5779 2
5780 2
5781 2
5782 0
5783 2
5784 2
5785 0
5786 7
5787 0
5788 2
5789 2
5790 2
5791 2
5792 3
5793 2
5794 0
5795 0
5796 2
5797 3
5798 0
5799 0
5800 0
5801 2
5802 2
5803 0
5804 0
5805 2
5806 0
5807 0
5808 7
5809 0
5810 2
5811 0
5812 2
5813 0
5814 2
5815 2
5816 0
5817 7
5818 7
5819 6
5820 2
5821 2
5822 0
5823 0
5824 0
5825 3
5826 0
5827 0
5828 3
5829 0
5830 2
5831 2
5832 3
5833 2
5834 2
5835 2
5836 0
5837 2
5838 2
5839 3
5840 0
5841 0
5842 0
5843 0
5844 0
5845 0
5846 2
5847 3
5848 2
5849 2
5850 3
5851 3
5852 0
5853 0
5854 2
5855 0
5856 3
5857 0
5858 3
5859 0
5860 2
5861 6
5862 2
5863 2
5864 2
5865 0
5866 2
5867 2
5868 2
5869 0
5870 3
5871 0
5872 2
5873 3
5874 0
5875 0
5876 0
5877 3
5878 0
5879 0
5880 0
5881 2
5882 2
5883 2
5884 2
5885 0
5886 0
5887 2
5888 3
5889 0
5890 2
5891 2
5892 3
5893 0
5894 2
5895 0
5896 0
5897 0
5898 7
5899 2
5900 2
5901 0
5902 0
5903 0
5904 0
5905 2
5906 0
5907 2
5908 2
5909 0
5910 0
5911 7
5912 2
5913 2
5914 3
5915 0
5916 0
5917 2
5918 0
5919 2
5920 0
5921 3
5922 0
5923 8
5924 0
5925 3
5926 2
5927 2
5928 2
5929 7
5930 2
5931 2
5932 0
5933 2
5934 0
5935 2
5936 2
5937 2
5938 2
5939 7
5940 0
5941 2
5942 2
5943 6
5944 0
5945 0
5946 3
5947 0
5948 2
5949 2
5950 0
5951 2
5952 0
5953 2
5954 0
5955 0
5956 2
5957 3
5958 2
5959 2
5960 2
5961 0
5962 7
5963 0
5964 2
5965 2
5966 2
5967 3
5968 0
5969 0
5970 0
5971 3
5972 2
5973 2
5974 6
5975 0
5976 3
5977 0
5978 0
5979 2
5980 2
5981 2
5982 0
5983 2
5984 2
5985 0
5986 0
5987 2
5988 0
5989 2
5990 2
5991 0
5992 0
5993 3
5994 0
5995 2
5996 2
5997 3
5998 2
5999 0
6000 2
6001 0
6002 2
6003 2
6004 3
6005 2
6006 2
6007 2
6008 0
6009 0
6010 2
6011 3
6012 10
6013 2
6014 2
6015 6
6016 3
6017 0
6018 0
6019 2
6020 2
6021 0
6022 0
6023 0
6024 0
6025 0
6026 2
6027 2
6028 2
6029 3
6030 2
6031 3
6032 0
6033 0
6034 2
6035 3
6036 0
6037 7
6038 11
6039 0
6040 2
6041 2
6042 0
6043 3
6044 0
6045 2
6046 0
6047 2
6048 7
6049 2
6050 6
6051 6
6052 8
6053 2
6054 2
6055 0
6056 2
6057 0
6058 2
6059 2
6060 2
6061 7
6062 2
6063 0
6064 3
6065 0
6066 2
6067 0
6068 0
6069 6
6070 0
6071 2
6072 2
6073 2
6074 11
6075 2
6076 0
6077 7
6078 3
6079 2
6080 2
6081 2
6082 0
6083 0
6084 2
6085 2
6086 7
6087 2
6088 2
6089 2
6090 7
6091 2
6092 0
6093 2
6094 0
6095 2
6096 0
6097 2
6098 2
6099 2
6100 2
6101 0
6102 0
6103 2
6104 2
6105 0
6106 2
6107 7
6108 2
6109 0
6110 0
6111 7
6112 2
6113 2
6114 2
6115 0
6116 0
6117 2
6118 2
6119 3
6120 0
6121 0
6122 2
6123 2
6124 0
6125 2
6126 0
6127 7
6128 2
6129 0
6130 2
6131 0
6132 0
6133 3
6134 0
6135 2
6136 2
6137 0
6138 0
6139 2
6140 2
6141 3
6142 2
6143 2
6144 0
6145 0
6146 2
6147 3
6148 2
6149 3
6150 2
6151 2
6152 2
6153 5
6154 0
6155 2
6156 0
6157 2
6158 2
6159 2
6160 3
6161 3
6162 2
6163 2
6164 0
6165 8
6166 2
6167 2
6168 2
6169 0
6170 0
6171 3
6172 0
6173 7
6174 0
6175 3
6176 0
6177 0
6178 6
6179 2
6180 3
6181 2
6182 0
6183 2
6184 2
6185 3
6186 3
6187 2
6188 2
6189 2
6190 6
6191 7
6192 2
6193 2
6194 0
6195 0
6196 0
6197 2
6198 0
6199 0
6200 2
6201 0
6202 0
6203 2
6204 0
6205 11
6206 3
6207 3
6208 2
6209 3
6210 2
6211 2
6212 0
6213 0
6214 0
6215 2
6216 0
6217 0
6218 8
6219 2
6220 0
6221 2
6222 2
6223 2
6224 7
6225 0
6226 2
6227 0
6228 0
6229 0
6230 2
6231 3
6232 2
6233 2
6234 2
6235 2
6236 2
6237 0
6238 0
6239 2
6240 2
6241 0
6242 0
6243 0
6244 2
6245 0
6246 3
6247 8
6248 2
6249 0
6250 2
6251 0
6252 2
6253 0
6254 3
6255 0
6256 0
6257 6
6258 2
6259 0
6260 0
6261 0
6262 2
6263 2
6264 0
6265 2
6266 0
6267 0
6268 2
6269 3
6270 0
6271 7
6272 0
6273 2
6274 3
6275 0
6276 0
6277 2
6278 0
6279 7
6280 0
6281 2
6282 2
6283 0
6284 2
6285 0
6286 2
6287 2
6288 7
6289 2
6290 2
6291 2
6292 2
6293 2
6294 2
6295 0
6296 2
6297 0
6298 0
6299 2
6300 0
6301 2
6302 8
6303 7
6304 0
6305 2
6306 0
6307 2
6308 3
6309 7
6310 0
6311 2
6312 2
6313 0
6314 2
6315 0
6316 0
6317 3
6318 2
6319 3
6320 0
6321 0
6322 0
6323 2
6324 2
6325 3
6326 0
6327 2
6328 3
6329 2
6330 0
6331 2
6332 0
6333 0
6334 2
6335 3
6336 3
6337 0
6338 2
6339 0
6340 0
6341 0
6342 0
6343 2
6344 0
6345 2
6346 2
6347 2
6348 2
6349 2
6350 0
6351 2
6352 0
6353 2
6354 2
6355 2
6356 3
6357 0
6358 0
6359 0
6360 0
6361 0
6362 7
6363 3
6364 2
6365 0
6366 2
6367 2
6368 0
6369 0
6370 0
6371 0
6372 2
6373 2
6374 2
6375 0
6376 11
6377 2
6378 0
6379 14
6380 0
6381 0
6382 2
6383 2
6384 2
6385 8
6386 2
6387 2
6388 2
6389 2
6390 6
6391 0
6392 8
6393 2
6394 7
6395 13
6396 0
6397 2
6398 0
6399 2
6400 2
6401 3
6402 0
6403 0
6404 0
6405 0
6406 2
6407 2
6408 2
6409 3
6410 0
6411 2
6412 0
6413 7
6414 2
6415 3
6416 3
6417 7
6418 0
6419 2
6420 2
6421 7
6422 2
6423 2
6424 2
6425 3
6426 2
6427 0
6428 0
6429 2
6430 3
6431 2
6432 2
6433 0
6434 2
6435 0
6436 0
6437 2
6438 0
6439 2
6440 2
6441 0
6442 0
6443 0
6444 0
6445 0
6446 0
6447 0
6448 0
6449 2
6450 3
6451 0
6452 0
6453 0
6454 0
6455 0
6456 2
6457 3
6458 0
6459 2
6460 0
6461 3
6462 2
6463 3
6464 3
6465 3
6466 2
6467 0
6468 2
6469 0
6470 0
6471 2
6472 3
6473 2
6474 0
6475 0
6476 11
6477 2
6478 0
6479 3
6480 7
6481 0
6482 2
6483 2
6484 2
6485 2
6486 2
6487 2
6488 7
6489 2
6490 2
6491 2
6492 2
6493 2
6494 2
6495 0
6496 3
6497 3
6498 0
6499 7
6500 2
6501 0
6502 0
6503 8
6504 3
6505 2
6506 2
6507 0
6508 7
6509 0
6510 7
6511 0
6512 0
6513 2
6514 3
6515 11
6516 2
6517 2
6518 2
6519 0
6520 2
6521 0
6522 0
6523 3
6524 2
6525 2
6526 2
6527 2
6528 2
6529 3
6530 2
6531 0
6532 2
6533 2
6534 0
6535 2
6536 2
6537 2
6538 7
6539 2
6540 2
6541 8
6542 3
6543 3
6544 0
6545 3
6546 3
6547 11
6548 0
6549 2
6550 3
6551 0
6552 2
6553 2
6554 2
6555 3
6556 2
6557 0
6558 0
6559 0
6560 2
6561 0
6562 2
6563 0
6564 2
6565 2
6566 0
6567 0
6568 2
6569 0
6570 0
6571 3
6572 0
6573 2
6574 0
6575 2
6576 2
6577 0
6578 6
6579 0
6580 2
6581 0
6582 2
6583 2
6584 3
6585 2
6586 3
6587 2
6588 8
6589 10
6590 0
6591 7
6592 0
6593 0
6594 0
6595 7
6596 2
6597 2
6598 2
6599 11
6600 2
6601 2
6602 0
6603 0
6604 2
6605 2
6606 0
6607 2
6608 2
6609 0
6610 3
6611 0
6612 6
6613 0
6614 0
6615 2
6616 0
6617 0
6618 2
6619 0
6620 2
6621 0
6622 3
6623 2
6624 2
6625 2
6626 0
6627 0
6628 3
6629 2
6630 2
6631 0
6632 2
6633 0
6634 0
6635 0
6636 2
6637 2
6638 2
6639 2
6640 2
6641 2
6642 0
6643 2
6644 2
6645 2
6646 0
6647 14
6648 2
6649 3
6650 0
6651 0
6652 2
6653 2
6654 2
6655 3
6656 6
6657 7
6658 7
6659 7
6660 3
6661 3
6662 2
6663 2
6664 2
6665 0
6666 0
6667 11
6668 2
6669 6
6670 3
6671 2
6672 2
6673 2
6674 2
6675 6
6676 0
6677 7
6678 2
6679 2
6680 2
6681 7
6682 0
6683 0
6684 3
6685 0
6686 0
6687 0
6688 2
6689 6
6690 7
6691 0
6692 3
6693 2
6694 3
6695 2
6696 0
6697 2
6698 3
6699 2
6700 0
6701 2
6702 0
6703 0
6704 0
6705 0
6706 2
6707 3
6708 3
6709 2
6710 2
6711 0
6712 7
6713 8
6714 0
6715 6
6716 0
6717 2
6718 2
6719 7
6720 11
6721 0
6722 3
6723 2
6724 2
6725 2
6726 2
6727 0
6728 2
6729 2
6730 2
6731 0
6732 2
6733 0
6734 0
6735 0
6736 2
6737 3
6738 0
6739 0
6740 2
6741 2
6742 8
6743 2
6744 2
6745 0
6746 2
6747 2
6748 0
6749 0
6750 0
6751 2
6752 0
6753 6
6754 0
6755 2
6756 2
6757 6
6758 0
6759 0
6760 0
6761 7
6762 0
6763 0
6764 0
6765 0
6766 7
6767 2
6768 0
6769 2
6770 0
6771 2
6772 2
6773 0
6774 0
6775 0
6776 0
6777 0
6778 0
6779 2
6780 7
6781 2
6782 0
6783 0
6784 7
6785 7
6786 0
6787 2
6788 0
6789 0
6790 0
6791 0
6792 0
6793 0
6794 2
6795 3
6796 2
6797 3
6798 0
6799 2
6800 0
6801 0
6802 0
6803 0
6804 2
6805 2
6806 11
6807 0
6808 2
6809 0
6810 0
6811 0
6812 0
6813 0
6814 0
6815 0
6816 2
6817 2
6818 0
6819 3
6820 0
6821 3
6822 0
6823 2
6824 0
6825 0
6826 0
6827 0
6828 0
6829 2
6830 2
6831 0
6832 0
6833 0
6834 0
6835 2
6836 2
6837 3
6838 0
6839 0
6840 0
6841 0
6842 2
6843 6
6844 0
6845 0
6846 0
6847 0
6848 0
6849 0
6850 2
6851 2
6852 3
6853 0
6854 0
6855 0
6856 0
6857 2
6858 2
6859 2
6860 0
6861 0
6862 2
6863 0
6864 0
6865 2
6866 7
6867 7
6868 14
6869 0
6870 2
6871 2
6872 2
6873 0
6874 7
6875 2
6876 2
6877 0
6878 0
6879 2
6880 2
6881 0
6882 2
6883 3
6884 2
6885 2
6886 0
6887 0
6888 2
6889 0
6890 2
6891 2
6892 0
6893 2
6894 2
6895 0
6896 2
6897 2
6898 0
6899 0
6900 2
6901 0
6902 0
6903 0
6904 0
6905 3
6906 2
6907 2
6908 8
6909 6
6910 0
6911 2
6912 0
6913 2
6914 10
6915 2
6916 0
6917 3
6918 6
6919 8
6920 2
6921 0
6922 7
6923 2
6924 6
6925 11
6926 6
6927 6
6928 2
6929 2
6930 0
6931 2
6932 7
6933 2
6934 2
6935 2
6936 2
6937 2
6938 0
6939 2
6940 2
6941 2
6942 3
6943 7
6944 7
6945 3
6946 0
6947 0
6948 3
6949 2
6950 2
6951 2
6952 0
6953 3
6954 2
6955 7
6956 0
6957 6
6958 0
6959 2
6960 3
6961 2
6962 2
6963 2
6964 0
6965 2
6966 3
6967 0
6968 2
6969 7
6970 2
6971 6
6972 0
6973 7
6974 0
6975 2
6976 0
6977 2
6978 0
6979 0
6980 2
6981 2
6982 3
6983 3
6984 0
6985 0
6986 0
6987 3
6988 3
6989 2
6990 6
6991 2
6992 2
6993 2
6994 7
6995 2
6996 11
6997 2
6998 0
6999 0
7000 2
7001 2
7002 2
7003 0
7004 2
7005 11
7006 2
7007 3
7008 0
7009 2
7010 0
7011 6
7012 2
7013 0
7014 2
7015 6
7016 2
7017 2
7018 6
7019 0
7020 2
7021 2
7022 2
7023 0
7024 2
7025 2
7026 2
7027 3
7028 0
7029 0
7030 0
7031 7
7032 2
7033 6
7034 2
7035 2
7036 3
7037 11
7038 2
7039 0
7040 0
7041 2
7042 0
7043 0
7044 3
7045 6
7046 5
7047 2
7048 2
7049 2
7050 0
7051 11
7052 2
7053 7
7054 0
7055 2
7056 6
7057 0
7058 12
7059 2
7060 0
7061 2
7062 0
7063 2
7064 2
7065 2
7066 7
7067 2
7068 2
7069 2
7070 0
7071 7
7072 0
7073 2
7074 0
7075 0
7076 0
7077 0
7078 2
7079 0
7080 0
7081 6
7082 0
7083 0
7084 0
7085 0
7086 11
7087 2
7088 0
7089 0
7090 0
7091 0
7092 0
7093 2
7094 0
7095 0
7096 2
7097 2
7098 2
7099 0
7100 7
7101 2
7102 2
7103 0
7104 2
7105 8
7106 0
7107 9
7108 2
7109 6
7110 11
7111 2
7112 0
7113 0
7114 0
7115 0
7116 2
7117 0
7118 0
7119 0
7120 0
7121 0
7122 0
7123 3
7124 2
7125 2
7126 0
7127 2
7128 7
7129 14
7130 2
7131 2
7132 2
7133 3
7134 2
7135 2
7136 2
7137 0
7138 2
7139 14
7140 7
7141 0
7142 2
7143 2
7144 0
7145 0
7146 0
7147 0
7148 2
7149 2
7150 0
7151 0
7152 2
7153 2
7154 12
7155 2
7156 2
7157 3
7158 7
7159 2
7160 7
7161 2
7162 2
7163 2
7164 2
7165 0
7166 2
7167 7
7168 2
7169 6
7170 2
7171 2
7172 7
7173 2
7174 0
7175 0
7176 3
7177 2
7178 0
7179 0
7180 2
7181 0
7182 0
7183 0
7184 0
7185 0
7186 11
7187 0
7188 0
7189 0
7190 0
7191 7
7192 7
7193 2
7194 8
7195 0
7196 0
7197 0
7198 0
7199 0
7200 0
7201 2
7202 0
7203 0
7204 0
7205 0
7206 6
7207 0
7208 0
7209 2
7210 0
7211 2
7212 2
7213 0
7214 7
7215 2
7216 3
7217 0
7218 0
7219 7
7220 0
7221 2
7222 2
7223 0
7224 0
7225 2
7226 3
7227 11
7228 3
7229 3
7230 0
7231 11
7232 2
7233 0
7234 0
7235 0
7236 2
7237 3
7238 2
7239 3
7240 0
7241 7
7242 0
7243 2
7244 0
7245 2
7246 0
7247 0
7248 0
7249 0
7250 7
7251 0
7252 0
7253 0
7254 2
7255 0
7256 2
7257 2
7258 2
7259 2
7260 2
7261 2
7262 3
7263 0
7264 2
7265 0
7266 2
7267 0
7268 0
7269 2
7270 7
7271 0
7272 2
7273 7
7274 0
7275 2
7276 0
7277 8
7278 0
7279 0
7280 8
7281 2
7282 0
7283 2
7284 0
7285 2
7286 2
7287 2
7288 2
7289 3
7290 0
7291 2
7292 2
7293 0
7294 3
7295 2
7296 2
7297 0
7298 8
7299 2
7300 3
7301 2
7302 2
7303 2
7304 6
7305 2
7306 2
7307 2
7308 2
7309 2
7310 2
7311 2
7312 2
7313 2
7314 2
7315 2
7316 7
7317 0
7318 2
7319 0
7320 2
7321 2
7322 0
7323 2
7324 2
7325 0
7326 3
7327 2
7328 0
7329 0
7330 2
7331 0
7332 0
7333 0
7334 3
7335 0
7336 2
7337 0
7338 2
7339 0
7340 0
7341 2
7342 2
7343 0
7344 0
7345 0
7346 2
7347 0
7348 0
7349 0
7350 0
7351 7
7352 11
7353 0
7354 2
7355 2
7356 0
7357 2
7358 2
7359 0
7360 2
7361 3
7362 0
7363 0
7364 0
7365 0
7366 0
7367 0
7368 0
7369 0
7370 0
7371 7
7372 2
7373 2
7374 0
7375 0
7376 2
7377 0
7378 0
7379 3
7380 2
7381 2
7382 3
7383 0
7384 0
7385 2
7386 7
7387 0
7388 7
7389 0
7390 2
7391 2
7392 0
7393 0
7394 2
7395 7
7396 2
7397 2
7398 0
7399 2
7400 2
7401 8
7402 0
7403 2
7404 0
7405 3
7406 7
7407 0
7408 3
7409 0
7410 7
7411 2
7412 2
7413 0
7414 0
7415 0
7416 2
7417 2
7418 2
7419 0
7420 2
7421 0
7422 2
7423 2
7424 3
7425 0
7426 0
7427 0
7428 2
7429 2
7430 2
7431 0
7432 7
7433 7
7434 3
7435 2
7436 2
7437 2
7438 2
7439 10
7440 8
7441 2
7442 0
7443 0
7444 0
7445 2
7446 0
7447 2
7448 3
7449 2
7450 0
7451 7
7452 2
7453 0
7454 0
7455 2
7456 3
7457 0
7458 2
7459 2
7460 2
7461 3
7462 4
7463 7
7464 0
7465 3
7466 0
7467 0
7468 0
7469 2
7470 3
7471 2
7472 0
7473 5
7474 3
7475 2
7476 3
7477 2
7478 0
7479 0
7480 0
7481 0
7482 2
7483 2
7484 2
7485 2
7486 2
7487 2
7488 7
7489 2
7490 0
7491 2
7492 3
7493 0
7494 0
7495 3
7496 2
7497 2
7498 0
7499 3
7500 3
7501 2
7502 2
7503 0
7504 3
7505 0
7506 2
7507 2
7508 0
7509 0
7510 0
7511 3
7512 2
7513 3
7514 3
7515 0
7516 11
7517 2
7518 0
7519 0
7520 6
7521 11
7522 2
7523 2
7524 7
7525 0
7526 2
7527 2
7528 3
7529 0
7530 0
7531 0
7532 3
7533 7
7534 2
7535 0
7536 0
7537 3
7538 0
7539 2
7540 0
7541 0
7542 0
7543 0
7544 7
7545 2
7546 7
7547 0
7548 2
7549 0
7550 0
7551 2
7552 7
7553 2
7554 8
7555 12
7556 2
7557 0
7558 0
7559 2
7560 2
7561 0
7562 0
7563 2
7564 0
7565 2
7566 2
7567 0
7568 2
7569 7
7570 0
7571 2
7572 3
7573 0
7574 2
7575 2
7576 0
7577 3
7578 0
7579 0
7580 3
7581 0
7582 2
7583 2
7584 2
7585 2
7586 2
7587 2
7588 2
7589 0
7590 2
7591 2
7592 0
7593 0
7594 7
7595 0
7596 2
7597 0
7598 2
7599 3
7600 2
7601 7
7602 0
7603 0
7604 0
7605 2
7606 0
7607 0
7608 11
7609 0
7610 7
7611 0
7612 2
7613 2
7614 0
7615 6
7616 2
7617 2
7618 7
7619 0
7620 3
7621 0
7622 0
7623 2
7624 2
7625 2
7626 2
7627 0
7628 2
7629 3
7630 11
7631 0
7632 0
7633 3
7634 2
7635 0
7636 2
7637 2
7638 2
7639 2
7640 2
7641 0
7642 0
7643 0
7644 2
7645 0
7646 2
7647 7
7648 0
7649 3
7650 2
7651 2
7652 2
7653 7
7654 2
7655 0
7656 0
7657 2
7658 2
7659 7
7660 2
7661 8
7662 0
7663 2
7664 7
7665 3
7666 2
7667 0
7668 0
7669 2
7670 2
7671 7
7672 0
7673 2
7674 2
7675 0
7676 0
7677 8
7678 0
7679 3
7680 2
7681 0
7682 0
7683 0
7684 2
7685 0
7686 0
7687 2
7688 0
7689 0
7690 3
7691 0
7692 7
7693 2
7694 2
7695 7
7696 0
7697 2
7698 2
7699 0
7700 2
7701 0
7702 2
7703 2
7704 0
7705 3
7706 3
7707 0
7708 2
7709 0
7710 0
7711 0
7712 0
7713 2
7714 0
7715 2
7716 2
7717 7
7718 2
7719 0
7720 0
7721 2
7722 0
7723 2
7724 0
7725 8
7726 0
7727 0
7728 2
7729 3
7730 2
7731 0
7732 0
7733 0
7734 2
7735 0
7736 0
7737 0
7738 0
7739 0
7740 2
7741 2
7742 11
7743 2
7744 2
7745 0
7746 2
7747 0
7748 11
7749 0
7750 3
7751 2
7752 2
7753 0
7754 2
7755 2
7756 0
7757 0
7758 2
7759 2
7760 0
7761 2
7762 2
7763 0
7764 2
7765 7
7766 2
7767 0
7768 2
7769 0
7770 6
7771 0
7772 2
7773 0
7774 0
7775 2
7776 0
7777 2
7778 2
7779 0
7780 0
7781 6
7782 0
7783 7
7784 0
7785 0
7786 0
7787 2
7788 7
7789 0
7790 3
7791 0
7792 0
7793 2
7794 2
7795 0
7796 0
7797 0
7798 2
7799 2
7800 2
7801 0
7802 2
7803 0
7804 2
7805 2
7806 0
7807 0
7808 0
7809 0
7810 0
7811 2
7812 11
7813 0
7814 0
7815 2
7816 2
7817 0
7818 0
7819 2
7820 0
7821 6
7822 2
7823 0
7824 0
7825 2
7826 0
7827 2
7828 0
7829 3
7830 0
7831 3
7832 2
7833 2
7834 2
7835 2
7836 2
7837 2
7838 2
7839 3
7840 2
7841 2
7842 2
7843 0
7844 2
7845 7
7846 0
7847 0
7848 0
7849 2
7850 0
7851 2
7852 2
7853 2
7854 3
7855 0
7856 0
7857 0
7858 3
7859 2
7860 3
7861 0
7862 7
7863 0
7864 2
7865 0
7866 0
7867 0
7868 0
7869 6
7870 0
7871 2
7872 0
7873 2
7874 7
7875 0
7876 0
7877 2
7878 0
7879 0
7880 0
7881 2
7882 3
7883 2
7884 0
7885 0
7886 0
7887 11
7888 2
7889 2
7890 2
7891 0
7892 2
7893 0
7894 0
7895 0
7896 0
7897 2
7898 0
7899 2
7900 0
7901 2
7902 0
7903 3
7904 2
7905 2
7906 3
7907 0
7908 2
7909 2
7910 2
7911 2
7912 0
7913 2
7914 2
7915 0
7916 0
7917 3
7918 0
7919 0
7920 2
7921 2
7922 0
7923 0
7924 0
7925 3
7926 2
7927 7
7928 2
7929 0
7930 0
7931 0
7932 2
7933 0
7934 0
7935 0
7936 2
7937 6
7938 0
7939 3
7940 8
7941 2
7942 2
7943 0
7944 0
7945 2
7946 0
7947 7
7948 2
7949 2
7950 2
7951 0
7952 0
7953 2
7954 2
7955 2
7956 0
7957 2
7958 0
7959 3
7960 2
7961 11
7962 0
7963 2
7964 0
7965 2
7966 2
7967 2
7968 2
7969 2
7970 0
7971 0
7972 2
7973 2
7974 0
7975 0
7976 0
7977 2
7978 2
7979 2
7980 0
7981 2
7982 3
7983 8
7984 2
7985 0
7986 8
7987 0
7988 2
7989 0
7990 2
7991 2
7992 2
7993 2
7994 0
7995 2
7996 8
7997 2
7998 2
7999 2
8000 0
8001 2
8002 2
8003 3
8004 2
8005 6
8006 0
8007 0
8008 0
8009 0
8010 3
8011 2
8012 0
8013 3
8014 3
8015 0
8016 0
8017 2
8018 2
8019 0
8020 0
8021 11
8022 2
8023 3
8024 0
8025 2
8026 3
8027 2
8028 2
8029 3
8030 0
8031 0
8032 7
8033 2
8034 0
8035 7
8036 2
8037 0
8038 0
8039 2
8040 2
8041 3
8042 0
8043 2
8044 0
8045 0
8046 2
8047 0
8048 7
8049 2
8050 0
8051 0
8052 2
8053 3
8054 0
8055 2
8056 0
8057 2
8058 0
8059 2
8060 0
8061 0
8062 3
8063 2
8064 0
8065 0
8066 0
8067 11
8068 0
8069 2
8070 0
8071 0
8072 0
8073 2
8074 11
8075 0
8076 0
8077 0
8078 3
8079 3
8080 2
8081 0
8082 3
8083 2
8084 0
8085 0
8086 0
8087 2
8088 2
8089 0
8090 0
8091 2
8092 2
8093 0
8094 7
8095 0
8096 6
8097 2
8098 0
8099 0
8100 2
8101 0
8102 0
8103 0
8104 0
8105 0
8106 0
8107 0
8108 8
8109 0
8110 2
8111 2
8112 3
8113 0
8114 2
8115 2
8116 0
8117 2
8118 0
8119 2
8120 0
8121 8
8122 0
8123 3
8124 2
8125 2
8126 2
8127 0
8128 2
8129 2
8130 0
8131 2
8132 5
8133 2
8134 0
8135 0
8136 0
8137 2
8138 2
8139 2
8140 2
8141 0
8142 0
8143 0
8144 0
8145 0
8146 0
8147 0
8148 2
8149 2
8150 3
8151 2
8152 8
8153 2
8154 2
8155 0
8156 0
8157 2
8158 7
8159 2
8160 2
8161 2
8162 6
8163 0
8164 0
8165 0
8166 0
8167 0
8168 3
8169 0
8170 0
8171 0
8172 0
8173 0
8174 0
8175 2
8176 0
8177 0
8178 0
8179 0
8180 3
8181 0
8182 2
8183 0
8184 0
8185 2
8186 6
8187 0
8188 0
8189 2
8190 2
8191 2
8192 2
8193 0
8194 0
8195 0
8196 0
8197 2
8198 0
8199 2
8200 0
8201 0
8202 2
8203 0
8204 2
8205 0
8206 0
8207 0
8208 2
8209 6
8210 3
8211 7
8212 6
8213 0
8214 0
8215 0
8216 0
8217 7
8218 2
8219 0
8220 2
8221 2
8222 2
8223 0
8224 2
8225 0
8226 0
8227 0
8228 2
8229 11
8230 2
8231 0
8232 0
8233 0
8234 2
8235 6
8236 3
8237 0
8238 6
8239 0
8240 0
8241 2
8242 2
8243 2
8244 0
8245 2
8246 2
8247 0
8248 0
8249 0
8250 2
8251 0
8252 0
8253 0
8254 3
8255 0
8256 2
8257 0
8258 0
8259 0
8260 0
8261 2
8262 2
8263 0
8264 3
8265 2
8266 3
8267 2
8268 2
8269 0
8270 0
8271 0
8272 14
8273 2
8274 0
8275 2
8276 0
8277 11
8278 2
8279 0
8280 2
8281 2
8282 7
8283 2
8284 2
8285 3
8286 2
8287 2
8288 2
8289 2
8290 2
8291 0
8292 0
8293 2
8294 0
8295 3
8296 0
8297 2
8298 2
8299 8
8300 0
8301 2
8302 2
8303 2
8304 0
8305 3
8306 3
8307 2
8308 0
8309 11
8310 0
8311 0
8312 3
8313 2
8314 0
8315 0
8316 0
8317 2
8318 2
8319 0
8320 0
8321 2
8322 0
8323 0
8324 2
8325 0
8326 0
8327 2
8328 2
8329 2
8330 0
8331 8
8332 0
8333 2
8334 2
8335 2
8336 2
8337 2
8338 2
8339 0
8340 0
8341 0
8342 2
8343 0
8344 2
8345 0
8346 6
8347 0
8348 2
8349 2
8350 2
8351 2
8352 2
8353 0
8354 0
8355 2
8356 2
8357 0
8358 2
8359 2
8360 0
8361 0
8362 3
8363 3
8364 2
8365 2
8366 0
8367 0
8368 0
8369 0
8370 2
8371 6
8372 0
8373 0
8374 0
8375 7
8376 3
8377 11
8378 11
8379 0
8380 0
8381 2
8382 2
8383 2
8384 2
8385 2
8386 7
8387 0
8388 0
8389 0
8390 2
8391 0
8392 2
8393 0
8394 11
8395 2
8396 0
8397 11
8398 0
8399 2
8400 8
8401 6
8402 0
8403 2
8404 7
8405 3
8406 0
8407 3
8408 0
8409 0
8410 0
8411 2
8412 3
8413 0
8414 2
8415 6
8416 2
8417 0
8418 7
8419 2
8420 2
8421 0
8422 2
8423 2
8424 2
8425 2
8426 0
8427 0
8428 3
8429 2
8430 3
8431 8
8432 2
8433 6
8434 0
8435 0
8436 0
8437 2
8438 0
8439 6
8440 2
8441 3
8442 2
8443 0
8444 2
8445 2
8446 3
8447 6
8448 2
8449 0
8450 0
8451 2
8452 3
8453 3
8454 3
8455 2
8456 0
8457 0
8458 0
8459 0
8460 0
8461 13
8462 2
8463 0
8464 0
8465 0
8466 0
8467 0
8468 0
8469 0
8470 0
8471 0
8472 0
8473 2
8474 3
8475 2
8476 8
8477 6
8478 0
8479 0
8480 0
8481 0
8482 8
8483 3
8484 2
8485 3
8486 0
8487 3
8488 0
8489 0
8490 2
8491 2
8492 2
8493 8
8494 6
8495 2
8496 6
8497 0
8498 0
8499 2
8500 3
8501 2
8502 0
8503 0
8504 2
8505 2
8506 2
8507 2
8508 2
8509 3
8510 0
8511 7
8512 2
8513 0
8514 2
8515 0
8516 7
8517 2
8518 2
8519 7
8520 2
8521 0
8522 2
8523 2
8524 2
8525 2
8526 0
8527 0
8528 2
8529 2
8530 2
8531 3
8532 6
8533 2
8534 0
8535 0
8536 0
8537 2
8538 0
8539 0
8540 2
8541 2
8542 0
8543 0
8544 2
8545 3
8546 2
8547 0
8548 3
8549 7
8550 2
8551 0
8552 2
8553 0
8554 2
8555 2
8556 0
8557 2
8558 7
8559 2
8560 2
8561 0
8562 2
8563 2
8564 0
8565 2
8566 11
8567 2
8568 0
8569 0
8570 0
8571 2
8572 2
8573 0
8574 2
8575 0
8576 0
8577 0
8578 7
8579 0
8580 2
8581 0
8582 0
8583 3
8584 2
8585 7
8586 0
8587 0
8588 0
8589 2
8590 0
8591 0
8592 2
8593 7
8594 2
8595 0
8596 2
8597 0
8598 0
8599 0
8600 0
8601 0
8602 2
8603 2
8604 2
8605 0
8606 0
8607 0
8608 8
8609 6
8610 2
8611 2
8612 2
8613 0
8614 2
8615 2
8616 7
8617 2
8618 0
8619 2
8620 0
8621 3
8622 0
8623 0
8624 0
8625 2
8626 0
8627 0
8628 0
8629 2
8630 0
8631 2
8632 2
8633 2
8634 2
8635 2
8636 2
8637 2
8638 2
8639 2
8640 2
8641 0
8642 3
8643 2
8644 2
8645 0
8646 2
8647 0
8648 0
8649 2
8650 0
8651 2
8652 3
8653 0
8654 2
8655 0
8656 2
8657 0
8658 0
8659 2
8660 2
8661 2
8662 0
8663 10
8664 8
8665 0
8666 3
8667 2
8668 0
8669 0
8670 2
8671 2
8672 0
8673 6
8674 2
8675 0
8676 2
8677 2
8678 0
8679 3
8680 0
8681 8
8682 2
8683 0
8684 0
8685 2
8686 0
8687 0
8688 2
8689 0
8690 0
8691 0
8692 2
8693 0
8694 0
8695 0
8696 0
8697 2
8698 0
8699 0
8700 0
8701 3
8702 8
8703 0
8704 2
8705 3
8706 3
8707 0
8708 0
8709 2
8710 0
8711 0
8712 3
8713 0
8714 2
8715 7
8716 0
8717 0
8718 0
8719 7
8720 0
8721 2
8722 2
8723 8
8724 2
8725 2
8726 3
8727 0
8728 0
8729 0
8730 0
8731 0
8732 0
8733 0
8734 0
8735 0
8736 0
8737 0
8738 0
8739 0
8740 0
8741 0
8742 0
8743 0
8744 0
8745 0
8746 0
8747 0
8748 0
8749 0
8750 0
8751 0
8752 0
8753 0
8754 0
8755 0
8756 0
8757 0
8758 2
8759 2
8760 3
8761 2
8762 2
8763 11
8764 2
8765 2
8766 8
8767 0
8768 2
8769 0
8770 6
8771 0
8772 0
8773 0
8774 0
8775 2
8776 2
8777 0
8778 6
8779 0
8780 2
8781 2
8782 8
8783 11
8784 2
8785 2
8786 2
8787 2
8788 2
8789 14
8790 2
8791 8
8792 2
8793 12
8794 7
8795 8
8796 3
8797 14
8798 9
8799 0
8800 3
8801 2
8802 4
8803 7
8804 2
8805 2
8806 0
8807 2
8808 2
8809 2
8810 2
8811 2
8812 2
8813 10
8814 10
8815 0
8816 7
8817 2
8818 3
8819 0
8820 0
8821 2
8822 3
8823 2
8824 3
8825 2
8826 0
8827 0
8828 2
8829 10
8830 0
8831 6
8832 2
8833 3
8834 7
8835 0
8836 6
8837 2
8838 2
8839 2
8840 2
8841 2
8842 0
8843 2
8844 6
8845 0
8846 0
8847 2
8848 2
8849 2
8850 2
8851 11
8852 7
8853 0
8854 8
8855 0
8856 0
8857 2
8858 8
8859 6
8860 2
8861 0
8862 2
8863 6
8864 11
8865 0
8866 7
8867 0
8868 6
8869 0
8870 6
8871 0
8872 2
8873 2
8874 11
8875 2
8876 2
8877 0
8878 2
8879 2
8880 2
8881 7
8882 8
8883 0
8884 2
8885 2
8886 2
8887 2
8888 0
8889 2
8890 2
8891 2
8892 2
8893 0
8894 3
8895 7
8896 3
8897 3
8898 2
8899 8
8900 3
8901 3
8902 0
8903 2
8904 2
8905 0
8906 2
8907 2
8908 0
8909 2
8910 0
8911 0
8912 0
8913 3
8914 3
8915 2
8916 2
8917 2
8918 2
8919 2
8920 2
8921 0
8922 2
8923 2
8924 3
8925 0
8926 7
8927 2
8928 2
8929 0
8930 3
8931 0
8932 0
8933 2
8934 11
8935 2
8936 2
8937 0
8938 2
8939 2
8940 3
8941 2
8942 0
8943 0
8944 2
8945 2
8946 0
8947 3
8948 0
8949 0
8950 2
8951 0
8952 0
8953 0
8954 7
8955 0
8956 0
8957 0
8958 2
8959 0
8960 2
8961 2
8962 0
8963 0
8964 2
8965 0
8966 6
8967 7
8968 2
8969 3
8970 2
8971 2
8972 2
8973 0
8974 0
8975 2
8976 0
8977 2
8978 2
8979 6
8980 0
8981 0
8982 0
8983 2
8984 3
8985 6
8986 0
8987 8
8988 0
8989 2
8990 3
8991 2
8992 3
8993 2
8994 2
8995 2
8996 2
8997 6
8998 11
8999 0
9000 2
9001 8
9002 0
9003 2
9004 0
9005 2
9006 2
9007 2
9008 2
9009 8
9010 0
9011 7
9012 0
9013 0
9014 0
9015 0
9016 7
9017 6
9018 0
9019 0
9020 2
9021 0
9022 0
9023 0
9024 0
9025 7
9026 0
9027 6
9028 2
9029 7
9030 3
9031 0
9032 0
9033 2
9034 2
9035 0
9036 2
9037 8
9038 2
9039 3
9040 0
9041 0
9042 0
9043 2
9044 2
9045 2
9046 2
9047 2
9048 2
9049 0
9050 2
9051 0
9052 0
9053 0
9054 2
9055 2
9056 0
9057 0
9058 2
9059 2
9060 2
9061 2
9062 11
9063 0
9064 0
9065 11
9066 0
9067 0
9068 0
9069 2
9070 2
9071 3
9072 3
9073 6
9074 7
9075 3
9076 0
9077 14
9078 0
9079 0
9080 0
9081 2
9082 2
9083 0
9084 2
9085 0
9086 2
9087 2
9088 0
9089 2
9090 2
9091 2
9092 0
9093 7
9094 10
9095 6
9096 6
9097 0
9098 2
9099 8
9100 2
9101 0
9102 3
9103 2
9104 0
9105 7
9106 2
9107 2
9108 11
9109 6
9110 2
9111 2
9112 7
9113 2
9114 2
9115 0
9116 2
9117 2
9118 0
9119 2
9120 3
9121 2
9122 14
9123 7
9124 2
9125 0
9126 2
9127 2
9128 2
9129 0
9130 2
9131 7
9132 7
9133 11
9134 2
9135 0
9136 6
9137 0
9138 2
9139 0
9140 0
9141 0
9142 2
9143 6
9144 0
9145 8
9146 0
9147 7
9148 0
9149 0
9150 2
9151 2
9152 2
9153 0
9154 0
9155 6
9156 0
9157 2
9158 2
9159 3
9160 11
9161 2
9162 0
9163 2
9164 2
9165 2
9166 0
9167 0
9168 2
9169 2
9170 3
9171 0
9172 2
9173 2
9174 2
9175 2
9176 0
9177 3
9178 3
9179 8
9180 3
9181 3
9182 7
9183 7
9184 2
9185 2
9186 7
9187 2
9188 2
9189 7
9190 2
9191 2
9192 3
9193 0
9194 0
9195 0
9196 6
9197 2
9198 6
9199 0
9200 2
9201 2
9202 0
9203 0
9204 7
9205 0
9206 0
9207 2
9208 0
9209 14
9210 0
9211 2
9212 13
9213 0
9214 7
9215 11
9216 2
9217 0
9218 0
9219 0
9220 0
9221 0
9222 2
9223 0
9224 13
9225 6
9226 11
9227 0
9228 2
9229 2
9230 0
9231 2
9232 0
9233 2
9234 0
9235 0
9236 6
9237 7
9238 3
9239 0
9240 0
9241 0
9242 0
9243 11
9244 2
9245 2
9246 6
9247 0
9248 2
9249 2
9250 2
9251 2
9252 0
9253 0
9254 0
9255 0
9256 0
9257 2
9258 0
9259 8
9260 2
9261 0
9262 3
9263 2
9264 0
9265 7
9266 0
9267 0
9268 2
9269 0
9270 6
9271 0
9272 0
9273 2
9274 2
9275 0
9276 2
9277 0
9278 0
9279 0
9280 0
9281 0
9282 0
9283 0
9284 2
9285 2
9286 2
9287 2
9288 3
9289 0
9290 3
9291 3
9292 0
9293 0
9294 2
9295 0
9296 2
9297 2
9298 7
9299 0
9300 0
9301 0
9302 0
9303 0
9304 2
9305 0
9306 3
9307 2
9308 0
9309 0
9310 2
9311 0
9312 0
9313 0
9314 0
9315 2
9316 2
9317 2
9318 2
9319 0
9320 2
9321 0
9322 2
9323 2
9324 0
9325 0
9326 2
9327 0
9328 0
9329 2
9330 0
9331 0
9332 2
9333 0
9334 2
9335 0
9336 14
9337 2
9338 0
9339 2
9340 0
9341 0
9342 2
9343 2
9344 7
9345 0
9346 2
9347 0
9348 2
9349 2
9350 8
9351 2
9352 0
9353 0
9354 2
9355 2
9356 2
9357 2
9358 0
9359 7
9360 6
9361 2
9362 2
9363 7
9364 0
9365 2
9366 10
9367 0
9368 2
9369 0
9370 0
9371 0
9372 3
9373 0
9374 0
9375 2
9376 0
9377 0
9378 2
9379 3
9380 0
9381 2
9382 0
9383 3
9384 7
9385 3
9386 2
9387 0
9388 2
9389 0
9390 12
9391 0
9392 7
9393 2
9394 0
9395 12
9396 8
9397 14
9398 2
9399 14
9400 8
9401 0
9402 2
9403 2
9404 10
9405 14
9406 6
9407 0
9408 0
9409 2
9410 3
9411 0
9412 0
9413 2
9414 0
9415 0
9416 0
9417 0
9418 2
9419 2
9420 2
9421 2
9422 7
9423 2
9424 0
9425 0
9426 2
9427 10
9428 2
9429 2
9430 3
9431 2
9432 2
9433 2
9434 2
9435 0
9436 2
9437 0
9438 0
9439 2
9440 0
9441 3
9442 2
9443 10
9444 2
9445 0
9446 0
9447 0
9448 2
9449 2
9450 2
9451 2
9452 2
9453 2
9454 0
9455 0
9456 3
9457 0
9458 6
9459 0
9460 0
9461 0
9462 0
9463 3
9464 0
9465 0
9466 7
9467 0
9468 2
9469 7
9470 6
9471 0
9472 3
9473 0
9474 2
9475 2
9476 0
9477 0
9478 0
9479 0
9480 0
9481 0
9482 0
9483 3
9484 2
9485 0
9486 11
9487 0
9488 2
9489 0
9490 0
9491 2
9492 2
9493 2
9494 0
9495 3
9496 0
9497 0
9498 0
9499 0
9500 11
9501 0
9502 0
9503 0
9504 0
9505 2
9506 0
9507 0
9508 7
9509 2
9510 2
9511 0
9512 0
9513 2
9514 0
9515 2
9516 2
9517 2
9518 2
9519 3
9520 0
9521 3
9522 2
9523 2
9524 0
9525 0
9526 0
9527 2
9528 0
9529 0
9530 0
9531 0
9532 8
9533 2
9534 0
9535 6
9536 0
9537 2
9538 0
9539 2
9540 0
9541 2
9542 11
9543 7
9544 0
9545 2
9546 0
9547 3
9548 0
9549 0
9550 2
9551 0
9552 2
9553 2
9554 0
9555 3
9556 0
9557 8
9558 2
9559 0
9560 2
9561 7
9562 2
9563 0
9564 8
9565 11
9566 7
9567 0
9568 2
9569 0
9570 0
9571 2
9572 0
9573 11
9574 0
9575 0
9576 0
9577 0
9578 0
9579 0
9580 2
9581 2
9582 0
9583 2
9584 0
9585 0
9586 2
9587 3
9588 2
9589 2
9590 11
9591 7
9592 14
9593 0
9594 2
9595 14
9596 0
9597 2
9598 0
9599 0
9600 0
9601 0
9602 2
9603 0
9604 0
9605 0
9606 2
9607 2
9608 0
9609 2
9610 7
9611 3
9612 0
9613 0
9614 2
9615 14
9616 7
9617 0
9618 2
9619 2
9620 2
9621 0
9622 0
9623 0
9624 0
9625 0
9626 0
9627 3
9628 0
9629 7
9630 3
9631 2
9632 2
9633 8
9634 2
9635 0
9636 2
9637 0
9638 2
9639 2
9640 2
9641 2
9642 2
9643 2
9644 2
9645 7
9646 2
9647 2
9648 0
9649 7
9650 3
9651 2
9652 0
9653 2
9654 0
9655 11
9656 2
9657 0
9658 0
9659 2
9660 2
9661 2
9662 2
9663 0
9664 0
9665 2
9666 0
9667 2
9668 2
9669 2
9670 0
9671 0
9672 0
9673 0
9674 0
9675 2
9676 3
9677 0
9678 2
9679 0
9680 2
9681 2
9682 0
9683 8
9684 0
9685 7
9686 2
9687 0
9688 6
9689 0
9690 0
9691 0
9692 0
9693 0
9694 0
9695 2
9696 2
9697 7
9698 7
9699 0
9700 2
9701 2
9702 0
9703 0
9704 0
9705 0
9706 0
9707 0
9708 3
9709 2
9710 2
9711 0
9712 3
9713 0
9714 0
9715 0
9716 2
9717 0
9718 0
9719 0
9720 7
9721 0
9722 0
9723 2
9724 2
9725 0
9726 0
9727 0
9728 0
9729 2
9730 0
9731 7
9732 2
9733 2
9734 2
9735 3
9736 0
9737 0
9738 0
9739 0
9740 0
9741 2
9742 0
9743 8
9744 3
9745 2
9746 0
9747 0
9748 2
9749 2
9750 0
9751 0
9752 2
9753 2
9754 2
9755 4
9756 8
9757 3
9758 12
9759 1
9760 1
9761 1
9762 1
9763 12
9764 1
9765 1
9766 1
9767 1
9768 1
9769 1
9770 1
9771 1
9772 11
9773 1
9774 1
9775 13
9776 4
9777 1
9778 13
9779 9
9780 10
9781 1
9782 1
9783 1
9784 1
9785 1
9786 10
9787 4
9788 9
9789 13
9790 12
9791 9
9792 12
9793 1
9794 12
9795 1
9796 1
9797 1
9798 11
9799 8
9800 12
9801 1
9802 1
9803 1
9804 12
9805 1
9806 1
9807 1
9808 1
9809 1
9810 1
9811 1
9812 1
9813 12
9814 2
9815 10
9816 1
9817 5
9818 12
9819 1
9820 9
9821 1
9822 1
9823 1
9824 6
9825 4
9826 1
9827 1
9828 1
9829 9
9830 13
9831 4
9832 8
9833 3
9834 7
9835 9
9836 7
9837 14
9838 4
9839 4
9840 13
9841 9
9842 9
9843 9
9844 13
9845 10
9846 11
9847 2
9848 13
9849 2
9850 4
9851 5
9852 13
9853 8
9854 9
9855 11
9856 7
9857 13
9858 13
9859 4
9860 13
9861 9
9862 13
9863 5
9864 13
9865 10
9866 9
9867 13
9868 1
9869 12
9870 7
9871 13
9872 8
9873 12
9874 9
9875 13
9876 5
9877 9
9878 4
9879 9
9880 1
9881 7
9882 1
9883 12
9884 1
9885 1
9886 1
9887 1
9888 6
9889 3
9890 3
9891 13
9892 9
9893 4
9894 9
9895 10
9896 4
9897 13
9898 13
9899 13
9900 10
9901 4
9902 5
9903 2
9904 9
9905 4
9906 14
9907 9
9908 13
9909 9
9910 13
9911 13
9912 13
9913 2
9914 3
9915 13
9916 12
9917 8
9918 10
9919 1
9920 1
9921 1
9922 1
9923 1
9924 1
9925 12
9926 7
9927 12
9928 1
9929 1
9930 1
9931 7
9932 1
9933 1
9934 1
9935 1
9936 1
9937 1
9938 1
9939 1
9940 1
9941 1
9942 5
9943 8
9944 3
9945 1
9946 1
9947 12
9948 1
9949 8
9950 8
9951 12
9952 12
9953 1
9954 1
9955 1
9956 0
9957 1
9958 1
9959 12
9960 1
9961 9
9962 1
9963 0
9964 6
9965 5
9966 12
9967 9
9968 14
9969 8
9970 14
9971 14
9972 10
9973 2
9974 0
9975 3
9976 7
9977 8
9978 6
9979 13
9980 8
9981 10
9982 2
9983 2
9984 0
9985 2
9986 2
9987 2
9988 2
9989 14
9990 6
9991 7
9992 0
9993 7
9994 7
9995 5
9996 0
9997 0
9998 0
9999 0
10000 2
10001 2
10002 0
10003 0
10004 8
10005 0
10006 0
10007 0
10008 2
10009 1
10010 1
10011 1
10012 1
10013 12
10014 1
10015 1
10016 1
10017 1
10018 1
10019 1
10020 1
10021 1
10022 1
10023 2
10024 0
10025 1
10026 8
10027 10
10028 12
10029 2
10030 3
10031 3
10032 2
10033 2
10034 13
10035 7
10036 7
10037 11
10038 8
10039 13
10040 6
10041 7
10042 6
10043 3
10044 12
10045 3
10046 4
10047 4
10048 6
10049 11
10050 13
10051 9
10052 10
10053 9
10054 11
10055 9
10056 7
10057 9
10058 1
10059 12
10060 1
10061 1
10062 2
10063 8
10064 12
10065 1
10066 1
10067 1
10068 12
10069 1
10070 1
10071 1
10072 9
10073 1
10074 1
10075 1
10076 1
10077 1
10078 1
10079 1
10080 1
10081 1
10082 1
10083 1
10084 1
10085 1
10086 6
10087 8
10088 1
10089 1
10090 1
10091 1
10092 1
10093 5
10094 13
10095 11
10096 6
10097 13
10098 8
10099 1
10100 4
10101 4
10102 13
10103 13
10104 9
10105 11
10106 7
10107 3
10108 7
10109 9
10110 7
10111 9
10112 1
10113 13
10114 13
10115 9
10116 9
10117 9
10118 8
10119 4
10120 8
10121 9
10122 14
10123 2
10124 9
10125 9
10126 9
10127 9
10128 13
10129 8
10130 13
10131 13
10132 9
10133 6
10134 9
10135 4
10136 7
10137 13
10138 8
10139 12
10140 13
10141 11
10142 11
10143 14
10144 8
10145 13
10146 13
10147 9
10148 7
10149 2
10150 10
10151 8
10152 2
10153 2
10154 8
10155 13
10156 2
10157 7
10158 7
10159 3
10160 11
10161 11
10162 10
10163 3
10164 7
10165 0
10166 7
10167 2
10168 0
10169 2
10170 3
10171 0
10172 11
10173 0
10174 6
10175 0
10176 2
10177 10
10178 11
10179 2
10180 7
10181 2
10182 6
10183 8
10184 0
10185 0
10186 0
10187 3
10188 0
10189 7
10190 0
10191 0
10192 0
10193 7
10194 3
10195 0
10196 0
10197 3
10198 0
10199 2
10200 3
10201 0
10202 2
10203 0
10204 7
10205 0
10206 11
10207 2
10208 3
10209 2
10210 0
10211 3
10212 2
10213 0
10214 7
10215 0
10216 0
10217 7
10218 6
10219 0
10220 8
10221 6
10222 0
10223 2
10224 0
10225 0
10226 2
10227 2
10228 2
10229 3
10230 0
10231 0
10232 0
10233 0
10234 0
10235 0
10236 2
10237 2
10238 2
10239 11
10240 2
10241 2
10242 6
10243 7
10244 0
10245 2
10246 0
10247 2
10248 0
10249 2
10250 2
10251 2
10252 2
10253 0
10254 2
10255 0
10256 2
10257 0
10258 2
10259 0
10260 2
10261 10
10262 2
10263 2
10264 2
10265 6
10266 2
10267 0
10268 0
10269 3
10270 2
10271 2
10272 0
10273 0
10274 0
10275 0
10276 8
10277 0
10278 0
10279 0
10280 2
10281 0
10282 3
10283 3
10284 7
10285 0
10286 0
10287 3
10288 2
10289 2
10290 2
10291 2
10292 0
10293 0
10294 0
10295 2
10296 0
10297 2
10298 0
10299 0
10300 0
10301 0
10302 0
10303 0
10304 7
10305 2
10306 2
10307 0
10308 0
10309 0
10310 0
10311 2
10312 11
10313 0
10314 0
10315 2
10316 3
10317 0
10318 2
10319 2
10320 0
10321 0
10322 0
10323 7
10324 0
10325 2
10326 0
10327 7
10328 2
10329 2
10330 2
10331 2
10332 7
10333 0
10334 2
10335 0
10336 7
10337 0
10338 0
10339 0
10340 0
10341 2
10342 0
10343 2
10344 8
10345 0
10346 2
10347 0
10348 2
10349 3
10350 0
10351 0
10352 2
10353 0
10354 2
10355 2
10356 0
10357 2
10358 3
10359 2
10360 0
10361 0
10362 0
10363 0
10364 0
10365 0
10366 2
10367 0
10368 2
10369 3
10370 0
10371 0
10372 2
10373 0
10374 2
10375 2
10376 0
10377 2
10378 0
10379 0
10380 3
10381 2
10382 2
10383 2
10384 3
10385 2
10386 2
10387 2
10388 2
10389 2
10390 2
10391 2
10392 2
10393 12
10394 2
10395 3
10396 3
10397 0
10398 2
10399 6
10400 14
10401 6
10402 6
10403 2
10404 0
10405 2
10406 2
10407 2
10408 0
10409 11
10410 0
10411 0
10412 0
10413 0
10414 2
10415 0
10416 3
10417 2
10418 0
10419 2
10420 0
10421 2
10422 6
10423 7
10424 0
10425 0
10426 0
10427 0
10428 0
10429 2
10430 0
10431 2
10432 0
10433 2
10434 2
10435 0
10436 3
10437 0
10438 0
10439 0
10440 0
10441 2
10442 7
10443 0
10444 2
10445 8
10446 2
10447 7
10448 7
10449 3
10450 0
10451 7
10452 0
10453 2
10454 2
10455 0
10456 0
10457 2
10458 10
10459 2
10460 0
10461 2
10462 0
10463 0
10464 2
10465 2
10466 0
10467 3
10468 3
10469 6
10470 0
10471 3
10472 0
10473 2
10474 0
10475 0
10476 0
10477 2
10478 0
10479 0
10480 2
10481 2
10482 0
10483 0
10484 0
10485 2
10486 0
10487 2
10488 0
10489 2
10490 2
10491 0
10492 7
10493 0
10494 2
10495 2
10496 11
10497 2
10498 2
10499 0
10500 0
10501 6
10502 7
10503 0
10504 0
10505 12
10506 2
10507 0
10508 7
10509 0
10510 0
10511 8
10512 2
10513 2
10514 2
10515 0
10516 0
10517 0
10518 3
10519 0
10520 2
10521 3
10522 2
10523 0
10524 11
10525 2
10526 7
10527 8
10528 2
10529 2
10530 0
10531 0
10532 0
10533 0
10534 2
10535 0
10536 0
10537 0
10538 2
10539 7
10540 2
10541 2
10542 2
10543 2
10544 2
10545 2
10546 2
10547 2
10548 11
10549 0
10550 2
10551 2
10552 0
10553 0
10554 2
10555 0
10556 0
10557 0
10558 0
10559 3
10560 2
10561 8
10562 0
10563 0
10564 2
10565 7
10566 0
10567 0
10568 0
10569 0
10570 7
10571 0
10572 0
10573 2
10574 0
10575 0
10576 0
10577 7
10578 0
10579 0
10580 7
10581 2
10582 2
10583 0
10584 0
10585 2
10586 7
10587 2
10588 0
10589 8
10590 0
10591 9
10592 2
10593 0
10594 0
10595 2
10596 2
10597 0
10598 0
10599 0
10600 0
10601 2
10602 3
10603 0
10604 0
10605 0
10606 8
10607 2
10608 0
10609 0
10610 0
10611 2
10612 0
10613 2
10614 0
10615 0
10616 0
10617 0
10618 0
10619 2
10620 2
10621 0
10622 2
10623 0
10624 2
10625 0
10626 0
10627 2
10628 3
10629 0
10630 2
10631 2
10632 2
10633 2
10634 0
10635 2
10636 2
10637 8
10638 7
10639 3
10640 0
10641 7
10642 7
10643 2
10644 3
10645 7
10646 8
10647 0
10648 2
10649 2
10650 2
10651 0
10652 0
10653 6
10654 0
10655 0
10656 3
10657 11
10658 0
10659 3
10660 2
10661 2
10662 8
10663 10
10664 0
10665 2
10666 0
10667 3
10668 2
10669 2
10670 0
10671 0
10672 0
10673 0
10674 2
10675 2
10676 0
10677 3
10678 2
10679 2
10680 0
10681 0
10682 0
10683 2
10684 2
10685 2
10686 2
10687 2
10688 0
10689 0
10690 8
10691 3
10692 0
10693 0
10694 2
10695 0
10696 3
10697 0
10698 0
10699 2
10700 0
10701 0
10702 3
10703 0
10704 7
10705 0
10706 3
10707 0
10708 0
10709 0
10710 0
10711 2
10712 2
10713 2
10714 2
10715 2
10716 0
10717 3
10718 6
10719 7
10720 2
10721 0
10722 0
10723 2
10724 2
10725 0
10726 2
10727 2
10728 2
10729 3
10730 2
10731 2
10732 0
10733 8
10734 0
10735 0
10736 2
10737 7
10738 2
10739 0
10740 12
10741 2
10742 0
10743 2
10744 0
10745 0
10746 0
10747 0
10748 0
10749 2
10750 0
10751 0
10752 0
10753 6
10754 0
10755 0
10756 2
10757 0
10758 2
10759 3
10760 2
10761 0
10762 0
10763 3
10764 0
10765 7
10766 0
10767 0
10768 11
10769 0
10770 2
10771 10
10772 14
10773 2
10774 2
10775 0
10776 0
10777 0
10778 10
10779 7
10780 2
10781 0
10782 0
10783 2
10784 2
10785 0
10786 2
10787 7
10788 0
10789 0
10790 2
10791 0
10792 2
10793 2
10794 2
10795 8
10796 0
10797 0
10798 0
10799 2
10800 2
10801 2
10802 0
10803 0
10804 0
10805 2
10806 2
10807 2
10808 0
10809 2
10810 2
10811 2
10812 2
10813 2
10814 0
10815 2
10816 0
10817 0
10818 3
10819 2
10820 2
10821 6
10822 0
10823 3
10824 0
10825 3
10826 2
10827 2
10828 2
10829 6
10830 2
10831 0
10832 11
10833 2
10834 2
10835 0
10836 0
10837 2
10838 2
10839 2
10840 7
10841 7
10842 2
10843 2
10844 2
10845 2
10846 0
10847 0
10848 0
10849 8
10850 8
10851 0
10852 9
10853 2
10854 0
10855 2
10856 6
10857 2
10858 6
10859 7
10860 2
10861 2
10862 0
10863 2
10864 3
10865 2
10866 2
10867 3
10868 0
10869 0
10870 2
10871 0
10872 0
10873 0
10874 2
10875 0
10876 0
10877 2
10878 2
10879 0
10880 2
10881 0
10882 2
10883 0
10884 0
10885 0
10886 0
10887 0
10888 0
10889 2
10890 2
10891 2
10892 0
10893 2
10894 2
10895 0
10896 2
10897 2
10898 0
10899 2
10900 0
10901 2
10902 7
10903 0
10904 2
10905 0
10906 0
10907 2
10908 6
10909 2
10910 3
10911 3
10912 2
10913 2
10914 2
10915 2
10916 11
10917 0
10918 0
10919 7
10920 2
10921 2
10922 2
10923 0
10924 0
10925 0
10926 0
10927 2
10928 2
10929 3
10930 0
10931 0
10932 0
10933 6
10934 2
10935 10
10936 0
10937 3
10938 7
10939 0
10940 2
10941 0
10942 6
10943 0
10944 2
10945 0
10946 2
10947 0
10948 0
10949 0
10950 0
10951 2
10952 0
10953 2
10954 3
10955 2
10956 0
10957 0
10958 0
10959 2
10960 0
10961 14
10962 6
10963 2
10964 0
10965 0
10966 0
10967 0
10968 0
10969 0
10970 0
10971 3
10972 0
10973 0
10974 0
10975 2
10976 0
10977 3
10978 3
10979 0
10980 0
10981 0
10982 0
10983 2
10984 0
10985 8
10986 3
10987 3
10988 11
10989 3
10990 0
10991 6
10992 0
10993 0
10994 0
10995 2
10996 2
10997 0
10998 11
10999 2
11000 2
11001 2
11002 7
11003 3
11004 2
11005 2
11006 6
11007 2
11008 3
11009 0
11010 2
11011 0
11012 7
11013 7
11014 2
11015 2
11016 2
11017 2
11018 0
11019 2
11020 2
11021 2
11022 2
11023 0
11024 2
11025 0
11026 0
11027 0
11028 2
11029 0
11030 10
11031 2
11032 6
11033 3
11034 2
11035 7
11036 0
11037 0
11038 0
11039 2
11040 0
11041 0
11042 0
11043 2
11044 2
11045 3
11046 0
11047 11
11048 0
11049 3
11050 2
11051 2
11052 0
11053 2
11054 3
11055 0
11056 0
11057 2
11058 0
11059 2
11060 0
11061 2
11062 0
11063 2
11064 6
11065 0
11066 2
11067 2
11068 2
11069 0
11070 0
11071 11
11072 2
11073 0
11074 0
11075 0
11076 2
11077 0
11078 0
11079 3
11080 0
11081 0
11082 0
11083 3
11084 2
11085 2
11086 11
11087 0
11088 3
11089 2
11090 2
11091 6
11092 3
11093 3
11094 2
11095 0
11096 2
11097 0
11098 2
11099 2
11100 7
11101 2
11102 2
11103 2
11104 0
11105 3
11106 2
11107 7
11108 0
11109 2
11110 0
11111 0
11112 2
11113 0
11114 2
11115 2
11116 3
11117 2
11118 0
11119 0
11120 0
11121 0
11122 0
11123 0
11124 2
11125 8
11126 3
11127 3
11128 0
11129 2
11130 2
11131 2
11132 0
11133 7
11134 2
11135 0
11136 0
11137 0
11138 7
11139 0
11140 3
11141 3
11142 0
11143 2
11144 2
11145 0
11146 0
11147 2
11148 0
11149 2
11150 2
11151 6
11152 2
11153 0
11154 2
11155 3
11156 2
11157 0
11158 2
11159 11
11160 3
11161 2
11162 10
11163 3
11164 2
11165 0
11166 0
11167 0
11168 2
11169 3
11170 3
11171 3
11172 2
11173 2
11174 3
11175 2
11176 2
11177 2
11178 2
11179 0
11180 0
11181 7
11182 2
11183 6
11184 0
11185 2
11186 0
11187 0
11188 2
11189 2
11190 2
11191 0
11192 0
11193 0
11194 0
11195 7
11196 2
11197 11
11198 8
11199 2
11200 0
11201 2
11202 0
11203 2
11204 2
11205 0
11206 2
11207 2
11208 2
11209 7
11210 2
11211 0
11212 0
11213 2
11214 0
11215 0
11216 2
11217 2
11218 7
11219 2
11220 0
11221 11
11222 2
11223 0
11224 2
11225 2
11226 0
11227 0
11228 6
11229 0
11230 0
11231 0
11232 0
11233 0
11234 2
11235 2
11236 2
11237 7
11238 7
11239 2
11240 0
11241 2
11242 0
11243 2
11244 2
11245 7
11246 0
11247 2
11248 0
11249 0
11250 2
11251 8
11252 11
11253 0
11254 0
11255 0
11256 2
11257 0
11258 11
11259 0
11260 6
11261 2
11262 2
11263 2
11264 2
11265 2
11266 0
11267 2
11268 3
11269 0
11270 3
11271 2
11272 2
11273 14
11274 0
11275 0
11276 0
11277 2
11278 2
11279 3
11280 0
11281 3
11282 0
11283 2
11284 7
11285 0
11286 0
11287 2
11288 2
11289 0
11290 3
11291 2
11292 0
11293 0
11294 0
11295 0
11296 2
11297 0
11298 7
11299 3
11300 0
11301 3
11302 14
11303 0
11304 0
11305 2
11306 2
11307 0
11308 8
11309 11
11310 0
11311 0
11312 0
11313 2
11314 0
11315 2
11316 2
11317 0
11318 0
11319 0
11320 2
11321 0
11322 7
11323 3
11324 0
11325 2
11326 0
11327 0
11328 3
11329 2
11330 11
11331 0
11332 2
11333 0
11334 0
11335 2
11336 0
11337 2
11338 0
11339 0
11340 0
11341 2
11342 0
11343 0
11344 2
11345 2
11346 2
11347 0
11348 2
11349 2
11350 0
11351 0
11352 0
11353 2
11354 2
11355 0
11356 0
11357 0
11358 0
11359 0
11360 0
11361 0
11362 7
11363 0
11364 2
11365 2
11366 0
11367 2
11368 7
11369 0
11370 0
11371 2
11372 6
11373 0
11374 0
11375 12
11376 3
11377 0
11378 2
11379 2
11380 2
11381 7
11382 0
11383 2
11384 2
11385 8
11386 0
11387 6
11388 3
11389 3
11390 2
11391 2
11392 2
11393 3
11394 2
11395 2
11396 2
11397 0
11398 7
11399 11
11400 2
11401 0
11402 0
11403 0
11404 0
11405 2
11406 3
11407 2
11408 3
11409 0
11410 2
11411 0
11412 0
11413 0
11414 0
11415 8
11416 0
11417 2
11418 2
11419 7
11420 2
11421 0
11422 8
11423 0
11424 0
11425 0
11426 3
11427 3
11428 7
11429 3
11430 2
11431 3
11432 7
11433 2
11434 0
11435 0
11436 0
11437 2
11438 0
11439 14
11440 2
11441 0
11442 0
11443 0
11444 0
11445 0
11446 3
11447 0
11448 7
11449 0
11450 0
11451 0
11452 0
11453 2
11454 0
11455 0
11456 3
11457 3
11458 2
11459 0
11460 0
11461 0
11462 0
11463 6
11464 0
11465 2
11466 0
11467 2
11468 0
11469 3
11470 0
11471 0
11472 0
11473 2
11474 0
11475 0
11476 0
11477 2
11478 0
11479 2
11480 2
11481 0
11482 2
11483 0
11484 2
11485 2
11486 0
11487 2
11488 2
11489 0
11490 2
11491 2
11492 7
11493 0
11494 0
11495 0
11496 0
11497 2
11498 2
11499 0
11500 0
11501 2
11502 0
11503 2
11504 2
11505 11
11506 2
11507 11
11508 6
11509 0
11510 0
11511 0
11512 0
11513 0
11514 2
11515 0
11516 0
11517 2
11518 0
11519 2
11520 8
11521 2
11522 0
11523 0
11524 6
11525 0
11526 2
11527 6
11528 2
11529 2
11530 11
11531 3
11532 2
11533 2
11534 2
11535 6
11536 2
11537 6
11538 7
11539 2
11540 0
11541 3
11542 2
11543 2
11544 2
11545 0
11546 2
11547 0
11548 0
11549 14
11550 2
11551 2
11552 0
11553 0
11554 0
11555 2
11556 2
11557 0
11558 0
11559 2
11560 0
11561 6
11562 0
11563 2
11564 2
11565 11
11566 0
11567 8
11568 11
11569 3
11570 7
11571 2
11572 3
11573 0
11574 0
11575 10
11576 3
11577 7
11578 0
11579 11
11580 0
11581 2
11582 3
11583 2
11584 3
11585 7
11586 3
11587 0
11588 2
11589 3
11590 3
11591 8
11592 2
11593 0
11594 2
11595 0
11596 3
11597 2
11598 6
11599 0
11600 2
11601 2
11602 3
11603 0
11604 0
11605 6
11606 0
11607 2
11608 3
11609 2
11610 8
11611 7
11612 2
11613 2
11614 0
11615 0
11616 2
11617 6
11618 2
11619 0
11620 2
11621 6
11622 7
11623 11
11624 2
11625 14
11626 2
11627 8
11628 0
11629 3
11630 2
11631 2
11632 2
11633 2
11634 2
11635 2
11636 7
11637 3
11638 11
11639 0
11640 2
11641 7
11642 3
11643 0
11644 7
11645 2
11646 7
11647 0
11648 11
11649 2
11650 2
11651 0
11652 2
11653 0
11654 0
11655 2
11656 0
11657 0
11658 0
11659 2
11660 2
11661 0
11662 2
11663 2
11664 2
11665 2
11666 0
11667 2
11668 0
11669 2
11670 0
11671 3
11672 0
11673 0
11674 0
11675 2
11676 2
11677 0
11678 0
11679 2
11680 11
11681 0
11682 0
11683 3
11684 0
11685 2
11686 0
11687 11
11688 2
11689 0
11690 7
11691 0
11692 2
11693 0
11694 0
11695 0
11696 2
11697 0
11698 14
11699 11
11700 0
11701 0
11702 2
11703 0
11704 2
11705 2
11706 0
11707 3
11708 0
11709 2
11710 3
11711 2
11712 2
11713 2
11714 3
11715 2
11716 0
11717 3
11718 7
11719 2
11720 0
11721 2
11722 3
11723 0
11724 3
11725 11
11726 2
11727 2
11728 0
11729 0
11730 6
11731 3
11732 2
11733 2
11734 2
11735 2
11736 7
11737 3
11738 0
11739 2
11740 0
11741 2
11742 0
11743 7
11744 3
11745 0
11746 2
11747 7
11748 2
11749 2
11750 0
11751 0
11752 0
11753 0
11754 0
11755 2
11756 0
11757 2
11758 6
11759 0
11760 0
11761 2
11762 0
11763 0
11764 6
11765 2
11766 2
11767 14
11768 2
11769 3
11770 2
11771 2
11772 2
11773 2
11774 3
11775 11
11776 0
11777 0
11778 2
11779 0
11780 2
11781 8
11782 2
11783 0
11784 0
11785 0
11786 2
11787 3
11788 2
11789 2
11790 7
11791 2
11792 0
11793 2
11794 2
11795 2
11796 2
11797 0
11798 0
11799 0
11800 0
11801 0
11802 2
11803 0
11804 0
11805 2
11806 8
11807 7
11808 1
11809 0
11810 0
11811 0
11812 0
11813 0
11814 0
11815 2
11816 0
11817 6
11818 11
11819 0
11820 0
11821 0
11822 0
11823 2
11824 0
11825 3
11826 0
11827 0
11828 0
11829 3
11830 0
11831 2
11832 0
11833 0
11834 0
11835 0
11836 0
11837 2
11838 2
11839 0
11840 2
11841 0
11842 0
11843 0
11844 2
11845 0
11846 0
11847 0
11848 0
11849 2
11850 0
11851 0
11852 6
11853 0
11854 0
11855 0
11856 0
11857 2
11858 0
11859 8
11860 0
11861 0
11862 0
11863 0
11864 11
11865 0
11866 11
11867 0
11868 0
11869 2
11870 0
11871 0
11872 0
11873 0
11874 3
11875 0
11876 0
11877 2
11878 2
11879 3
11880 2
11881 7
11882 2
11883 0
11884 2
11885 0
11886 3
11887 0
11888 7
11889 0
11890 2
11891 0
11892 0
11893 0
11894 0
11895 2
11896 0
11897 2
11898 2
11899 0
11900 0
11901 0
11902 2
11903 2
11904 3
11905 0
11906 2
11907 0
11908 0
11909 2
11910 0
11911 0
11912 0
11913 7
11914 0
11915 2
11916 2
11917 2
11918 0
11919 0
11920 7
11921 2
11922 0
11923 0
11924 0
11925 0
11926 0
11927 0
11928 0
11929 2
11930 0
11931 2
11932 3
11933 0
11934 0
11935 8
11936 7
11937 2
11938 0
11939 0
11940 3
11941 0
11942 7
11943 2
11944 0
11945 2
11946 0
11947 2
11948 0
11949 2
11950 2
11951 0
11952 2
11953 2
11954 0
11955 2
11956 2
11957 7
11958 0
11959 2
11960 0
11961 2
11962 8
11963 2
11964 0
11965 3
11966 2
11967 0
11968 6
11969 0
11970 0
11971 2
11972 2
11973 2
11974 2
11975 2
11976 3
11977 0
11978 0
11979 2
11980 0
11981 2
11982 2
11983 7
11984 0
11985 0
11986 3
11987 3
11988 2
11989 0
11990 2
11991 0
11992 2
11993 0
11994 2
11995 0
11996 2
11997 2
11998 0
11999 0
12000 2
12001 2
12002 3
12003 12
12004 7
12005 2
12006 0
12007 11
12008 3
12009 7
12010 7
12011 3
12012 2
12013 0
12014 2
12015 0
12016 2
12017 0
12018 0
12019 0
12020 2
12021 0
12022 0
12023 2
12024 0
12025 2
12026 7
12027 0
12028 0
12029 2
12030 0
12031 0
12032 0
12033 2
12034 2
12035 7
12036 8
12037 0
12038 0
12039 0
12040 3
12041 0
12042 2
12043 0
12044 0
12045 2
12046 2
12047 0
12048 11
12049 0
12050 0
12051 0
12052 2
12053 0
12054 2
12055 0
12056 0
12057 0
12058 0
12059 2
12060 11
12061 8
12062 0
12063 7
12064 0
12065 0
12066 2
12067 7
12068 11
12069 0
12070 0
12071 2
12072 7
12073 3
12074 2
12075 0
12076 0
12077 7
12078 2
12079 2
12080 0
12081 0
12082 0
12083 0
12084 0
12085 2
12086 2
12087 2
12088 0
12089 0
12090 0
12091 3
12092 0
12093 0
12094 2
12095 0
12096 0
12097 2
12098 7
12099 2
12100 2
12101 7
12102 2
12103 0
12104 2
12105 2
12106 0
12107 6
12108 0
12109 0
12110 0
12111 0
12112 2
12113 2
12114 2
12115 0
12116 0
12117 2
12118 2
12119 2
12120 0
12121 2
12122 2
12123 2
12124 2
12125 2
12126 0
12127 0
12128 2
12129 14
12130 7
12131 3
12132 3
12133 7
12134 0
12135 3
12136 12
12137 2
12138 0
12139 2
12140 3
12141 0
12142 0
12143 11
12144 11
12145 0
12146 3
12147 6
12148 11
12149 0
12150 3
12151 0
12152 7
12153 2
12154 8
12155 0
12156 2
12157 11
12158 3
12159 8
12160 3
12161 0
12162 0
12163 0
12164 2
12165 0
12166 2
12167 2
12168 0
12169 2
12170 0
12171 0
12172 0
12173 0
12174 0
12175 2
12176 0
12177 0
12178 0
12179 0
12180 0
12181 0
12182 0
12183 6
12184 7
12185 0
12186 3
12187 0
12188 3
12189 0
12190 7
12191 0
12192 2
12193 0
12194 0
12195 13
12196 0
12197 6
12198 2
12199 0
12200 0
12201 0
12202 2
12203 0
12204 2
12205 0
12206 7
12207 0
12208 2
12209 0
12210 0
12211 2
12212 2
12213 2
12214 0
12215 0
12216 0
12217 12
12218 0
12219 0
12220 0
12221 0
12222 0
12223 0
12224 2
12225 2
12226 0
12227 0
12228 0
12229 0
12230 0
12231 0
12232 2
12233 0
12234 0
12235 0
12236 2
12237 2
12238 0
12239 0
12240 2
12241 0
12242 3
12243 2
12244 0
12245 2
12246 0
12247 0
12248 3
12249 0
12250 13
12251 2
12252 10
12253 7
12254 2
12255 2
12256 0
12257 0
12258 0
12259 2
12260 0
12261 0
12262 11
12263 0
12264 11
12265 7
12266 0
12267 0
12268 0
12269 0
12270 0
12271 7
12272 0
12273 0
12274 0
12275 0
12276 0
12277 0
12278 2
12279 11
12280 2
12281 0
12282 7
12283 2
12284 2
12285 2
12286 6
12287 2
12288 2
12289 11
12290 2
12291 0
12292 0
12293 3
12294 0
12295 2
12296 2
12297 0
12298 0
12299 0
12300 2
12301 7
12302 2
12303 3
12304 2
12305 0
12306 0
12307 0
12308 2
12309 0
12310 2
12311 0
12312 2
12313 0
12314 6
12315 2
12316 2
12317 0
12318 2
12319 7
12320 0
12321 2
12322 2
12323 0
12324 7
12325 0
12326 0
12327 3
12328 0
12329 2
12330 2
12331 2
12332 0
12333 0
12334 0
12335 2
12336 2
12337 2
12338 0
12339 6
12340 7
12341 0
12342 0
12343 2
12344 7
12345 0
12346 7
12347 0
12348 0
12349 0
12350 2
12351 0
12352 0
12353 2
12354 0
12355 2
12356 2
12357 2
12358 11
12359 3
12360 3
12361 2
12362 12
12363 0
12364 2
12365 7
12366 2
12367 3
12368 2
12369 2
12370 2
12371 2
12372 0
12373 0
12374 2
12375 0
12376 10
12377 3
12378 0
12379 0
12380 3
12381 2
12382 2
12383 0
12384 2
12385 2
12386 6
12387 3
12388 3
12389 0
12390 0
12391 0
12392 0
12393 0
12394 0
12395 0
12396 0
12397 2
12398 0
12399 0
12400 0
12401 7
12402 2
12403 0
12404 2
12405 2
12406 2
12407 2
12408 2
12409 0
12410 2
12411 0
12412 2
12413 2
12414 7
12415 2
12416 2
12417 8
12418 2
12419 0
12420 2
12421 11
12422 0
12423 2
12424 7
12425 0
12426 0
12427 2
12428 0
12429 3
12430 3
12431 2
12432 2
12433 0
12434 0
12435 0
12436 0
12437 7
12438 0
12439 0
12440 0
12441 3
12442 11
12443 0
12444 0
12445 0
12446 0
12447 2
12448 3
12449 0
12450 0
12451 2
12452 0
12453 7
12454 0
12455 0
12456 2
12457 2
12458 3
12459 0
12460 2
12461 7
12462 2
12463 0
12464 0
12465 0
12466 2
12467 8
12468 9
12469 3
12470 0
12471 2
12472 2
12473 6
12474 0
12475 6
12476 2
12477 0
12478 0
12479 0
12480 2
12481 0
12482 0
12483 6
12484 2
12485 2
12486 2
12487 2
12488 0
12489 0
12490 0
12491 2
12492 2
12493 0
12494 0
12495 0
12496 2
12497 0
12498 2
12499 0
12500 12
12501 1
12502 5
12503 1
12504 1
12505 1
12506 1
12507 1
12508 1
12509 1
12510 1
12511 1
12512 1
12513 1
12514 1
12515 1
12516 1
12517 1
12518 1
12519 1
12520 1
12521 1
12522 1
12523 1
12524 1
12525 1
12526 1
12527 1
12528 1
12529 1
12530 1
12531 1
12532 1
12533 1
12534 8
12535 0
12536 1
12537 8
12538 1
12539 1
12540 1
12541 1
12542 1
12543 1
12544 1
12545 1
12546 1
12547 1
12548 1
12549 1
12550 1
12551 1
12552 1
12553 1
12554 1
12555 8
12556 1
12557 1
12558 1
12559 1
12560 1
12561 1
12562 1
12563 1
12564 1
12565 1
12566 1
12567 7
12568 1
12569 1
12570 11
12571 1
12572 1
12573 1
12574 7
12575 1
12576 1
12577 1
12578 1
12579 1
12580 1
12581 13
12582 9
12583 13
12584 13
12585 1
12586 1
12587 1
12588 9
12589 8
12590 5
12591 9
12592 12
12593 12
12594 9
12595 1
12596 1
12597 1
12598 1
12599 1
12600 1
12601 1
12602 1
12603 1
12604 1
12605 1
12606 1
12607 1
12608 1
12609 6
12610 1
12611 9
12612 1
12613 1
12614 9
12615 10
12616 14
12617 11
12618 7
12619 4
12620 2
12621 6
12622 10
12623 4
12624 13
12625 14
12626 13
12627 13
12628 3
12629 5
12630 3
12631 1
12632 12
12633 12
12634 12
12635 1
12636 1
12637 1
12638 1
12639 2
12640 1
12641 1
12642 1
12643 1
12644 1
12645 1
12646 1
12647 1
12648 1
12649 14
12650 1
12651 1
12652 1
12653 1
12654 1
12655 1
12656 1
12657 1
12658 1
12659 1
12660 10
12661 1
12662 1
12663 1
12664 9
12665 1
12666 1
12667 12
12668 1
12669 10
12670 13
12671 9
12672 9
12673 10
12674 14
12675 13
12676 3
12677 2
12678 1
12679 1
12680 1
12681 1
12682 1
12683 1
12684 1
12685 1
12686 1
12687 1
12688 1
12689 1
12690 1
12691 1
12692 1
12693 1
12694 1
12695 1
12696 1
12697 1
12698 1
12699 9
12700 1
12701 1
12702 1
12703 9
12704 1
12705 1
12706 1
12707 1
12708 1
12709 1
12710 13
12711 1
12712 13
12713 13
12714 13
12715 1
12716 1
12717 9
12718 1
12719 1
12720 1
12721 1
12722 1
12723 1
12724 1
12725 9
12726 13
12727 13
12728 9
12729 1
12730 11
12731 6
12732 13
12733 13
12734 9
12735 13
12736 4
12737 9
12738 13
12739 13
12740 9
12741 9
12742 9
12743 9
12744 4
12745 13
12746 6
12747 9
12748 9
12749 9
12750 1
12751 10
12752 13
12753 5
12754 13
12755 13
12756 10
12757 13
12758 4
12759 13
12760 9
12761 13
12762 9
12763 9
12764 13
12765 13
12766 5
12767 13
12768 13
12769 4
12770 9
12771 13
12772 13
12773 4
12774 4
12775 8
12776 13
12777 2
12778 10
12779 1
12780 1
12781 1
12782 1
12783 1
12784 7
12785 1
12786 1
12787 13
12788 5
12789 1
12790 10
12791 1
12792 1
12793 6
12794 13
12795 9
12796 2
12797 13
12798 10
12799 13
12800 4
12801 10
12802 6
12803 9
12804 4
12805 13
12806 12
12807 9
12808 7
12809 2
12810 4
12811 14
12812 2
12813 13
12814 10
12815 9
12816 8
12817 9
12818 14
12819 6
12820 9
12821 9
12822 13
12823 9
12824 13
12825 13
12826 4
12827 3
12828 7
12829 14
12830 4
12831 8
12832 13
12833 13
12834 3
12835 13
12836 13
12837 13
12838 3
12839 9
12840 4
12841 2
12842 9
12843 13
12844 2
12845 8
12846 9
12847 2
12848 9
12849 8
12850 6
12851 8
12852 8
12853 7
12854 7
12855 8
12856 3
12857 9
12858 13
12859 2
12860 2
12861 2
12862 2
12863 2
12864 8
12865 2
12866 0
12867 0
12868 2
12869 2
12870 2
12871 8
12872 0
12873 0
12874 2
12875 2
12876 7
12877 13
12878 13
12879 13
12880 6
12881 9
12882 13
12883 13
12884 13
12885 9
12886 5
12887 7
12888 4
12889 14
12890 10
12891 4
12892 2
12893 13
12894 2
12895 13
12896 9
12897 4
12898 13
12899 3
12900 9
12901 3
12902 7
12903 8
12904 9
12905 9
12906 13
12907 11
12908 5
12909 13
12910 13
12911 4
12912 13
12913 11
12914 13
12915 14
12916 8
12917 10
12918 4
12919 13
12920 2
12921 14
12922 1
12923 1
12924 1
12925 1
12926 1
12927 1
12928 1
12929 1
12930 1
12931 1
12932 7
12933 1
12934 9
12935 1
12936 7
12937 6
12938 13
12939 9
12940 13
12941 9
12942 6
12943 6
12944 13
12945 10
12946 9
12947 4
12948 13
12949 6
12950 3
12951 9
12952 6
12953 13
12954 9
12955 9
12956 6
12957 1
12958 1
12959 1
12960 1
12961 1
12962 12
12963 13
12964 13
12965 6
12966 9
12967 1
12968 4
12969 7
12970 13
12971 13
12972 13
12973 6
12974 13
12975 4
12976 6
12977 13
12978 8
12979 13
12980 14
12981 5
12982 9
12983 2
12984 13
12985 2
12986 2
12987 7
12988 2
12989 13
12990 5
12991 3
12992 13
12993 7
12994 13
12995 5
12996 3
12997 9
12998 13
12999 13
13000 2
13001 3
13002 13
13003 5
13004 10
13005 10
13006 13
13007 7
13008 8
13009 2
13010 8
13011 11
13012 14
13013 13
13014 14
13015 13
13016 11
13017 10
13018 14
13019 4
13020 11
13021 14
13022 4
13023 4
13024 3
13025 13
13026 11
13027 11
13028 8
13029 3
13030 8
13031 13
13032 6
13033 8
13034 13
13035 6
13036 9
13037 2
13038 6
13039 13
13040 2
13041 2
13042 8
13043 11
13044 6
13045 0
13046 2
13047 8
13048 6
13049 14
13050 7
13051 3
13052 14
13053 3
13054 2
13055 0
13056 8
13057 4
13058 8
13059 8
13060 3
13061 6
13062 11
13063 7
13064 14
13065 13
13066 2
13067 3
13068 8
13069 6
13070 0
13071 2
13072 13
13073 13
13074 14
13075 6
13076 9
13077 13
13078 9
13079 13
13080 4
13081 5
13082 9
13083 14
13084 9
13085 9
13086 7
13087 7
13088 8
13089 9
13090 9
13091 8
13092 2
13093 1
13094 4
13095 3
13096 4
13097 4
13098 4
13099 3
13100 14
13101 5
13102 14
13103 13
13104 9
13105 5
13106 5
13107 12
13108 5
13109 9
13110 5
13111 5
13112 9
13113 4
13114 3
13115 14
13116 13
13117 10
13118 4
13119 11
13120 10
13121 4
13122 5
13123 9
13124 5
13125 1
13126 14
13127 4
13128 14
13129 4
13130 14
13131 5
13132 14
13133 14
13134 0
13135 0
13136 11
13137 2
13138 2
13139 2
13140 7
13141 7
13142 7
13143 0
13144 0
13145 2
13146 8
13147 3
13148 0
13149 11
13150 2
13151 7
13152 2
13153 0
13154 0
13155 0
13156 0
13157 0
13158 0
13159 0
13160 3
13161 3
13162 2
13163 14
13164 3
13165 13
13166 3
13167 2
13168 0
13169 0
13170 2
13171 3
13172 3
13173 3
13174 0
13175 3
13176 0
13177 0
13178 0
13179 2
13180 0
13181 3
13182 2
13183 0
13184 2
13185 3
13186 0
13187 0
13188 3
13189 3
13190 3
13191 0
13192 7
13193 2
13194 0
13195 0
13196 2
13197 2
13198 2
13199 11
13200 2
13201 2
13202 7
13203 2
13204 3
13205 6
13206 2
13207 0
13208 2
13209 0
13210 2
13211 0
13212 2
13213 0
13214 0
13215 3
13216 3
13217 2
13218 0
13219 0
13220 2
13221 2
13222 3
13223 2
13224 2
13225 0
13226 0
13227 2
13228 2
13229 0
13230 2
13231 0
13232 0
13233 0
13234 0
13235 12
13236 2
13237 0
13238 2
13239 0
13240 0
13241 0
13242 0
13243 2
13244 2
13245 2
13246 0
13247 2
13248 2
13249 3
13250 2
13251 2
13252 2
13253 2
13254 2
13255 8
13256 0
13257 2
13258 3
13259 3
13260 0
13261 0
13262 2
13263 3
13264 7
13265 0
13266 3
13267 0
13268 0
13269 0
13270 3
13271 0
13272 3
13273 0
13274 0
13275 2
13276 0
13277 8
13278 0
13279 3
13280 0
13281 0
13282 2
13283 3
13284 0
13285 0
13286 0
13287 0
13288 0
13289 6
13290 2
13291 2
13292 0
13293 7
13294 0
13295 2
13296 0
13297 0
13298 2
13299 10
13300 0
13301 0
13302 0
13303 11
13304 2
13305 0
13306 3
13307 6
13308 3
13309 3
13310 3
13311 2
13312 0
13313 0
13314 0
13315 2
13316 0
13317 0
13318 2
13319 2
13320 0
13321 0
13322 2
13323 2
13324 3
13325 2
13326 0
13327 2
13328 2
13329 0
13330 0
13331 3
13332 2
13333 3
13334 2
13335 2
13336 3
13337 2
13338 2
13339 8
13340 0
13341 0
13342 2
13343 0
13344 3
13345 2
13346 0
13347 0
13348 2
13349 0
13350 0
13351 5
13352 2
13353 2
13354 0
13355 3
13356 2
13357 2
13358 0
13359 2
13360 0
13361 0
13362 2
13363 2
13364 0
13365 11
13366 2
13367 0
13368 2
13369 0
13370 0
13371 7
13372 2
13373 0
13374 11
13375 2
13376 2
13377 0
13378 0
13379 0
13380 3
13381 2
13382 7
13383 2
13384 7
13385 2
13386 2
13387 3
13388 0
13389 0
13390 0
13391 2
13392 0
13393 0
13394 2
13395 2
13396 2
13397 2
13398 0
13399 0
13400 7
13401 3
13402 7
13403 2
13404 3
13405 3
13406 3
13407 11
13408 0
13409 0
13410 2
13411 2
13412 0
13413 2
13414 6
13415 2
13416 0
13417 2
13418 0
13419 7
13420 0
13421 2
13422 0
13423 0
13424 2
13425 0
13426 3
13427 0
13428 0
13429 2
13430 3
13431 0
13432 0
13433 2
13434 2
13435 0
13436 2
13437 2
13438 2
13439 7
13440 2
13441 0
13442 0
13443 2
13444 0
13445 3
13446 0
13447 0
13448 2
13449 2
13450 0
13451 3
13452 0
13453 2
13454 2
13455 0
13456 0
13457 2
13458 0
13459 8
13460 0
13461 2
13462 2
13463 2
13464 0
13465 0
13466 2
13467 0
13468 0
13469 2
13470 2
13471 2
13472 3
13473 0
13474 0
13475 0
13476 3
13477 2
13478 2
13479 7
13480 2
13481 2
13482 0
13483 2
13484 0
13485 2
13486 0
13487 2
13488 6
13489 2
13490 0
13491 0
13492 0
13493 0
13494 2
13495 0
13496 0
13497 3
13498 8
13499 0
13500 2
13501 0
13502 2
13503 0
13504 0
13505 0
13506 0
13507 0
13508 0
13509 0
13510 3
13511 2
13512 0
13513 0
13514 2
13515 2
13516 2
13517 0
13518 3
13519 7
13520 2
13521 2
13522 0
13523 0
13524 2
13525 0
13526 0
13527 0
13528 0
13529 0
13530 0
13531 2
13532 0
13533 0
13534 0
13535 3
13536 0
13537 0
13538 0
13539 0
13540 0
13541 0
13542 2
13543 2
13544 0
13545 2
13546 0
13547 0
13548 0
13549 0
13550 0
13551 0
13552 0
13553 0
13554 0
13555 0
13556 0
13557 0
13558 2
13559 2
13560 0
13561 3
13562 0
13563 8
13564 3
13565 3
13566 0
13567 7
13568 3
13569 2
13570 7
13571 2
13572 3
13573 3
13574 2
13575 3
13576 2
13577 2
13578 2
13579 0
13580 0
13581 2
13582 0
13583 0
13584 0
13585 7
13586 2
13587 0
13588 2
13589 2
13590 0
13591 2
13592 0
13593 2
13594 0
13595 2
13596 2
13597 3
13598 2
13599 2
13600 7
13601 7
13602 6
13603 2
13604 3
13605 7
13606 2
13607 0
13608 7
13609 0
13610 7
13611 0
13612 2
13613 7
13614 2
13615 3
13616 0
13617 7
13618 2
13619 3
13620 0
13621 0
13622 0
13623 3
13624 2
13625 0
13626 0
13627 0
13628 0
13629 2
13630 2
13631 3
13632 0
13633 2
13634 11
13635 7
13636 0
13637 6
13638 2
13639 3
13640 0
13641 8
13642 2
13643 0
13644 2
13645 0
13646 0
13647 0
13648 0
13649 0
13650 0
13651 0
13652 0
13653 0
13654 11
13655 2
13656 3
13657 3
13658 2
13659 2
13660 0
13661 2
13662 2
13663 3
13664 2
13665 7
13666 0
13667 2
13668 0
13669 0
13670 0
13671 0
13672 0
13673 0
13674 0
13675 0
13676 2
13677 0
13678 2
13679 0
13680 0
13681 0
13682 0
13683 2
13684 0
13685 0
13686 0
13687 0
13688 2
13689 2
13690 2
13691 0
13692 0
13693 0
13694 0
13695 0
13696 2
13697 0
13698 2
13699 3
13700 2
13701 2
13702 3
13703 3
13704 2
13705 2
13706 2
13707 0
13708 0
13709 2
13710 3
13711 0
13712 0
13713 2
13714 0
13715 0
13716 7
13717 2
13718 2
13719 0
13720 3
13721 7
13722 0
13723 11
13724 2
13725 0
13726 2
13727 0
13728 0
13729 0
13730 2
13731 2
13732 3
13733 0
13734 11
13735 2
13736 3
13737 2
13738 0
13739 0
13740 2
13741 12
13742 0
13743 0
13744 0
13745 0
13746 2
13747 6
13748 0
13749 0
13750 2
13751 2
13752 2
13753 7
13754 12
13755 0
13756 0
13757 7
13758 8
13759 0
13760 0
13761 0
13762 0
13763 0
13764 0
13765 2
13766 0
13767 2
13768 2
13769 0
13770 0
13771 2
13772 0
13773 2
13774 2
13775 2
13776 2
13777 0
13778 2
13779 0
13780 2
13781 2
13782 2
13783 0
13784 0
13785 0
13786 0
13787 0
13788 2
13789 2
13790 0
13791 3
13792 3
13793 3
13794 2
13795 0
13796 2
13797 6
13798 0
13799 2
13800 2
13801 0
13802 0
13803 0
13804 2
13805 2
13806 3
13807 2
13808 0
13809 11
13810 6
13811 0
13812 0
13813 7
13814 2
13815 3
13816 0
13817 2
13818 0
13819 7
13820 0
13821 7
13822 0
13823 0
13824 2
13825 2
13826 3
13827 3
13828 0
13829 0
13830 2
13831 0
13832 2
13833 2
13834 0
13835 0
13836 7
13837 2
13838 8
13839 0
13840 0
13841 0
13842 0
13843 0
13844 11
13845 0
13846 2
13847 0
13848 3
13849 0
13850 0
13851 0
13852 3
13853 2
13854 2
13855 3
13856 8
13857 0
13858 0
13859 2
13860 6
13861 7
13862 0
13863 0
13864 0
13865 2
13866 2
13867 11
13868 0
13869 3
13870 2
13871 0
13872 0
13873 7
13874 0
13875 0
13876 3
13877 3
13878 0
13879 0
13880 3
13881 0
13882 7
13883 0
13884 0
13885 0
13886 0
13887 2
13888 2
13889 6
13890 0
13891 0
13892 0
13893 3
13894 2
13895 2
13896 0
13897 2
13898 0
13899 3
13900 0
13901 0
13902 3
13903 2
13904 2
13905 2
13906 6
13907 3
13908 2
13909 7
13910 2
13911 2
13912 0
13913 0
13914 0
13915 11
13916 0
13917 7
13918 2
13919 2
13920 0
13921 0
13922 2
13923 0
13924 0
13925 3
13926 2
13927 2
13928 0
13929 0
13930 0
13931 7
13932 0
13933 2
13934 3
13935 2
13936 3
13937 5
13938 3
13939 0
13940 2
13941 7
13942 2
13943 2
13944 2
13945 2
13946 0
13947 3
13948 3
13949 0
13950 3
13951 2
13952 2
13953 2
13954 2
13955 2
13956 2
13957 7
13958 7
13959 2
13960 3
13961 3
13962 3
13963 2
13964 7
13965 11
13966 0
13967 0
13968 2
13969 2
13970 2
13971 0
13972 0
13973 0
13974 6
13975 3
13976 0
13977 2
13978 3
13979 2
13980 0
13981 0
13982 2
13983 2
13984 0
13985 7
13986 2
13987 2
13988 0
13989 0
13990 2
13991 2
13992 8
13993 3
13994 2
13995 2
13996 0
13997 3
13998 0
13999 7
14000 3
14001 2
14002 3
14003 0
14004 2
14005 0
14006 2
14007 0
14008 3
14009 2
14010 7
14011 2
14012 2
14013 2
14014 2
14015 2
14016 0
14017 0
14018 0
14019 0
14020 8
14021 7
14022 2
14023 0
14024 0
14025 3
14026 0
14027 7
14028 0
14029 0
14030 3
14031 2
14032 2
14033 3
14034 6
14035 2
14036 7
14037 2
14038 3
14039 0
14040 0
14041 0
14042 2
14043 0
14044 0
14045 2
14046 0
14047 2
14048 0
14049 2
14050 2
14051 6
14052 0
14053 0
14054 0
14055 0
14056 2
14057 2
14058 2
14059 2
14060 0
14061 2
14062 2
14063 2
14064 3
14065 3
14066 7
14067 2
14068 2
14069 0
14070 6
14071 7
14072 0
14073 0
14074 3
14075 0
14076 2
14077 3
14078 2
14079 0
14080 0
14081 2
14082 0
14083 2
14084 0
14085 11
14086 0
14087 2
14088 0
14089 0
14090 2
14091 0
14092 0
14093 0
14094 0
14095 0
14096 0
14097 2
14098 0
14099 8
14100 0
14101 2
14102 0
14103 2
14104 2
14105 2
14106 2
14107 14
14108 2
14109 7
14110 0
14111 2
14112 0
14113 2
14114 0
14115 0
14116 0
14117 0
14118 0
14119 0
14120 0
14121 0
14122 0
14123 0
14124 8
14125 0
14126 0
14127 2
14128 0
14129 0
14130 0
14131 0
14132 0
14133 0
14134 2
14135 0
14136 0
14137 2
14138 2
14139 0
14140 7
14141 2
14142 7
14143 2
14144 0
14145 2
14146 0
14147 0
14148 3
14149 2
14150 0
14151 0
14152 0
14153 0
14154 2
14155 8
14156 2
14157 2
14158 0
14159 0
14160 2
14161 2
14162 0
14163 0
14164 6
14165 0
14166 0
14167 0
14168 2
14169 0
14170 3
14171 0
14172 2
14173 2
14174 2
14175 0
14176 0
14177 2
14178 0
14179 2
14180 0
14181 2
14182 0
14183 0
14184 0
14185 0
14186 3
14187 2
14188 3
14189 2
14190 0
14191 0
14192 0
14193 0
14194 3
14195 8
14196 2
14197 0
14198 0
14199 0
14200 2
14201 2
14202 3
14203 0
14204 0
14205 2
14206 3
14207 2
14208 2
14209 11
14210 0
14211 3
14212 2
14213 2
14214 2
14215 0
14216 0
14217 0
14218 0
14219 2
14220 0
14221 2
14222 0
14223 2
14224 0
14225 0
14226 2
14227 0
14228 0
14229 0
14230 0
14231 0
14232 0
14233 0
14234 0
14235 0
14236 2
14237 2
14238 0
14239 2
14240 7
14241 2
14242 0
14243 0
14244 2
14245 0
14246 3
14247 0
14248 2
14249 0
14250 2
14251 2
14252 0
14253 0
14254 0
14255 0
14256 0
14257 0
14258 0
14259 2
14260 0
14261 11
14262 0
14263 0
14264 2
14265 0
14266 0
14267 3
14268 0
14269 2
14270 6
14271 2
14272 0
14273 2
14274 3
14275 0
14276 0
14277 0
14278 2
14279 0
14280 0
14281 2
14282 0
14283 2
14284 2
14285 0
14286 3
14287 0
14288 0
14289 2
14290 7
14291 2
14292 0
14293 11
14294 2
14295 2
14296 2
14297 0
14298 0
14299 2
14300 0
14301 5
14302 2
14303 0
14304 3
14305 7
14306 0
14307 0
14308 0
14309 3
14310 0
14311 0
14312 2
14313 0
14314 3
14315 2
14316 2
14317 0
14318 3
14319 11
14320 0
14321 0
14322 2
14323 0
14324 2
14325 2
14326 2
14327 2
14328 3
14329 3
14330 0
14331 14
14332 0
14333 0
14334 0
14335 11
14336 0
14337 2
14338 0
14339 0
14340 11
14341 0
14342 2
14343 6
14344 0
14345 0
14346 2
14347 2
14348 0
14349 3
14350 7
14351 2
14352 2
14353 7
14354 2
14355 0
14356 2
14357 0
14358 2
14359 0
14360 3
14361 7
14362 2
14363 3
14364 2
14365 2
14366 6
14367 7
14368 0
14369 2
14370 0
14371 0
14372 2
14373 11
14374 0
14375 2
14376 0
14377 2
14378 0
14379 2
14380 0
14381 0
14382 0
14383 2
14384 0
14385 14
14386 2
14387 2
14388 0
14389 7
14390 0
14391 0
14392 2
14393 2
14394 2
14395 2
14396 2
14397 0
14398 2
14399 2
14400 0
14401 2
14402 2
14403 3
14404 2
14405 0
14406 10
14407 3
14408 0
14409 0
14410 7
14411 0
14412 2
14413 2
14414 3
14415 2
14416 3
14417 2
14418 2
14419 3
14420 2
14421 2
14422 0
14423 3
14424 0
14425 2
14426 11
14427 0
14428 0
14429 0
14430 0
14431 11
14432 0
14433 0
14434 2
14435 2
14436 0
14437 0
14438 2
14439 2
14440 3
14441 2
14442 0
14443 2
14444 2
14445 0
14446 3
14447 0
14448 2
14449 2
14450 2
14451 0
14452 6
14453 0
14454 0
14455 3
14456 2
14457 11
14458 2
14459 2
14460 2
14461 2
14462 0
14463 2
14464 2
14465 7
14466 2
14467 0
14468 0
14469 2
14470 0
14471 0
14472 0
14473 0
14474 3
14475 0
14476 2
14477 7
14478 0
14479 0
14480 6
14481 0
14482 2
14483 3
14484 2
14485 2
14486 0
14487 2
14488 3
14489 11
14490 0
14491 2
14492 3
14493 2
14494 8
14495 11
14496 3
14497 7
14498 7
14499 3
14500 3
14501 2
14502 2
14503 0
14504 3
14505 2
14506 0
14507 0
14508 2
14509 0
14510 0
14511 0
14512 11
14513 0
14514 2
14515 2
14516 0
14517 2
14518 2
14519 0
14520 0
14521 0
14522 0
14523 0
14524 2
14525 2
14526 0
14527 12
14528 0
14529 3
14530 0
14531 0
14532 0
14533 3
14534 0
14535 2
14536 7
14537 0
14538 0
14539 0
14540 0
14541 0
14542 2
14543 2
14544 2
14545 2
14546 2
14547 0
14548 3
14549 2
14550 0
14551 2
14552 2
14553 0
14554 11
14555 11
14556 6
14557 7
14558 2
14559 2
14560 0
14561 0
14562 0
14563 0
14564 2
14565 2
14566 2
14567 8
14568 2
14569 2
14570 2
14571 0
14572 0
14573 2
14574 2
14575 0
14576 0
14577 2
14578 0
14579 2
14580 0
14581 0
14582 8
14583 8
14584 2
14585 7
14586 3
14587 0
14588 0
14589 0
14590 0
14591 0
14592 0
14593 2
14594 7
14595 2
14596 0
14597 2
14598 7
14599 3
14600 0
14601 2
14602 0
14603 0
14604 8
14605 2
14606 2
14607 0
14608 0
14609 0
14610 0
14611 2
14612 3
14613 3
14614 3
14615 3
14616 2
14617 0
14618 6
14619 2
14620 2
14621 6
14622 3
14623 0
14624 0
14625 2
14626 0
14627 2
14628 2
14629 3
14630 3
14631 2
14632 0
14633 0
14634 2
14635 2
14636 2
14637 6
14638 3
14639 2
14640 2
14641 0
14642 2
14643 0
14644 0
14645 2
14646 2
14647 2
14648 0
14649 0
14650 0
14651 0
14652 0
14653 0
14654 0
14655 0
14656 2
14657 2
14658 2
14659 7
14660 2
14661 0
14662 2
14663 2
14664 0
14665 0
14666 2
14667 2
14668 3
14669 0
14670 0
14671 0
14672 2
14673 0
14674 7
14675 11
14676 8
14677 2
14678 2
14679 11
14680 3
14681 2
14682 7
14683 3
14684 7
14685 7
14686 6
14687 0
14688 3
14689 2
14690 2
14691 2
14692 2
14693 2
14694 0
14695 0
14696 3
14697 2
14698 2
14699 0
14700 2
14701 0
14702 0
14703 2
14704 0
14705 0
14706 0
14707 7
14708 0
14709 2
14710 3
14711 2
14712 7
14713 2
14714 0
14715 2
14716 0
14717 0
14718 3
14719 0
14720 0
14721 2
14722 14
14723 6
14724 2
14725 3
14726 7
14727 2
14728 2
14729 0
14730 3
14731 2
14732 2
14733 3
14734 2
14735 8
14736 0
14737 0
14738 6
14739 13
14740 3
14741 2
14742 2
14743 2
14744 3
14745 2
14746 2
14747 2
14748 2
14749 2
14750 2
14751 2
14752 2
14753 3
14754 2
14755 8
14756 12
14757 2
14758 7
14759 0
14760 0
14761 0
14762 14
14763 7
14764 2
14765 7
14766 2
14767 6
14768 0
14769 0
14770 2
14771 0
14772 0
14773 3
14774 6
14775 0
14776 0
14777 0
14778 0
14779 0
14780 0
14781 2
14782 0
14783 3
14784 0
14785 0
14786 3
14787 3
14788 0
14789 0
14790 0
14791 8
14792 0
14793 0
14794 0
14795 0
14796 2
14797 2
14798 11
14799 2
14800 2
14801 11
14802 3
14803 0
14804 3
14805 0
14806 2
14807 2
14808 2
14809 11
14810 2
14811 0
14812 8
14813 0
14814 0
14815 2
14816 0
14817 2
14818 0
14819 2
14820 0
14821 2
14822 2
14823 2
14824 2
14825 2
14826 2
14827 0
14828 0
14829 2
14830 8
14831 0
14832 0
14833 2
14834 0
14835 0
14836 0
14837 7
14838 2
14839 2
14840 0
14841 0
14842 0
14843 2
14844 0
14845 0
14846 0
14847 0
14848 2
14849 2
14850 3
14851 2
14852 2
14853 2
14854 3
14855 2
14856 2
14857 0
14858 0
14859 3
14860 2
14861 2
14862 0
14863 0
14864 7
14865 2
14866 2
14867 11
14868 3
14869 2
14870 0
14871 0
14872 2
14873 2
14874 0
14875 2
14876 2
14877 3
14878 2
14879 0
14880 0
14881 7
14882 2
14883 2
14884 7
14885 2
14886 2
14887 2
14888 0
14889 2
14890 2
14891 2
14892 0
14893 0
14894 0
14895 3
14896 0
14897 0
14898 0
14899 2
14900 3
14901 0
14902 2
14903 2
14904 7
14905 0
14906 0
14907 3
14908 0
14909 0
14910 2
14911 2
14912 14
14913 2
14914 8
14915 2
14916 2
14917 2
14918 10
14919 0
14920 2
14921 0
14922 2
14923 2
14924 8
14925 2
14926 0
14927 8
14928 3
14929 0
14930 0
14931 0
14932 0
14933 0
14934 0
14935 0
14936 0
14937 0
14938 0
14939 0
14940 0
14941 2
14942 5
14943 2
14944 0
14945 4
14946 0
14947 2
14948 2
14949 0
14950 0
14951 2
14952 0
14953 0
14954 2
14955 6
14956 3
14957 3
14958 2
14959 2
14960 4
14961 2
14962 3
14963 0
14964 0
14965 2
14966 2
14967 2
14968 0
14969 2
14970 3
14971 2
14972 2
14973 0
14974 2
14975 2
14976 2
14977 2
14978 0
14979 2
14980 0
14981 0
14982 7
14983 0
14984 0
14985 2
14986 3
14987 0
14988 3
14989 0
14990 0
14991 2
14992 2
14993 0
14994 3
14995 2
14996 7
14997 11
14998 2
14999 6
15000 8
15001 2
15002 13
15003 7
15004 6
15005 0
15006 2
15007 8
15008 2
15009 0
15010 3
15011 3
15012 11
15013 2
15014 2
15015 11
15016 0
15017 2
15018 2
15019 2
15020 3
15021 2
15022 2
15023 0
15024 0
15025 2
15026 0
15027 2
15028 8
15029 2
15030 0
15031 7
15032 0
15033 2
15034 0
15035 0
15036 2
15037 0
15038 6
15039 2
15040 8
15041 3
15042 2
15043 2
15044 0
15045 2
15046 6
15047 2
15048 0
15049 0
15050 2
15051 7
15052 0
15053 2
15054 0
15055 0
15056 0
15057 3
15058 2
15059 0
15060 3
15061 0
15062 2
15063 0
15064 2
15065 0
15066 2
15067 3
15068 0
15069 2
15070 0
15071 0
15072 6
15073 3
15074 0
15075 0
15076 0
15077 0
15078 0
15079 0
15080 7
15081 3
15082 0
15083 2
15084 10
15085 11
15086 2
15087 3
15088 2
15089 0
15090 0
15091 3
15092 0
15093 3
15094 0
15095 2
15096 0
15097 8
15098 2
15099 6
15100 0
15101 3
15102 2
15103 2
15104 2
15105 0
15106 0
15107 2
15108 3
15109 2
15110 2
15111 2
15112 3
15113 3
15114 2
15115 2
15116 7
15117 0
15118 2
15119 3
15120 0
15121 2
15122 3
15123 3
15124 2
15125 0
15126 0
15127 0
15128 3
15129 3
15130 2
15131 3
15132 2
15133 3
15134 2
15135 0
15136 3
15137 0
15138 3
15139 2
15140 2
15141 2
15142 6
15143 2
15144 0
15145 0
15146 0
15147 0
15148 0
15149 0
15150 0
15151 0
15152 0
15153 0
15154 0
15155 11
15156 0
15157 2
15158 0
15159 2
15160 0
15161 2
15162 0
15163 0
15164 11
15165 8
15166 8
15167 0
15168 2
15169 2
15170 2
15171 7
15172 0
15173 0
15174 0
15175 2
15176 0
15177 2
15178 0
15179 0
15180 2
15181 0
15182 2
15183 0
15184 2
15185 0
15186 3
15187 2
15188 7
15189 0
15190 0
15191 6
15192 3
15193 0
15194 0
15195 3
15196 2
15197 0
15198 0
15199 0
15200 0
15201 0
15202 2
15203 0
15204 0
15205 2
15206 0
15207 0
15208 0
15209 0
15210 0
15211 0
15212 0
15213 0
15214 0
15215 0
15216 0
15217 0
15218 3
15219 2
15220 3
15221 0
15222 3
15223 2
15224 0
15225 0
15226 0
15227 2
15228 0
15229 0
15230 0
15231 0
15232 0
15233 8
15234 0
15235 0
15236 7
15237 0
15238 0
15239 0
15240 0
15241 11
15242 0
15243 0
15244 0
15245 2
15246 3
15247 0
15248 3
15249 2
15250 0
15251 3
15252 0
15253 2
15254 0
15255 2
15256 0
15257 0
15258 0
15259 0
15260 0
15261 0
15262 0
15263 0
15264 0
15265 2
15266 0
15267 10
15268 2
15269 2
15270 2
15271 2
15272 3
15273 0
15274 2
15275 6
15276 2
15277 0
15278 0
15279 2
15280 2
15281 0
15282 0
15283 2
15284 7
15285 0
15286 2
15287 6
15288 0
15289 2
15290 2
15291 3
15292 2
15293 2
15294 0
15295 0
15296 0
15297 0
15298 0
15299 0
15300 0
15301 0
15302 0
15303 0
15304 2
15305 3
15306 2
15307 2
15308 2
15309 3
15310 0
15311 2
15312 2
15313 10
15314 0
15315 2
15316 3
15317 2
15318 2
15319 6
15320 3
15321 2
15322 2
15323 2
15324 3
15325 2
15326 2
15327 2
15328 7
15329 0
15330 2
15331 2
15332 0
15333 0
15334 0
15335 2
15336 3
15337 3
15338 2
15339 3
15340 2
15341 2
15342 7
15343 2
15344 0
15345 0
15346 0
15347 0
15348 0
15349 2
15350 2
15351 0
15352 2
15353 0
15354 2
15355 0
15356 0
15357 0
15358 0
15359 0
15360 11
15361 0
15362 0
15363 0
15364 2
15365 7
15366 3
15367 3
15368 2
15369 3
15370 3
15371 0
15372 2
15373 0
15374 2
15375 0
15376 2
15377 2
15378 2
15379 0
15380 2
15381 2
15382 0
15383 0
15384 0
15385 7
15386 0
15387 0
15388 3
15389 0
15390 2
15391 0
15392 2
15393 0
15394 2
15395 2
15396 0
15397 2
15398 7
15399 0
15400 0
15401 11
15402 2
15403 0
15404 2
15405 2
15406 0
15407 3
15408 0
15409 0
15410 2
15411 3
15412 3
15413 2
15414 0
15415 2
15416 0
15417 0
15418 3
15419 0
15420 3
15421 2
15422 0
15423 7
15424 2
15425 2
15426 2
15427 8
15428 2
15429 0
15430 2
15431 6
15432 2
15433 2
15434 3
15435 2
15436 7
15437 2
15438 2
15439 6
15440 2
15441 2
15442 0
15443 2
15444 2
15445 2
15446 0
15447 7
15448 0
15449 2
15450 2
15451 0
15452 0
15453 0
15454 0
15455 0
15456 3
15457 2
15458 2
15459 7
15460 0
15461 0
15462 2
15463 11
15464 2
15465 3
15466 2
15467 0
15468 7
15469 2
15470 0
15471 2
15472 2
15473 0
15474 2
15475 8
15476 13
15477 2
15478 2
15479 2
15480 2
15481 8
15482 0
15483 3
15484 2
15485 2
15486 0
15487 2
15488 8
15489 2
15490 11
15491 2
15492 2
15493 2
15494 3
15495 3
15496 6
15497 2
15498 0
15499 0
15500 2
15501 2
15502 2
15503 11
15504 2
15505 2
15506 3
15507 2
15508 0
15509 3
15510 2
15511 8
15512 2
15513 0
15514 0
15515 10
15516 0
15517 11
15518 0
15519 3
15520 2
15521 0
15522 2
15523 11
15524 0
15525 14
15526 8
15527 0
15528 0
15529 2
15530 2
15531 0
15532 0
15533 2
15534 2
15535 2
15536 6
15537 0
15538 2
15539 2
15540 0
15541 0
15542 0
15543 0
15544 3
15545 0
15546 2
15547 2
15548 2
15549 0
15550 0
15551 2
15552 2
15553 7
15554 0
15555 2
15556 3
15557 0
15558 6
15559 7
15560 0
15561 7
15562 0
15563 0
15564 2
15565 2
15566 0
15567 7
15568 0
15569 14
15570 0
15571 0
15572 2
15573 6
15574 3
15575 2
15576 0
15577 0
15578 12
15579 2
15580 3
15581 2
15582 2
15583 0
15584 0
15585 0
15586 2
15587 2
15588 7
15589 7
15590 2
15591 0
15592 2
15593 0
15594 0
15595 0
15596 2
15597 2
15598 0
15599 0
15600 11
15601 2
15602 2
15603 2
15604 2
15605 6
15606 0
15607 7
15608 0
15609 2
15610 0
15611 0
15612 7
15613 2
15614 0
15615 0
15616 0
15617 2
15618 2
15619 2
15620 3
15621 0
15622 0
15623 0
15624 7
15625 2
15626 0
15627 7
15628 2
15629 0
15630 2
15631 0
15632 2
15633 0
15634 2
15635 0
15636 7
15637 6
15638 2
15639 0
15640 0
15641 2
15642 0
15643 7
15644 2
15645 2
15646 0
15647 0
15648 0
15649 6
15650 11
15651 0
15652 2
15653 2
15654 2
15655 0
15656 7
15657 7
15658 2
15659 0
15660 0
15661 2
15662 3
15663 6
15664 2
15665 0
15666 3
15667 8
15668 0
15669 2
15670 2
15671 3
15672 0
15673 0
15674 2
15675 2
15676 7
15677 2
15678 2
15679 2
15680 2
15681 0
15682 0
15683 2
15684 0
15685 2
15686 0
15687 2
15688 2
15689 3
15690 0
15691 7
15692 2
15693 2
15694 0
15695 0
15696 0
15697 0
15698 2
15699 7
15700 0
15701 8
15702 0
15703 2
15704 7
15705 2
15706 3
15707 2
15708 0
15709 6
15710 2
15711 0
15712 0
15713 2
15714 2
15715 2
15716 0
15717 2
15718 0
15719 2
15720 11
15721 2
15722 2
15723 0
15724 9
15725 6
15726 2
15727 2
15728 3
15729 2
15730 3
15731 2
15732 2
15733 2
15734 0
15735 10
15736 2
15737 2
15738 0
15739 2
15740 2
15741 0
15742 0
15743 6
15744 2
15745 2
15746 8
15747 0
15748 0
15749 0
15750 2
15751 2
15752 0
15753 0
15754 0
15755 0
15756 0
15757 0
15758 0
15759 6
15760 0
15761 0
15762 2
15763 0
15764 2
15765 2
15766 2
15767 14
15768 0
15769 6
15770 0
15771 14
15772 0
15773 2
15774 0
15775 0
15776 0
15777 0
15778 2
15779 2
15780 2
15781 7
15782 7
15783 2
15784 0
15785 0
15786 3
15787 2
15788 0
15789 2
15790 0
15791 2
15792 0
15793 0
15794 2
15795 0
15796 0
15797 2
15798 2
15799 0
15800 8
15801 2
15802 3
15803 0
15804 6
15805 2
15806 8
15807 2
15808 2
15809 2
15810 0
15811 2
15812 0
15813 11
15814 2
15815 0
15816 2
15817 0
15818 2
15819 0
15820 2
15821 2
15822 2
15823 2
15824 2
15825 0
15826 0
15827 2
15828 7
15829 6
15830 11
15831 0
15832 0
15833 0
15834 2
15835 0
15836 0
15837 3
15838 0
15839 0
15840 2
15841 7
15842 2
15843 2
15844 2
15845 2
15846 0
15847 0
15848 3
15849 14
15850 3
15851 2
15852 7
15853 2
15854 3
15855 0
15856 0
15857 3
15858 7
15859 2
15860 0
15861 2
15862 2
15863 3
15864 6
15865 2
15866 0
15867 2
15868 7
15869 2
15870 0
15871 0
15872 0
15873 2
15874 0
15875 0
15876 2
15877 0
15878 0
15879 2
15880 0
15881 2
15882 7
15883 7
15884 2
15885 11
15886 2
15887 2
15888 0
15889 0
15890 2
15891 2
15892 2
15893 2
15894 0
15895 2
15896 7
15897 0
15898 2
15899 2
15900 2
15901 0
15902 0
15903 2
15904 0
15905 8
15906 2
15907 0
15908 2
15909 2
15910 0
15911 0
15912 2
15913 2
15914 2
15915 2
15916 2
15917 6
15918 2
15919 2
15920 3
15921 2
15922 0
15923 0
15924 0
15925 0
15926 0
15927 3
15928 3
15929 7
15930 0
15931 0
15932 2
15933 0
15934 2
15935 0
15936 0
15937 2
15938 2
15939 0
15940 0
15941 7
15942 0
15943 7
15944 2
15945 0
15946 0
15947 3
15948 0
15949 0
15950 0
15951 3
15952 2
15953 0
15954 7
15955 2
15956 0
15957 0
15958 0
15959 2
15960 2
15961 2
15962 2
15963 3
15964 0
15965 2
15966 0
15967 2
15968 2
15969 3
15970 2
15971 0
15972 0
15973 0
15974 2
15975 2
15976 0
15977 7
15978 2
15979 7
15980 2
15981 0
15982 0
15983 0
15984 2
15985 3
15986 0
15987 7
15988 6
15989 2
15990 2
15991 0
15992 2
15993 0
15994 3
15995 0
15996 2
15997 2
15998 10
15999 2
16000 0
16001 2
16002 2
16003 2
16004 2
16005 0
16006 0
16007 2
16008 0
16009 0
16010 0
16011 2
16012 2
16013 2
16014 2
16015 2
16016 0
16017 7
16018 8
16019 2
16020 0
16021 0
16022 0
16023 0
16024 0
16025 0
16026 0
16027 7
16028 7
16029 0
16030 0
16031 0
16032 0
16033 2
16034 2
16035 0
16036 2
16037 0
16038 0
16039 0
16040 0
16041 0
16042 0
16043 0
16044 3
16045 7
16046 2
16047 0
16048 2
16049 2
16050 5
16051 0
16052 2
16053 8
16054 2
16055 6
16056 0
16057 0
16058 3
16059 0
16060 3
16061 0
16062 0
16063 2
16064 3
16065 2
16066 2
16067 7
16068 2
16069 0
16070 7
16071 0
16072 2
16073 0
16074 0
16075 0
16076 0
16077 0
16078 0
16079 0
16080 0
16081 0
16082 0
16083 0
16084 0
16085 0
16086 2
16087 0
16088 2
16089 3
16090 2
16091 3
16092 0
16093 0
16094 7
16095 2
16096 2
16097 0
16098 0
16099 2
16100 0
16101 2
16102 0
16103 0
16104 0
16105 0
16106 2
16107 0
16108 2
16109 0
16110 2
16111 2
16112 2
16113 2
16114 0
16115 0
16116 8
16117 2
16118 2
16119 2
16120 6
16121 0
16122 2
16123 2
16124 0
16125 2
16126 6
16127 10
16128 7
16129 3
16130 2
16131 2
16132 0
16133 8
16134 0
16135 3
16136 2
16137 0
16138 0
16139 6
16140 12
16141 0
16142 2
16143 11
16144 2
16145 0
16146 0
16147 0
16148 0
16149 2
16150 3
16151 0
16152 2
16153 7
16154 6
16155 0
16156 0
16157 2
16158 7
16159 0
16160 2
16161 2
16162 6
16163 2
16164 2
16165 7
16166 0
16167 2
16168 2
16169 11
16170 0
16171 0
16172 0
16173 3
16174 0
16175 0
16176 0
16177 7
16178 2
16179 2
16180 0
16181 2
16182 2
16183 2
16184 2
16185 0
16186 6
16187 2
16188 6
16189 2
16190 2
16191 2
16192 0
16193 0
16194 0
16195 0
16196 0
16197 3
16198 7
16199 0
16200 14
16201 11
16202 0
16203 0
16204 0
16205 0
16206 0
16207 11
16208 2
16209 8
16210 2
16211 2
16212 0
16213 2
16214 2
16215 3
16216 0
16217 2
16218 8
16219 2
16220 0
16221 2
16222 0
16223 0
16224 8
16225 2
16226 2
16227 0
16228 0
16229 2
16230 0
16231 2
16232 0
16233 0
16234 0
16235 0
16236 2
16237 6
16238 0
16239 2
16240 0
16241 5
16242 0
16243 2
16244 0
16245 2
16246 0
16247 0
16248 0
16249 2
16250 0
16251 0
16252 0
16253 0
16254 11
16255 0
16256 0
16257 2
16258 2
16259 2
16260 3
16261 3
16262 3
16263 2
16264 0
16265 0
16266 2
16267 0
16268 0
16269 0
16270 0
16271 0
16272 3
16273 0
16274 0
16275 14
16276 0
16277 0
16278 0
16279 2
16280 2
16281 6
16282 3
16283 2
16284 2
16285 0
16286 3
16287 7
16288 3
16289 11
16290 0
16291 7
16292 2
16293 2
16294 7
16295 0
16296 0
16297 0
16298 2
16299 2
16300 7
16301 7
16302 2
16303 2
16304 0
16305 0
16306 2
16307 0
16308 2
16309 2
16310 2
16311 0
16312 0
16313 0
16314 7
16315 0
16316 2
16317 2
16318 2
16319 0
16320 0
16321 0
16322 0
16323 7
16324 0
16325 2
16326 0
16327 2
16328 6
16329 2
16330 7
16331 2
16332 2
16333 2
16334 2
16335 7
16336 0
16337 11
16338 3
16339 0
16340 0
16341 0
16342 3
16343 0
16344 2
16345 2
16346 3
16347 3
16348 6
16349 0
16350 6
16351 2
16352 7
16353 2
16354 0
16355 2
16356 0
16357 7
16358 0
16359 2
16360 2
16361 0
16362 0
16363 2
16364 2
16365 11
16366 2
16367 2
16368 0
16369 2
16370 0
16371 3
16372 2
16373 7
16374 2
16375 0
16376 3
16377 0
16378 3
16379 2
16380 2
16381 2
16382 7
16383 3
16384 7
16385 3
16386 0
16387 2
16388 0
16389 2
16390 2
16391 2
16392 2
16393 0
16394 8
16395 7
16396 3
16397 2
16398 2
16399 2
16400 0
16401 0
16402 0
16403 2
16404 11
16405 0
16406 0
16407 3
16408 0
16409 0
16410 0
16411 0
16412 0
16413 2
16414 0
16415 0
16416 0
16417 2
16418 0
16419 0
16420 3
16421 0
16422 2
16423 0
16424 3
16425 0
16426 3
16427 6
16428 2
16429 2
16430 2
16431 0
16432 0
16433 0
16434 0
16435 2
16436 2
16437 6
16438 3
16439 2
16440 2
16441 0
16442 0
16443 0
16444 11
16445 0
16446 0
16447 0
16448 2
16449 2
16450 2
16451 2
16452 0
16453 0
16454 6
16455 0
16456 6
16457 0
16458 0
16459 2
16460 2
16461 0
16462 2
16463 0
16464 0
16465 2
16466 2
16467 0
16468 0
16469 3
16470 0
16471 0
16472 2
16473 0
16474 2
16475 8
16476 0
16477 2
16478 0
16479 0
16480 2
16481 0
16482 10
16483 2
16484 2
16485 7
16486 0
16487 2
16488 7
16489 2
16490 0
16491 0
16492 0
16493 0
16494 8
16495 0
16496 0
16497 0
16498 0
16499 2
16500 0
16501 0
16502 0
16503 2
16504 0
16505 0
16506 0
16507 0
16508 0
16509 2
16510 7
16511 0
16512 0
16513 0
16514 0
16515 0
16516 0
16517 2
16518 0
16519 2
16520 0
16521 7
16522 0
16523 2
16524 0
16525 2
16526 0
16527 0
16528 0
16529 11
16530 0
16531 0
16532 2
16533 0
16534 2
16535 0
16536 2
16537 0
16538 0
16539 0
16540 0
16541 0
16542 0
16543 2
16544 0
16545 3
16546 0
16547 0
16548 0
16549 0
16550 0
16551 0
16552 0
16553 0
16554 0
16555 0
16556 3
16557 7
16558 0
16559 0
16560 0
16561 0
16562 2
16563 2
16564 0
16565 0
16566 3
16567 0
16568 0
16569 2
16570 3
16571 11
16572 0
16573 2
16574 0
16575 0
16576 0
16577 2
16578 0
16579 0
16580 3
16581 0
16582 0
16583 0
16584 0
16585 0
16586 3
16587 2
16588 0
16589 0
16590 3
16591 6
16592 0
16593 3
16594 7
16595 0
16596 8
16597 0
16598 3
16599 7
16600 11
16601 2
16602 6
16603 7
16604 3
16605 0
16606 0
16607 6
16608 0
16609 0
16610 2
16611 3
16612 2
16613 0
16614 0
16615 2
16616 2
16617 0
16618 0
16619 2
16620 2
16621 0
16622 0
16623 2
16624 0
16625 0
16626 3
16627 2
16628 11
16629 0
16630 2
16631 0
16632 0
16633 0
16634 7
16635 7
16636 0
16637 6
16638 0
16639 3
16640 0
16641 0
16642 0
16643 7
16644 8
16645 11
16646 0
16647 6
16648 2
16649 2
16650 0
16651 2
16652 11
16653 0
16654 2
16655 0
16656 11
16657 0
16658 11
16659 0
16660 7
16661 2
16662 3
16663 0
16664 2
16665 2
16666 2
16667 0
16668 7
16669 0
16670 2
16671 0
16672 7
16673 0
16674 7
16675 3
16676 0
16677 0
16678 2
16679 0
16680 2
16681 0
16682 2
16683 0
16684 0
16685 0
16686 3
16687 0
16688 0
16689 2
16690 0
16691 0
16692 2
16693 11
16694 0
16695 0
16696 8
16697 0
16698 0
16699 0
16700 6
16701 7
16702 0
16703 0
16704 2
16705 2
16706 0
16707 2
16708 0
16709 0
16710 0
16711 2
16712 0
16713 0
16714 2
16715 0
16716 7
16717 0
16718 0
16719 0
16720 0
16721 7
16722 2
16723 0
16724 0
16725 0
16726 2
16727 2
16728 2
16729 2
16730 0
16731 0
16732 0
16733 0
16734 2
16735 3
16736 2
16737 0
16738 2
16739 0
16740 0
16741 3
16742 0
16743 0
16744 2
16745 3
16746 0
16747 0
16748 0
16749 0
16750 0
16751 2
16752 0
16753 0
16754 7
16755 0
16756 2
16757 0
16758 0
16759 0
16760 0
16761 0
16762 0
16763 0
16764 2
16765 0
16766 0
16767 0
16768 0
16769 2
16770 0
16771 0
16772 0
16773 0
16774 2
16775 0
16776 0
16777 0
16778 2
16779 0
16780 0
16781 0
16782 2
16783 7
16784 3
16785 0
16786 0
16787 2
16788 0
16789 0
16790 3
16791 0
16792 2
16793 0
16794 2
16795 0
16796 0
16797 14
16798 0
16799 0
16800 0
16801 0
16802 0
16803 2
16804 0
16805 2
16806 0
16807 0
16808 2
16809 2
16810 2
16811 2
16812 2
16813 0
16814 7
16815 0
16816 0
16817 0
16818 0
16819 0
16820 0
16821 0
16822 0
16823 7
16824 2
16825 3
16826 3
16827 3
16828 8
16829 0
16830 2
16831 0
16832 2
16833 7
16834 0
16835 0
16836 2
16837 0
16838 0
16839 0
16840 3
16841 2
16842 0
16843 6
16844 2
16845 3
16846 11
16847 3
16848 11
16849 3
16850 2
16851 2
16852 0
16853 7
16854 6
16855 6
16856 6
16857 2
16858 0
16859 2
16860 3
16861 3
16862 2
16863 2
16864 2
16865 3
16866 0
16867 7
16868 2
16869 2
16870 0
16871 2
16872 2
16873 0
16874 0
16875 11
16876 3
16877 2
16878 0
16879 2
16880 2
16881 2
16882 6
16883 0
16884 2
16885 7
16886 0
16887 2
16888 2
16889 0
16890 2
16891 0
16892 0
16893 0
16894 3
16895 2
16896 0
16897 9
16898 0
16899 11
16900 0
16901 2
16902 2
16903 0
16904 0
16905 2
16906 6
16907 3
16908 0
16909 3
16910 0
16911 0
16912 2
16913 0
16914 8
16915 0
16916 0
16917 7
16918 2
16919 2
16920 2
16921 2
16922 6
16923 7
16924 14
16925 3
16926 2
16927 0
16928 3
16929 0
16930 2
16931 0
16932 0
16933 0
16934 7
16935 0
16936 2
16937 0
16938 2
16939 7
16940 0
16941 2
16942 2
16943 7
16944 0
16945 3
16946 3
16947 2
16948 2
16949 11
16950 0
16951 0
16952 2
16953 0
16954 2
16955 2
16956 2
16957 0
16958 0
16959 0
16960 0
16961 2
16962 0
16963 0
16964 2
16965 0
16966 0
16967 2
16968 0
16969 0
16970 2
16971 2
16972 2
16973 0
16974 2
16975 2
16976 2
16977 2
16978 2
16979 0
16980 11
16981 2
16982 11
16983 0
16984 2
16985 2
16986 2
16987 3
16988 2
16989 6
16990 2
16991 0
16992 0
16993 0
16994 2
16995 2
16996 2
16997 2
16998 2
16999 0
17000 7
17001 14
17002 2
17003 14
17004 7
17005 2
17006 3
17007 6
17008 2
17009 0
17010 2
17011 0
17012 6
17013 6
17014 2
17015 2
17016 3
17017 2
17018 7
17019 2
17020 3
17021 6
17022 2
17023 2
17024 2
17025 14
17026 0
17027 0
17028 0
17029 7
17030 3
17031 6
17032 3
17033 7
17034 2
17035 2
17036 2
17037 2
17038 7
17039 2
17040 0
17041 0
17042 6
17043 2
17044 0
17045 0
17046 2
17047 0
17048 0
17049 3
17050 0
17051 3
17052 11
17053 6
17054 0
17055 0
17056 2
17057 7
17058 0
17059 2
17060 3
17061 2
17062 0
17063 2
17064 2
17065 0
17066 0
17067 8
17068 2
17069 2
17070 0
17071 3
17072 2
17073 0
17074 0
17075 8
17076 0
17077 2
17078 10
17079 0
17080 2
17081 0
17082 0
17083 0
17084 0
17085 0
17086 0
17087 0
17088 0
17089 0
17090 0
17091 0
17092 11
17093 0
17094 0
17095 2
17096 0
17097 0
17098 3
17099 0
17100 8
17101 0
17102 0
17103 0
17104 2
17105 0
17106 8
17107 0
17108 0
17109 0
17110 2
17111 2
17112 0
17113 3
17114 0
17115 3
17116 3
17117 7
17118 2
17119 2
17120 0
17121 0
17122 2
17123 0
17124 0
17125 6
17126 2
17127 0
17128 0
17129 2
17130 3
17131 2
17132 2
17133 12
17134 0
17135 11
17136 0
17137 2
17138 2
17139 0
17140 0
17141 2
17142 2
17143 0
17144 7
17145 2
17146 2
17147 2
17148 0
17149 2
17150 2
17151 7
17152 7
17153 5
17154 0
17155 0
17156 0
17157 2
17158 3
17159 2
17160 2
17161 11
17162 7
17163 11
17164 0
17165 2
17166 0
17167 0
17168 2
17169 2
17170 0
17171 2
17172 0
17173 2
17174 0
17175 7
17176 3
17177 2
17178 2
17179 11
17180 0
17181 0
17182 2
17183 0
17184 2
17185 0
17186 0
17187 0
17188 2
17189 3
17190 0
17191 2
17192 2
17193 2
17194 3
17195 3
17196 0
17197 2
17198 2
17199 2
17200 2
17201 3
17202 2
17203 3
17204 11
17205 2
17206 0
17207 2
17208 2
17209 0
17210 5
17211 2
17212 3
17213 0
17214 0
17215 2
17216 0
17217 2
17218 3
17219 2
17220 2
17221 0
17222 0
17223 2
17224 0
17225 3
17226 2
17227 2
17228 7
17229 0
17230 2
17231 2
17232 2
17233 2
17234 2
17235 2
17236 2
17237 0
17238 0
17239 2
17240 2
17241 0
17242 0
17243 3
17244 2
17245 3
17246 0
17247 2
17248 2
17249 0
17250 0
17251 0
17252 2
17253 2
17254 3
17255 0
17256 2
17257 2
17258 3
17259 2
17260 2
17261 7
17262 0
17263 2
17264 0
17265 2
17266 3
17267 3
17268 2
17269 2
17270 2
17271 0
17272 0
17273 0
17274 0
17275 0
17276 3
17277 10
17278 0
17279 2
17280 3
17281 2
17282 2
17283 7
17284 2
17285 11
17286 0
17287 0
17288 0
17289 0
17290 0
17291 0
17292 2
17293 6
17294 2
17295 2
17296 0
17297 2
17298 2
17299 0
17300 0
17301 8
17302 2
17303 2
17304 0
17305 6
17306 2
17307 0
17308 0
17309 0
17310 0
17311 0
17312 0
17313 2
17314 0
17315 2
17316 11
17317 6
17318 0
17319 3
17320 2
17321 2
17322 2
17323 3
17324 3
17325 0
17326 0
17327 0
17328 0
17329 2
17330 0
17331 0
17332 2
17333 2
17334 0
17335 0
17336 2
17337 0
17338 0
17339 2
17340 2
17341 0
17342 2
17343 2
17344 3
17345 2
17346 2
17347 0
17348 0
17349 0
17350 0
17351 0
17352 0
17353 0
17354 0
17355 2
17356 0
17357 3
17358 0
17359 0
17360 0
17361 0
17362 0
17363 2
17364 0
17365 0
17366 0
17367 0
17368 2
17369 2
17370 7
17371 0
17372 0
17373 2
17374 2
17375 2
17376 3
17377 11
17378 0
17379 3
17380 0
17381 10
17382 2
17383 2
17384 0
17385 2
17386 0
17387 0
17388 0
17389 2
17390 0
17391 0
17392 0
17393 3
17394 7
17395 0
17396 0
17397 0
17398 0
17399 0
17400 6
17401 0
17402 2
17403 11
17404 2
17405 5
17406 6
17407 2
17408 0
17409 7
17410 7
17411 0
17412 2
17413 2
17414 0
17415 0
17416 7
17417 0
17418 0
17419 0
17420 0
17421 0
17422 0
17423 2
17424 8
17425 0
17426 3
17427 2
17428 0
17429 0
17430 7
17431 2
17432 7
17433 0
17434 11
17435 0
17436 0
17437 0
17438 0
17439 2
17440 2
17441 2
17442 2
17443 7
17444 7
17445 7
17446 2
17447 0
17448 0
17449 0
17450 0
17451 2
17452 11
17453 2
17454 2
17455 0
17456 7
17457 2
17458 7
17459 0
17460 0
17461 2
17462 2
17463 0
17464 11
17465 2
17466 2
17467 0
17468 7
17469 2
17470 2
17471 3
17472 0
17473 6
17474 14
17475 2
17476 3
17477 2
17478 2
17479 8
17480 7
17481 3
17482 2
17483 2
17484 2
17485 3
17486 2
17487 2
17488 0
17489 6
17490 0
17491 0
17492 0
17493 3
17494 7
17495 7
17496 11
17497 2
17498 7
17499 3
17500 2
17501 11
17502 2
17503 0
17504 7
17505 2
17506 2
17507 0
17508 2
17509 0
17510 3
17511 2
17512 0
17513 2
17514 6
17515 2
17516 0
17517 2
17518 0
17519 2
17520 0
17521 2
17522 7
17523 7
17524 4
17525 2
17526 11
17527 2
17528 2
17529 2
17530 2
17531 2
17532 2
17533 0
17534 3
17535 0
17536 2
17537 2
17538 2
17539 2
17540 11
17541 6
17542 0
17543 2
17544 0
17545 14
17546 7
17547 6
17548 6
17549 6
17550 3
17551 0
17552 0
17553 0
17554 2
17555 0
17556 0
17557 0
17558 7
17559 2
17560 11
17561 0
17562 0
17563 0
17564 0
17565 0
17566 2
17567 3
17568 2
17569 2
17570 0
17571 0
17572 0
17573 0
17574 7
17575 2
17576 2
17577 0
17578 7
17579 2
17580 2
17581 7
17582 2
17583 2
17584 14
17585 2
17586 0
17587 0
17588 0
17589 2
17590 0
17591 2
17592 2
17593 2
17594 3
17595 2
17596 0
17597 2
17598 0
17599 2
17600 3
17601 2
17602 0
17603 2
17604 3
17605 3
17606 0
17607 0
17608 2
17609 2
17610 11
17611 0
17612 0
17613 7
17614 2
17615 2
17616 2
17617 0
17618 2
17619 0
17620 0
17621 8
17622 3
17623 2
17624 0
17625 3
17626 0
17627 0
17628 2
17629 0
17630 0
17631 2
17632 3
17633 2
17634 0
17635 0
17636 2
17637 0
17638 3
17639 0
17640 0
17641 0
17642 0
17643 2
17644 3
17645 7
17646 0
17647 2
17648 2
17649 0
17650 7
17651 6
17652 7
17653 2
17654 2
17655 0
17656 7
17657 2
17658 0
17659 2
17660 0
17661 2
17662 0
17663 0
17664 0
17665 0
17666 2
17667 0
17668 2
17669 3
17670 2
17671 3
17672 0
17673 0
17674 6
17675 0
17676 2
17677 3
17678 0
17679 0
17680 2
17681 6
17682 0
17683 2
17684 7
17685 2
17686 0
17687 2
17688 2
17689 11
17690 3
17691 0
17692 0
17693 0
17694 2
17695 2
17696 0
17697 0
17698 7
17699 7
17700 2
17701 3
17702 7
17703 2
17704 2
17705 0
17706 0
17707 3
17708 2
17709 0
17710 2
17711 0
17712 2
17713 7
17714 2
17715 0
17716 0
17717 0
17718 0
17719 0
17720 0
17721 3
17722 0
17723 2
17724 0
17725 0
17726 2
17727 0
17728 0
17729 8
17730 0
17731 2
17732 2
17733 2
17734 0
17735 2
17736 3
17737 2
17738 2
17739 2
17740 0
17741 0
17742 2
17743 0
17744 0
17745 0
17746 2
17747 0
17748 0
17749 2
17750 0
17751 0
17752 2
17753 2
17754 2
17755 2
17756 3
17757 6
17758 2
17759 7
17760 3
17761 0
17762 2
17763 0
17764 0
17765 0
17766 0
17767 7
17768 2
17769 3
17770 2
17771 0
17772 2
17773 0
17774 7
17775 2
17776 8
17777 2
17778 3
17779 0
17780 0
17781 0
17782 2
17783 0
17784 2
17785 2
17786 0
17787 2
17788 0
17789 8
17790 8
17791 0
17792 2
17793 0
17794 0
17795 2
17796 0
17797 2
17798 0
17799 0
17800 0
17801 2
17802 2
17803 0
17804 0
17805 0
17806 7
17807 0
17808 8
17809 2
17810 2
17811 0
17812 0
17813 2
17814 0
17815 0
17816 2
17817 2
17818 0
17819 0
17820 0
17821 2
17822 2
17823 2
17824 2
17825 2
17826 0
17827 7
17828 0
17829 0
17830 0
17831 0
17832 0
17833 2
17834 3
17835 2
17836 0
17837 2
17838 2
17839 11
17840 2
17841 2
17842 6
17843 2
17844 2
17845 2
17846 2
17847 0
17848 13
17849 7
17850 2
17851 0
17852 13
17853 2
17854 7
17855 2
17856 2
17857 7
17858 0
17859 2
17860 0
17861 2
17862 2
17863 3
17864 3
17865 2
17866 0
17867 0
17868 7
17869 6
17870 2
17871 2
17872 2
17873 0
17874 0
17875 2
17876 0
17877 7
17878 0
17879 2
17880 2
17881 0
17882 2
17883 2
17884 2
17885 2
17886 2
17887 2
17888 2
17889 0
17890 2
17891 0
17892 0
17893 0
17894 0
17895 0
17896 2
17897 0
17898 8
17899 2
17900 0
17901 2
17902 0
17903 0
17904 3
17905 0
17906 0
17907 0
17908 0
17909 0
17910 0
17911 0
17912 3
17913 0
17914 0
17915 0
17916 0
17917 0
17918 3
17919 7
17920 2
17921 0
17922 3
17923 0
17924 0
17925 13
17926 2
17927 2
17928 0
17929 2
17930 2
17931 2
17932 0
17933 0
17934 2
17935 12
17936 2
17937 0
17938 0
17939 0
17940 0
17941 0
17942 0
17943 2
17944 2
17945 0
17946 2
17947 3
17948 2
17949 2
17950 0
17951 0
17952 0
17953 2
17954 0
17955 0
17956 0
17957 7
17958 0
17959 0
17960 0
17961 2
17962 6
17963 2
17964 0
17965 0
17966 0
17967 8
17968 0
17969 2
17970 2
17971 2
17972 2
17973 0
17974 0
17975 3
17976 2
17977 2
17978 2
17979 2
17980 2
17981 0
17982 0
17983 0
17984 0
17985 0
17986 0
17987 2
17988 0
17989 6
17990 2
17991 2
17992 2
17993 2
17994 14
17995 7
17996 11
17997 2
17998 5
17999 0
18000 2
18001 0
18002 2
18003 0
18004 0
18005 0
18006 0
18007 0
18008 2
18009 0
18010 2
18011 2
18012 0
18013 2
18014 0
18015 2
18016 0
18017 2
18018 7
18019 0
18020 3
18021 8
18022 0
18023 2
18024 0
18025 11
18026 0
18027 0
18028 0
18029 0
18030 2
18031 0
18032 2
18033 3
18034 3
18035 0
18036 0
18037 2
18038 0
18039 2
18040 3
18041 0
18042 0
18043 2
18044 0
18045 0
18046 0
18047 3
18048 0
18049 0
18050 2
18051 0
18052 0
18053 2
18054 7
18055 0
18056 2
18057 3
18058 0
18059 3
18060 2
18061 2
18062 0
18063 0
18064 0
18065 0
18066 0
18067 2
18068 0
18069 0
18070 2
18071 3
18072 0
18073 0
18074 0
18075 3
18076 3
18077 0
18078 6
18079 3
18080 0
18081 0
18082 0
18083 0
18084 0
18085 0
18086 7
18087 0
18088 0
18089 0
18090 0
18091 0
18092 0
18093 0
18094 0
18095 6
18096 0
18097 0
18098 2
18099 0
18100 0
18101 0
18102 0
18103 0
18104 0
18105 0
18106 0
18107 0
18108 0
18109 0
18110 0
18111 0
18112 2
18113 0
18114 0
18115 0
18116 0
18117 0
18118 0
18119 0
18120 0
18121 0
18122 0
18123 0
18124 0
18125 3
18126 0
18127 0
18128 0
18129 0
18130 0
18131 0
18132 0
18133 0
18134 0
18135 0
18136 0
18137 0
18138 0
18139 2
18140 0
18141 0
18142 0
18143 0
18144 0
18145 0
18146 0
18147 6
18148 3
18149 0
18150 2
18151 0
18152 2
18153 2
18154 0
18155 2
18156 2
18157 2
18158 0
18159 0
18160 0
18161 3
18162 0
18163 2
18164 0
18165 0
18166 7
18167 3
18168 3
18169 0
18170 0
18171 2
18172 7
18173 3
18174 7
18175 2
18176 0
18177 0
18178 0
18179 0
18180 2
18181 3
18182 2
18183 8
18184 0
18185 0
18186 0
18187 3
18188 2
18189 2
18190 2
18191 7
18192 2
18193 2
18194 2
18195 0
18196 3
18197 7
18198 2
18199 2
18200 2
18201 0
18202 3
18203 2
18204 3
18205 2
18206 0
18207 3
18208 0
18209 0
18210 2
18211 2
18212 2
18213 0
18214 0
18215 2
18216 0
18217 0
18218 2
18219 0
18220 2
18221 2
18222 7
18223 3
18224 0
18225 2
18226 0
18227 0
18228 0
18229 2
18230 2
18231 0
18232 0
18233 3
18234 3
18235 2
18236 2
18237 2
18238 7
18239 12
18240 14
18241 2
18242 3
18243 0
18244 2
18245 11
18246 0
18247 3
18248 0
18249 0
18250 0
18251 2
18252 3
18253 0
18254 2
18255 2
18256 7
18257 0
18258 7
18259 6
18260 0
18261 0
18262 0
18263 0
18264 0
18265 0
18266 2
18267 0
18268 0
18269 3
18270 0
18271 2
18272 0
18273 3
18274 2
18275 0
18276 0
18277 3
18278 0
18279 3
18280 3
18281 0
18282 2
18283 0
18284 0
18285 0
18286 0
18287 3
18288 3
18289 3
18290 0
18291 2
18292 2
18293 0
18294 2
18295 3
18296 6
18297 2
18298 0
18299 3
18300 3
18301 2
18302 0
18303 2
18304 2
18305 2
18306 2
18307 2
18308 3
18309 11
18310 2
18311 0
18312 0
18313 2
18314 2
18315 2
18316 3
18317 2
18318 0
18319 3
18320 2
18321 0
18322 2
18323 2
18324 3
18325 2
18326 3
18327 2
18328 2
18329 7
18330 2
18331 2
18332 2
18333 3
18334 7
18335 0
18336 2
18337 3
18338 0
18339 3
18340 0
18341 0
18342 0
18343 0
18344 2
18345 0
18346 2
18347 2
18348 2
18349 2
18350 2
18351 2
18352 8
18353 0
18354 2
18355 0
18356 0
18357 2
18358 0
18359 2
18360 2
18361 2
18362 2
18363 2
18364 2
18365 0
18366 3
18367 2
18368 0
18369 6
18370 2
18371 2
18372 0
18373 0
18374 11
18375 0
18376 0
18377 2
18378 0
18379 2
18380 2
18381 0
18382 3
18383 0
18384 0
18385 0
18386 2
18387 0
18388 0
18389 0
18390 0
18391 0
18392 3
18393 0
18394 0
18395 2
18396 11
18397 2
18398 0
18399 2
18400 11
18401 7
18402 0
18403 0
18404 2
18405 2
18406 0
18407 0
18408 2
18409 2
18410 0
18411 2
18412 2
18413 2
18414 8
18415 1
18416 3
18417 2
18418 0
18419 6
18420 0
18421 7
18422 3
18423 2
18424 0
18425 2
18426 2
18427 2
18428 5
18429 0
18430 2
18431 7
18432 0
18433 0
18434 11
18435 2
18436 3
18437 3
18438 0
18439 2
18440 0
18441 2
18442 11
18443 2
18444 2
18445 0
18446 11
18447 2
18448 0
18449 11
18450 0
18451 2
18452 2
18453 2
18454 2
18455 2
18456 2
18457 2
18458 11
18459 2
18460 2
18461 2
18462 0
18463 7
18464 3
18465 2
18466 0
18467 0
18468 7
18469 2
18470 2
18471 0
18472 0
18473 2
18474 3
18475 8
18476 8
18477 2
18478 2
18479 2
18480 8
18481 2
18482 3
18483 0
18484 3
18485 0
18486 0
18487 0
18488 2
18489 2
18490 2
18491 2
18492 2
18493 0
18494 0
18495 2
18496 2
18497 2
18498 0
18499 3
18500 8
18501 2
18502 2
18503 6
18504 7
18505 0
18506 2
18507 2
18508 2
18509 7
18510 2
18511 7
18512 2
18513 2
18514 2
18515 7
18516 7
18517 3
18518 0
18519 2
18520 0
18521 0
18522 8
18523 6
18524 7
18525 0
18526 0
18527 2
18528 3
18529 6
18530 0
18531 2
18532 0
18533 0
18534 0
18535 0
18536 2
18537 0
18538 0
18539 0
18540 0
18541 0
18542 0
18543 10
18544 0
18545 2
18546 2
18547 0
18548 3
18549 6
18550 7
18551 0
18552 2
18553 2
18554 2
18555 0
18556 6
18557 2
18558 2
18559 3
18560 0
18561 0
18562 2
18563 2
18564 0
18565 3
18566 3
18567 7
18568 2
18569 0
18570 0
18571 2
18572 0
18573 7
18574 2
18575 0
18576 0
18577 2
18578 2
18579 2
18580 0
18581 2
18582 0
18583 0
18584 2
18585 0
18586 2
18587 7
18588 2
18589 0
18590 0
18591 7
18592 2
18593 2
18594 11
18595 0
18596 0
18597 0
18598 0
18599 8
18600 2
18601 5
18602 3
18603 3
18604 3
18605 0
18606 0
18607 2
18608 2
18609 2
18610 2
18611 0
18612 0
18613 2
18614 2
18615 0
18616 2
18617 2
18618 0
18619 2
18620 0
18621 2
18622 2
18623 0
18624 2
18625 11
18626 2
18627 0
18628 0
18629 2
18630 2
18631 2
18632 8
18633 0
18634 2
18635 2
18636 2
18637 2
18638 2
18639 2
18640 0
18641 2
18642 0
18643 8
18644 3
18645 2
18646 0
18647 0
18648 0
18649 2
18650 8
18651 2
18652 3
18653 8
18654 7
18655 14
18656 11
18657 11
18658 2
18659 0
18660 0
18661 0
18662 2
18663 0
18664 0
18665 2
18666 2
18667 3
18668 8
18669 0
18670 7
18671 11
18672 2
18673 8
18674 2
18675 2
18676 3
18677 2
18678 2
18679 3
18680 0
18681 0
18682 0
18683 2
18684 0
18685 2
18686 0
18687 0
18688 6
18689 8
18690 0
18691 6
18692 0
18693 3
18694 0
18695 2
18696 0
18697 2
18698 11
18699 0
18700 7
18701 0
18702 2
18703 2
18704 2
18705 2
18706 0
18707 2
18708 2
18709 0
18710 0
18711 2
18712 0
18713 2
18714 2
18715 0
18716 0
18717 0
18718 0
18719 0
18720 3
18721 2
18722 2
18723 0
18724 0
18725 0
18726 3
18727 2
18728 0
18729 0
18730 0
18731 2
18732 0
18733 2
18734 2
18735 2
18736 7
18737 0
18738 2
18739 2
18740 2
18741 0
18742 8
18743 0
18744 0
18745 0
18746 0
18747 3
18748 2
18749 0
18750 2
18751 2
18752 0
18753 0
18754 3
18755 3
18756 0
18757 2
18758 3
18759 7
18760 2
18761 2
18762 0
18763 7
18764 3
18765 2
18766 2
18767 0
18768 2
18769 3
18770 8
18771 3
18772 0
18773 7
18774 2
18775 0
18776 7
18777 3
18778 0
18779 3
18780 0
18781 8
18782 2
18783 2
18784 2
18785 2
18786 3
18787 0
18788 2
18789 3
18790 0
18791 2
18792 2
18793 3
18794 14
18795 3
18796 2
18797 0
18798 0
18799 0
18800 2
18801 7
18802 0
18803 0
18804 2
18805 3
18806 2
18807 0
18808 0
18809 2
18810 0
18811 0
18812 3
18813 2
18814 0
18815 2
18816 0
18817 0
18818 2
18819 0
18820 2
18821 0
18822 2
18823 0
18824 0
18825 0
18826 8
18827 0
18828 3
18829 3
18830 0
18831 0
18832 0
18833 0
18834 0
18835 0
18836 0
18837 0
18838 0
18839 7
18840 2
18841 0
18842 6
18843 2
18844 11
18845 7
18846 2
18847 2
18848 2
18849 3
18850 2
18851 0
18852 7
18853 2
18854 2
18855 0
18856 2
18857 3
18858 0
18859 2
18860 0
18861 2
18862 0
18863 0
18864 2
18865 7
18866 11
18867 7
18868 2
18869 7
18870 0
18871 0
18872 2
18873 3
18874 3
18875 0
18876 2
18877 0
18878 12
18879 0
18880 0
18881 0
18882 8
18883 7
18884 2
18885 0
18886 0
18887 0
18888 2
18889 2
18890 0
18891 2
18892 6
18893 11
18894 2
18895 0
18896 2
18897 2
18898 2
18899 0
18900 0
18901 2
18902 2
18903 2
18904 2
18905 2
18906 3
18907 7
18908 7
18909 2
18910 0
18911 2
18912 0
18913 2
18914 7
18915 2
18916 2
18917 0
18918 3
18919 0
18920 0
18921 2
18922 0
18923 0
18924 0
18925 0
18926 0
18927 2
18928 0
18929 2
18930 2
18931 2
18932 2
18933 0
18934 2
18935 2
18936 2
18937 0
18938 0
18939 0
18940 0
18941 2
18942 0
18943 0
18944 0
18945 0
18946 2
18947 3
18948 0
18949 2
18950 2
18951 2
18952 0
18953 0
18954 3
18955 0
18956 0
18957 2
18958 0
18959 0
18960 0
18961 0
18962 0
18963 0
18964 0
18965 0
18966 2
18967 0
18968 0
18969 0
18970 0
18971 2
18972 2
18973 2
18974 2
18975 2
18976 2
18977 2
18978 2
18979 2
18980 0
18981 2
18982 6
18983 11
18984 0
18985 0
18986 0
18987 11
18988 0
18989 0
18990 0
18991 0
18992 2
18993 0
18994 0
18995 0
18996 0
18997 0
18998 0
18999 2
19000 2
19001 2
19002 7
19003 0
19004 0
19005 2
19006 2
19007 7
19008 2
19009 2
19010 0
19011 3
19012 0
19013 0
19014 0
19015 2
19016 3
19017 3
19018 7
19019 0
19020 2
19021 2
19022 3
19023 7
19024 2
19025 0
19026 0
19027 0
19028 2
19029 3
19030 2
19031 0
19032 7
19033 7
19034 0
19035 2
19036 11
19037 0
19038 2
19039 0
19040 0
19041 2
19042 2
19043 2
19044 3
19045 2
19046 2
19047 2
19048 0
19049 0
19050 0
19051 6
19052 3
19053 0
19054 3
19055 2
19056 2
19057 0
19058 7
19059 0
19060 0
19061 2
19062 2
19063 0
19064 2
19065 2
19066 2
19067 2
19068 2
19069 11
19070 7
19071 11
19072 0
19073 2
19074 2
19075 0
19076 0
19077 7
19078 2
19079 8
19080 2
19081 0
19082 0
19083 3
19084 2
19085 3
19086 2
19087 0
19088 0
19089 2
19090 2
19091 0
19092 0
19093 2
19094 0
19095 0
19096 2
19097 11
19098 2
19099 2
19100 0
19101 0
19102 0
19103 0
19104 0
19105 0
19106 0
19107 0
19108 7
19109 0
19110 2
19111 0
19112 2
19113 2
19114 2
19115 2
19116 2
19117 2
19118 2
19119 0
19120 0
19121 2
19122 0
19123 0
19124 2
19125 2
19126 3
19127 2
19128 0
19129 2
19130 2
19131 0
19132 2
19133 7
19134 3
19135 3
19136 2
19137 2
19138 0
19139 0
19140 5
19141 2
19142 7
19143 2
19144 2
19145 2
19146 0
19147 8
19148 3
19149 2
19150 2
19151 2
19152 0
19153 2
19154 2
19155 2
19156 0
19157 0
19158 0
19159 2
19160 0
19161 2
19162 2
19163 6
19164 0
19165 0
19166 2
19167 2
19168 0
19169 0
19170 2
19171 2
19172 2
19173 2
19174 2
19175 2
19176 2
19177 8
19178 2
19179 2
19180 3
19181 0
19182 7
19183 2
19184 3
19185 3
19186 8
19187 2
19188 0
19189 11
19190 0
19191 0
19192 0
19193 2
19194 2
19195 0
19196 0
19197 0
19198 0
19199 2
19200 8
19201 0
19202 0
19203 0
19204 0
19205 11
19206 0
19207 2
19208 2
19209 4
19210 2
19211 3
19212 0
19213 6
19214 2
19215 0
19216 0
19217 3
19218 2
19219 0
19220 7
19221 11
19222 3
19223 0
19224 2
19225 2
19226 0
19227 0
19228 11
19229 3
19230 2
19231 0
19232 0
19233 2
19234 0
19235 6
19236 2
19237 2
19238 0
19239 2
19240 2
19241 0
19242 0
19243 6
19244 0
19245 0
19246 2
19247 2
19248 2
19249 2
19250 0
19251 3
19252 0
19253 2
19254 2
19255 0
19256 0
19257 0
19258 0
19259 0
19260 0
19261 2
19262 0
19263 2
19264 2
19265 0
19266 2
19267 2
19268 2
19269 6
19270 0
19271 2
19272 2
19273 2
19274 2
19275 0
19276 0
19277 2
19278 2
19279 0
19280 2
19281 0
19282 0
19283 2
19284 7
19285 0
19286 0
19287 2
19288 0
19289 2
19290 0
19291 0
19292 0
19293 2
19294 0
19295 2
19296 0
19297 2
19298 12
19299 2
19300 2
19301 0
19302 2
19303 2
19304 6
19305 2
19306 0
19307 2
19308 0
19309 2
19310 2
19311 0
19312 0
19313 0
19314 0
19315 2
19316 2
19317 2
19318 2
19319 10
19320 2
19321 2
19322 0
19323 0
19324 0
19325 0
19326 0
19327 0
19328 2
19329 0
19330 0
19331 0
19332 3
19333 0
19334 2
19335 2
19336 0
19337 0
19338 2
19339 2
19340 2
19341 0
19342 0
19343 0
19344 6
19345 0
19346 0
19347 2
19348 7
19349 0
19350 0
19351 2
19352 7
19353 0
19354 0
19355 2
19356 0
19357 0
19358 0
19359 2
19360 2
19361 0
19362 2
19363 2
19364 2
19365 7
19366 2
19367 0
19368 0
19369 0
19370 0
19371 0
19372 2
19373 2
19374 2
19375 2
19376 6
19377 2
19378 2
19379 2
19380 3
19381 2
19382 2
19383 2
19384 0
19385 6
19386 3
19387 2
19388 2
19389 6
19390 0
19391 2
19392 0
19393 6
19394 2
19395 6
19396 0
19397 0
19398 0
19399 2
19400 12
19401 0
19402 2
19403 0
19404 2
19405 2
19406 11
19407 7
19408 0
19409 3
19410 0
19411 0
19412 3
19413 2
19414 0
19415 2
19416 2
19417 6
19418 3
19419 0
19420 0
19421 2
19422 11
19423 0
19424 0
19425 0
19426 2
19427 2
19428 0
19429 2
19430 3
19431 3
19432 2
19433 2
19434 11
19435 14
19436 2
19437 0
19438 0
19439 6
19440 2
19441 0
19442 0
19443 2
19444 0
19445 6
19446 2
19447 0
19448 2
19449 0
19450 2
19451 2
19452 0
19453 0
19454 0
19455 2
19456 0
19457 0
19458 0
19459 0
19460 0
19461 6
19462 2
19463 7
19464 0
19465 2
19466 0
19467 0
19468 0
19469 0
19470 0
19471 2
19472 2
19473 11
19474 2
19475 2
19476 6
19477 0
19478 0
19479 2
19480 0
19481 2
19482 3
19483 2
19484 0
19485 0
19486 11
19487 2
19488 2
19489 2
19490 3
19491 3
19492 2
19493 2
19494 2
19495 0
19496 2
19497 2
19498 4
19499 2
19500 7
19501 7
19502 2
19503 0
19504 0
19505 0
19506 3
19507 0
19508 8
19509 0
19510 2
19511 0
19512 0
19513 0
19514 0
19515 0
19516 0
19517 0
19518 0
19519 0
19520 2
19521 3
19522 2
19523 2
19524 5
19525 0
19526 11
19527 0
19528 7
19529 0
19530 2
19531 0
19532 11
19533 0
19534 0
19535 0
19536 0
19537 3
19538 7
19539 2
19540 2
19541 2
19542 0
19543 2
19544 2
19545 6
19546 11
19547 6
19548 0
19549 0
19550 0
19551 2
19552 6
19553 0
19554 2
19555 0
19556 0
19557 2
19558 2
19559 0
19560 0
19561 0
19562 2
19563 6
19564 0
19565 0
19566 7
19567 0
19568 6
19569 2
19570 0
19571 2
19572 2
19573 2
19574 0
19575 0
19576 0
19577 0
19578 2
19579 0
19580 2
19581 11
19582 2
19583 0
19584 2
19585 2
19586 2
19587 0
19588 3
19589 0
19590 0
19591 0
19592 3
19593 2
19594 0
19595 6
19596 2
19597 2
19598 3
19599 3
19600 0
19601 0
19602 0
19603 2
19604 2
19605 2
19606 0
19607 0
19608 2
19609 0
19610 0
19611 0
19612 0
19613 0
19614 0
19615 6
19616 2
19617 3
19618 2
19619 2
19620 2
19621 0
19622 0
19623 3
19624 2
19625 2
19626 2
19627 0
19628 0
19629 0
19630 0
19631 2
19632 0
19633 0
19634 0
19635 2
19636 0
19637 0
19638 0
19639 0
19640 0
19641 0
19642 0
19643 0
19644 2
19645 2
19646 0
19647 0
19648 0
19649 6
19650 0
19651 0
19652 2
19653 2
19654 6
19655 0
19656 0
19657 2
19658 2
19659 2
19660 6
19661 0
19662 0
19663 0
19664 3
19665 0
19666 0
19667 6
19668 0
19669 2
19670 0
19671 0
19672 2
19673 3
19674 2
19675 0
19676 3
19677 7
19678 2
19679 6
19680 11
19681 2
19682 2
19683 0
19684 0
19685 0
19686 3
19687 2
19688 2
19689 0
19690 0
19691 7
19692 2
19693 0
19694 0
19695 2
19696 0
19697 0
19698 0
19699 3
19700 7
19701 2
19702 2
19703 2
19704 0
19705 2
19706 2
19707 3
19708 11
19709 7
19710 0
19711 2
19712 0
19713 0
19714 0
19715 2
19716 3
19717 3
19718 2
19719 2
19720 0
19721 2
19722 0
19723 0
19724 0
19725 2
19726 0
19727 0
19728 3
19729 2
19730 2
19731 0
19732 2
19733 0
19734 0
19735 2
19736 0
19737 3
19738 2
19739 3
19740 0
19741 0
19742 2
19743 6
19744 7
19745 7
19746 3
19747 0
19748 0
19749 7
19750 2
19751 3
19752 0
19753 2
19754 0
19755 0
19756 0
19757 2
19758 0
19759 6
19760 7
19761 3
19762 0
19763 2
19764 0
19765 0
19766 3
19767 0
19768 0
19769 0
19770 0
19771 2
19772 2
19773 2
19774 2
19775 0
19776 0
19777 2
19778 0
19779 0
19780 0
19781 0
19782 3
19783 0
19784 0
19785 0
19786 3
19787 2
19788 0
19789 0
19790 0
19791 0
19792 0
19793 0
19794 0
19795 0
19796 0
19797 0
19798 0
19799 0
19800 0
19801 0
19802 0
19803 2
19804 0
19805 0
19806 0
19807 0
19808 2
19809 0
19810 2
19811 0
19812 3
19813 2
19814 0
19815 3
19816 3
19817 0
19818 2
19819 0
19820 2
19821 2
19822 0
19823 2
19824 0
19825 0
19826 0
19827 2
19828 0
19829 0
19830 3
19831 2
19832 0
19833 0
19834 0
19835 0
19836 0
19837 0
19838 0
19839 2
19840 0
19841 0
19842 2
19843 0
19844 0
19845 0
19846 0
19847 0
19848 0
19849 3
19850 0
19851 0
19852 0
19853 0
19854 0
19855 0
19856 0
19857 0
19858 0
19859 0
19860 0
19861 0
19862 0
19863 0
19864 3
19865 0
19866 0
19867 0
19868 0
19869 0
19870 0
19871 0
19872 0
19873 0
19874 2
19875 0
19876 0
19877 0
19878 0
19879 2
19880 0
19881 3
19882 3
19883 0
19884 0
19885 3
19886 0
19887 2
19888 0
19889 0
19890 0
19891 0
19892 0
19893 0
19894 0
19895 0
19896 0
19897 0
19898 0
19899 0
19900 0
19901 2
19902 11
19903 0
19904 0
19905 2
19906 2
19907 0
19908 2
19909 11
19910 7
19911 3
19912 2
19913 0
19914 2
19915 11
19916 2
19917 3
19918 0
19919 3
19920 0
19921 0
19922 0
19923 2
19924 0
19925 2
19926 0
19927 0
19928 0
19929 2
19930 2
19931 0
19932 2
19933 0
19934 3
19935 0
19936 0
19937 2
19938 0
19939 2
19940 0
19941 2
19942 0
19943 2
19944 7
19945 0
19946 0
19947 0
19948 0
19949 0
19950 0
19951 0
19952 0
19953 0
19954 0
19955 0
19956 0
19957 0
19958 0
19959 0
19960 2
19961 0
19962 0
19963 0
19964 0
19965 0
19966 0
19967 0
19968 2
19969 2
19970 0
19971 0
19972 0
19973 0
19974 0
19975 0
19976 0
19977 2
19978 0
19979 2
19980 2
19981 0
19982 0
19983 0
19984 3
19985 0
19986 0
19987 0
19988 2
19989 0
19990 0
19991 2
19992 2
19993 2
19994 0
19995 8
19996 7
19997 2
19998 2
19999 0
20000 2
20001 2
20002 0
20003 0
20004 11
20005 2
20006 0
20007 0
20008 0
20009 2
20010 3
20011 0
20012 0
20013 0
20014 0
20015 2
20016 3
20017 2
20018 2
20019 0
20020 0
20021 0
20022 0
20023 2
20024 0
20025 2
20026 2
20027 2
20028 0
20029 11
20030 5
20031 0
20032 2
20033 0
20034 2
20035 2
20036 3
20037 2
20038 0
20039 2
20040 2
20041 0
20042 3
20043 0
20044 2
20045 0
20046 0
20047 0
20048 7
20049 4
20050 2
20051 2
20052 0
20053 0
20054 0
20055 0
20056 2
20057 0
20058 0
20059 3
20060 2
20061 0
20062 2
20063 3
20064 0
20065 0
20066 2
20067 2
20068 2
20069 0
20070 3
20071 2
20072 2
20073 0
20074 2
20075 2
20076 0
20077 2
20078 0
20079 11
20080 2
20081 0
20082 0
20083 0
20084 0
20085 0
20086 0
20087 0
20088 0
20089 0
20090 0
20091 6
20092 7
20093 0
20094 0
20095 0
20096 0
20097 0
20098 0
20099 2
20100 2
20101 2
20102 0
20103 2
20104 0
20105 7
20106 0
20107 0
20108 2
20109 0
20110 0
20111 0
20112 0
20113 2
20114 0
20115 0
20116 2
20117 2
20118 0
20119 0
20120 2
20121 2
20122 0
20123 0
20124 0
20125 0
20126 0
20127 2
20128 2
20129 0
20130 0
20131 2
20132 0
20133 0
20134 0
20135 2
20136 2
20137 0
20138 0
20139 2
20140 0
20141 3
20142 2
20143 7
20144 2
20145 2
20146 7
20147 0
20148 2
20149 2
20150 0
20151 2
20152 0
20153 0
20154 2
20155 2
20156 2
20157 0
20158 0
20159 0
20160 0
20161 0
20162 0
20163 0
20164 6
20165 2
20166 0
20167 3
20168 2
20169 0
20170 0
20171 0
20172 2
20173 0
20174 0
20175 0
20176 0
20177 0
20178 0
20179 0
20180 7
20181 0
20182 0
20183 0
20184 0
20185 0
20186 0
20187 0
20188 0
20189 0
20190 0
20191 0
20192 0
20193 0
20194 0
20195 0
20196 0
20197 0
20198 0
20199 0
20200 0
20201 0
20202 0
20203 0
20204 0
20205 0
20206 0
20207 0
20208 0
20209 0
20210 0
20211 0
20212 0
20213 0
20214 2
20215 3
20216 0
20217 0
20218 2
20219 2
20220 2
20221 12
20222 3
20223 2
20224 2
20225 0
20226 2
20227 0
20228 11
20229 3
20230 0
20231 2
20232 7
20233 0
20234 7
20235 0
20236 2
20237 0
20238 0
20239 0
20240 3
20241 7
20242 0
20243 7
20244 2
20245 0
20246 2
20247 0
20248 0
20249 0
20250 0
20251 2
20252 2
20253 2
20254 2
20255 2
20256 3
20257 0
20258 2
20259 0
20260 7
20261 0
20262 0
20263 0
20264 2
20265 0
20266 0
20267 3
20268 0
20269 2
20270 0
20271 0
20272 0
20273 0
20274 2
20275 0
20276 0
20277 2
20278 2
20279 0
20280 0
20281 0
20282 0
20283 2
20284 8
20285 0
20286 2
20287 0
20288 0
20289 0
20290 0
20291 0
20292 0
20293 0
20294 0
20295 0
20296 0
20297 0
20298 0
20299 0
20300 8
20301 0
20302 0
20303 7
20304 2
20305 0
20306 0
20307 0
20308 0
20309 0
20310 0
20311 0
20312 0
20313 3
20314 0
20315 0
20316 6
20317 0
20318 0
20319 2
20320 0
20321 0
20322 2
20323 2
20324 0
20325 0
20326 2
20327 2
20328 2
20329 2
20330 0
20331 7
20332 0
20333 0
20334 2
20335 0
20336 0
20337 6
20338 0
20339 2
20340 2
20341 2
20342 0
20343 0
20344 2
20345 2
20346 0
20347 0
20348 0
20349 0
20350 11
20351 0
20352 5
20353 2
20354 9
20355 1
20356 1
20357 1
20358 1
20359 1
20360 1
20361 1
20362 1
20363 1
20364 1
20365 10
20366 1
20367 1
20368 2
20369 1
20370 11
20371 0
20372 8
20373 8
20374 9
20375 13
20376 8
20377 3
20378 6
20379 9
20380 1
20381 5
20382 13
20383 2
20384 13
20385 14
20386 12
20387 2
20388 9
20389 11
20390 2
20391 13
20392 8
20393 10
20394 5
20395 13
20396 13
20397 9
20398 3
20399 7
20400 2
20401 2
20402 2
20403 2
20404 2
20405 0
20406 2
20407 1
20408 12
20409 0
20410 12
20411 1
20412 1
20413 12
20414 1
20415 1
20416 1
20417 1
20418 1
20419 9
20420 1
20421 1
20422 1
20423 1
20424 12
20425 6
20426 1
20427 1
20428 1
20429 1
20430 1
20431 1
20432 1
20433 1
20434 7
20435 1
20436 1
20437 1
20438 1
20439 1
20440 1
20441 1
20442 1
20443 1
20444 10
20445 1
20446 1
20447 1
20448 10
20449 1
20450 9
20451 1
20452 1
20453 1
20454 1
20455 1
20456 1
20457 9
20458 1
20459 8
20460 1
20461 7
20462 1
20463 8
20464 1
20465 14
20466 1
20467 11
20468 14
20469 8
20470 13
20471 6
20472 13
20473 3
20474 6
20475 13
20476 13
20477 9
20478 4
20479 11
20480 14
20481 13
20482 4
20483 11
20484 14
20485 2
20486 8
20487 1
20488 1
20489 1
20490 1
20491 1
20492 1
20493 1
20494 1
20495 1
20496 5
20497 1
20498 1
20499 1
20500 1
20501 1
20502 1
20503 1
20504 1
20505 1
20506 10
20507 13
20508 12
20509 1
20510 1
20511 1
20512 7
20513 1
20514 1
20515 10
20516 10
20517 1
20518 1
20519 9
20520 1
20521 1
20522 9
20523 1
20524 1
20525 1
20526 1
20527 14
20528 1
20529 1
20530 1
20531 1
20532 1
20533 1
20534 1
20535 4
20536 13
20537 4
20538 9
20539 3
20540 8
20541 9
20542 1
20543 10
20544 6
20545 10
20546 10
20547 11
20548 13
20549 11
20550 8
20551 9
20552 8
20553 9
20554 3
20555 14
20556 10
20557 13
20558 5
20559 12
20560 11
20561 14
20562 10
20563 11
20564 8
20565 2
20566 13
20567 7
20568 14
20569 10
20570 2
20571 6
20572 7
20573 6
20574 5
20575 5
20576 13
20577 14
20578 9
20579 9
20580 10
20581 6
20582 8
20583 8
20584 8
20585 14
20586 5
20587 10
20588 5
20589 13
20590 2
20591 5
20592 14
20593 13
20594 6
20595 13
20596 9
20597 2
20598 13
20599 13
20600 11
20601 7
20602 14
20603 10
20604 10
20605 10
20606 5
20607 10
20608 10
20609 13
20610 8
20611 5
20612 8
20613 13
20614 14
20615 10
20616 13
20617 9
20618 14
20619 14
20620 2
20621 2
20622 2
20623 7
20624 13
20625 14
20626 10
20627 13
20628 11
20629 5
20630 9
20631 4
20632 11
20633 6
20634 14
20635 9
20636 13
20637 6
20638 7
20639 0
20640 9
20641 12
20642 8
20643 6
20644 13
20645 2
20646 13
20647 4
20648 5
20649 3
20650 13
20651 5
20652 10
20653 10
20654 6
20655 4
20656 4
20657 4
20658 7
20659 4
20660 6
20661 10
20662 11
20663 4
20664 4
20665 10
20666 5
20667 5
20668 7
20669 2
20670 3
20671 14
20672 5
20673 9
20674 2
20675 5
20676 12
20677 5
20678 13
20679 5
20680 7
20681 10
20682 11
20683 2
20684 4
20685 12
20686 12
20687 5
20688 14
20689 5
20690 6
20691 4
20692 5
20693 8
20694 14
20695 5
20696 6
20697 2
20698 5
20699 4
20700 13
20701 9
20702 10
20703 5
20704 5
20705 12
20706 5
20707 9
20708 7
20709 7
20710 4
20711 3
20712 13
20713 13
20714 4
20715 13
20716 14
20717 9
20718 1
20719 11
20720 2
20721 2
20722 4
20723 3
20724 10
20725 7
20726 6
20727 13
20728 11
20729 8
20730 4
20731 2
20732 4
20733 5
20734 14
20735 4
20736 11
20737 3
20738 11
20739 5
20740 5
20741 5
20742 14
20743 9
20744 14
20745 5
20746 3
20747 4
20748 6
20749 7
20750 5
20751 5
20752 5
20753 5
20754 5
20755 1
20756 1
20757 1
20758 1
20759 1
20760 1
20761 1
20762 0
20763 1
20764 1
20765 1
20766 1
20767 1
20768 1
20769 1
20770 1
20771 1
20772 1
20773 1
20774 1
20775 1
20776 1
20777 1
20778 1
20779 1
20780 1
20781 1
20782 1
20783 1
20784 1
20785 1
20786 1
20787 1
20788 1
20789 1
20790 1
20791 1
20792 1
20793 1
20794 1
20795 1
20796 1
20797 1
20798 1
20799 1
20800 1
20801 1
20802 1
20803 1
20804 1
20805 1
20806 1
20807 1
20808 9
20809 1
20810 1
20811 1
20812 1
20813 1
20814 8
20815 7
20816 13
20817 1
20818 1
20819 1
20820 1
20821 1
20822 1
20823 1
20824 1
20825 9
20826 8
20827 1
20828 1
20829 1
20830 1
20831 1
20832 6
20833 1
20834 1
20835 1
20836 9
20837 13
20838 9
20839 1
20840 10
20841 13
20842 10
20843 1
20844 1
20845 1
20846 1
20847 1
20848 9
20849 1
20850 7
20851 1
20852 5
20853 1
20854 1
20855 1
20856 1
20857 0
20858 1
20859 1
20860 1
20861 9
20862 1
20863 4
20864 13
20865 9
20866 9
20867 9
20868 9
20869 4
20870 10
20871 5
20872 13
20873 13
20874 13
20875 14
20876 9
20877 14
20878 14
20879 13
20880 13
20881 1
20882 1
20883 1
20884 1
20885 1
20886 10
20887 13
20888 13
20889 1
20890 5
20891 0
20892 9
20893 1
20894 1
20895 6
20896 14
20897 9
20898 8
20899 9
20900 9
20901 9
20902 13
20903 2
20904 4
20905 12
20906 10
20907 14
20908 13
20909 13
20910 9
20911 14
20912 4
20913 10
20914 13
20915 9
20916 8
20917 9
20918 9
20919 14
20920 13
20921 13
20922 14
20923 14
20924 10
20925 14
20926 4
20927 13
20928 14
20929 6
20930 10
20931 9
20932 13
20933 7
20934 9
20935 6
20936 14
20937 7
20938 6
20939 10
20940 10
20941 8
20942 11
20943 7
20944 11
20945 6
20946 4
20947 3
20948 2
20949 13
20950 1
20951 7
20952 7
20953 9
20954 5
20955 5
20956 0
20957 8
20958 8
20959 3
20960 11
20961 13
20962 11
20963 9
20964 12
20965 14
20966 14
20967 1
20968 13
20969 1
20970 10
20971 8
20972 11
20973 9
20974 8
20975 9
20976 3
20977 3
20978 14
20979 2
20980 13
20981 6
20982 14
20983 4
20984 6
20985 3
20986 2
20987 3
20988 14
20989 9
20990 12
20991 13
20992 13
20993 13
20994 10
20995 10
20996 9
20997 9
20998 8
20999 9
21000 9
21001 2
21002 11
21003 9
21004 5
21005 11
21006 8
21007 3
21008 10
21009 13
21010 0
21011 13
21012 7
21013 8
21014 7
21015 14
21016 6
21017 9
21018 5
21019 4
21020 1
21021 1
21022 1
21023 1
21024 1
21025 1
21026 12
21027 9
21028 4
21029 9
21030 13
21031 8
21032 10
21033 3
21034 8
21035 1
21036 8
21037 2
21038 6
21039 2
21040 6
21041 1
21042 1
21043 6
21044 11
21045 9
21046 8
21047 14
21048 9
21049 8
21050 8
21051 8
21052 7
21053 8
21054 10
21055 0
21056 7
21057 9
21058 13
21059 9
21060 13
21061 9
21062 2
21063 9
21064 13
21065 9
21066 2
21067 9
21068 2
21069 11
21070 14
21071 9
21072 11
21073 7
21074 8
21075 8
21076 14
21077 4
21078 0
21079 8
21080 8
21081 12
21082 14
21083 10
21084 9
21085 2
21086 6
21087 9
21088 9
21089 12
21090 10
21091 8
21092 9
21093 5
21094 10
21095 8
21096 13
21097 10
21098 11
21099 11
21100 11
21101 3
21102 14
21103 11
21104 11
21105 11
21106 7
21107 2
21108 12
21109 9
21110 10
21111 6
21112 9
21113 11
21114 6
21115 5
21116 6
21117 4
21118 9
21119 13
21120 11
21121 7
21122 10
21123 13
21124 13
21125 13
21126 5
21127 9
21128 12
21129 10
21130 14
21131 12
21132 7
21133 2
21134 10
21135 7
21136 14
21137 7
21138 4
21139 5
21140 3
21141 5
21142 2
21143 7
21144 3
21145 5
21146 12
21147 10
21148 2
21149 4
21150 14
21151 8
21152 7
21153 11
21154 7
21155 3
21156 2
21157 12
21158 9
21159 6
21160 10
21161 5
21162 10
21163 5
21164 11
21165 4
21166 11
21167 4
21168 2
21169 6
21170 5
21171 4
21172 4
21173 5
21174 9
21175 9
21176 1
21177 1
21178 8
21179 14
21180 14
21181 4
21182 14
21183 14
21184 7
21185 11
21186 5
21187 0
21188 5
21189 12
21190 10
21191 3
21192 11
21193 7
21194 8
21195 7
21196 10
21197 11
21198 12
21199 14
21200 3
21201 5
21202 8
21203 9
21204 9
21205 8
21206 6
21207 9
21208 10
21209 5
21210 9
21211 8
21212 11
21213 6
21214 11
21215 3
21216 11
21217 7
21218 8
21219 8
21220 6
21221 6
21222 8
21223 5
21224 10
21225 5
21226 5
21227 11
21228 11
21229 11
21230 3
21231 12
21232 14
21233 12
21234 4
21235 9
21236 2
21237 0
21238 12
21239 11
21240 2
21241 3
21242 3
21243 5
21244 5
21245 5
21246 5
21247 4
21248 11
21249 5
21250 2
21251 4
21252 8
21253 5
21254 5
21255 8
21256 13
21257 7
21258 0
21259 11
21260 0
21261 7
21262 5
21263 12
21264 9
21265 8
21266 5
21267 5
21268 9
21269 4
21270 5
21271 14
21272 14
21273 8
21274 9
21275 13
21276 11
21277 12
21278 5
21279 9
21280 5
21281 4
21282 8
21283 0
21284 11
21285 13
21286 14
21287 0
21288 12
21289 3
21290 7
21291 4
21292 7
21293 13
21294 6
21295 14
21296 10
21297 9
21298 11
21299 1
21300 10
21301 10
21302 14
21303 2
21304 11
21305 13
21306 11
21307 4
21308 5
21309 9
21310 7
21311 9
21312 12
21313 8
21314 12
21315 10
21316 10
21317 11
21318 5
21319 14
21320 11
21321 1
21322 10
21323 11
21324 5
21325 9
21326 7
21327 11
21328 11
21329 4
21330 11
21331 3
21332 5
21333 5
21334 5
21335 5
21336 4
21337 5
21338 14
21339 4
21340 14
21341 0
21342 2
21343 9
21344 14
21345 8
21346 5
21347 4
21348 5
21349 13
21350 14
21351 14
21352 4
21353 0
21354 4
21355 11
21356 5
21357 10
21358 6
21359 5
21360 8
21361 9
21362 13
21363 14
21364 4
21365 13
21366 8
21367 6
21368 14
21369 2
21370 3
21371 14
21372 2
21373 14
21374 14
21375 14
21376 5
21377 2
21378 9
21379 11
21380 2
21381 14
21382 8
21383 11
21384 10
21385 2
21386 9
21387 5
21388 13
21389 14
21390 11
21391 13
21392 14
21393 2
21394 5
21395 13
21396 6
21397 14
21398 3
21399 14
21400 11
21401 0
21402 7
21403 9
21404 9
21405 13
21406 6
21407 1
21408 5
21409 14
21410 10
21411 0
21412 7
21413 14
21414 2
21415 4
21416 2
21417 4
21418 11
21419 2
21420 10
21421 10
21422 4
21423 9
21424 4
21425 10
21426 11
21427 5
21428 3
21429 10
21430 8
21431 9
21432 4
21433 4
21434 14
21435 7
21436 4
21437 7
21438 11
21439 13
21440 12
21441 0
21442 3
21443 14
21444 6
21445 13
21446 13
21447 2
21448 2
21449 14
21450 9
21451 8
21452 9
21453 7
21454 5
21455 13
21456 8
21457 6
21458 14
21459 12
21460 5
21461 6
21462 11
21463 11
21464 6
21465 0
21466 14
21467 8
21468 2
21469 10
21470 4
21471 0
21472 6
21473 6
21474 3
21475 14
21476 2
21477 14
21478 10
21479 6
21480 7
21481 11
21482 5
21483 6
21484 11
21485 6
21486 7
21487 5
21488 10
21489 14
21490 2
21491 0
21492 5
21493 2
21494 10
21495 14
21496 4
21497 7
21498 5
21499 11
21500 7
21501 14
21502 0
21503 5
21504 5
21505 13
21506 4
21507 10
21508 5
21509 5
21510 8
21511 2
21512 10
21513 11
21514 3
21515 2
21516 7
21517 8
21518 13
21519 9
21520 5
21521 9
21522 13
21523 5
21524 10
21525 5
21526 5
21527 8
21528 9
21529 1
21530 11
21531 7
21532 5
21533 5
21534 5
21535 7
21536 9
21537 7
21538 4
21539 7
21540 0
21541 11
21542 8
21543 5
21544 14
21545 11
21546 7
21547 0
21548 8
21549 4
21550 5
21551 11
21552 11
21553 5
21554 7
21555 7
21556 9
21557 2
21558 5
21559 13
21560 6
21561 14
21562 10
21563 3
21564 11
21565 5
21566 10
21567 14
21568 13
21569 3
21570 4
21571 5
21572 4
21573 14
21574 14
21575 4
21576 3
21577 10
21578 8
21579 14
21580 14
21581 8
21582 7
21583 5
21584 14
21585 6
21586 12
21587 7
21588 4
21589 2
21590 7
21591 4
21592 1
21593 4
21594 5
21595 3
21596 7
21597 4
21598 14
21599 6
21600 14
21601 12
21602 7
21603 12
21604 3
21605 2
21606 7
21607 8
21608 3
21609 8
21610 8
21611 4
21612 8
21613 2
21614 2
21615 8
21616 5
21617 13
21618 13
21619 6
21620 14
21621 5
21622 4
21623 4
21624 6
21625 2
21626 14
21627 6
21628 2
21629 8
21630 14
21631 11
21632 14
21633 3
21634 4
21635 8
21636 12
21637 11
21638 14
21639 7
21640 4
21641 13
21642 12
21643 14
21644 6
21645 14
21646 14
21647 5
21648 5
21649 5
21650 5
21651 14
21652 5
21653 7
21654 7
21655 6
21656 4
21657 12
21658 1
21659 2
21660 6
21661 5
21662 13
21663 14
21664 6
21665 4
21666 4
21667 4
21668 1
21669 14
21670 10
21671 4
21672 9
21673 6
21674 5
21675 4
21676 1
21677 2
21678 9
21679 11
21680 11
21681 7
21682 6
21683 6
21684 4
21685 2
21686 6
21687 11
21688 5
21689 6
21690 3
21691 5
21692 10
21693 2
21694 6
21695 10
21696 9
21697 6
21698 6
21699 6
21700 6
21701 6
21702 6
21703 3
21704 6
21705 4
21706 14
21707 13
21708 14
21709 6
21710 14
21711 5
21712 8
21713 2
21714 2
21715 3
21716 10
21717 5
21718 0
21719 6
21720 4
21721 4
21722 13
21723 3
21724 14
21725 6
21726 4
21727 8
21728 14
21729 14
21730 2
21731 14
21732 14
21733 8
21734 5
21735 4
21736 14
21737 7
21738 6
21739 6
21740 0
21741 14
21742 7
21743 12
21744 9
21745 6
21746 6
21747 6
21748 7
21749 4
21750 7
21751 14
21752 10
21753 13
21754 14
21755 0
21756 7
21757 8
21758 14
21759 6
21760 6
21761 12
21762 4
21763 9
21764 13
21765 5
21766 14
21767 14
21768 14
21769 14
21770 0
21771 14
21772 14
21773 7
21774 11
21775 4
21776 13
21777 6
21778 6
21779 7
21780 5
21781 13
21782 2
21783 7
21784 14
21785 8
21786 9
21787 10
21788 4
21789 6
21790 8
21791 11
21792 7
21793 4
21794 2
21795 7
21796 6
21797 12
21798 14
21799 4
21800 4
21801 13
21802 8
21803 13
21804 8
21805 8
21806 6
21807 3
21808 10
21809 10
21810 14
21811 6
21812 13
21813 4
21814 6
21815 8
21816 6
21817 6
21818 10
21819 6
21820 13
21821 6
21822 4
21823 12
21824 14
21825 5
21826 1
21827 8
21828 8
21829 5
21830 5
21831 4
21832 2
21833 2
21834 2
21835 11
21836 4
21837 2
21838 3
21839 7
21840 5
21841 4
21842 3
21843 10
21844 12
21845 3
21846 14
21847 7
21848 8
21849 10
21850 7
21851 11
21852 1
21853 6
21854 1
21855 5
21856 11
21857 3
21858 2
21859 13
21860 3
21861 4
21862 11
21863 10
21864 2
21865 11
21866 2
21867 2
21868 6
21869 6
21870 8
21871 2
21872 8
21873 2
21874 8
21875 14
21876 5
21877 8
21878 3
21879 2
21880 2
21881 8
21882 2
21883 2
21884 5
21885 2
21886 2
21887 2
21888 0
21889 0
21890 8
21891 12
21892 2
21893 6
21894 2
21895 8
21896 2
21897 11
21898 2
21899 6
21900 7
21901 10
21902 7
21903 11
21904 4
21905 7
21906 7
21907 12
21908 11
21909 9
21910 13
21911 7
21912 4
21913 11
21914 9
21915 6
21916 13
21917 5
21918 11
21919 9
21920 2
21921 3
21922 4
21923 4
21924 8
21925 6
21926 13
21927 14
21928 11
21929 4
21930 8
21931 14
21932 14
21933 14
21934 0
21935 2
21936 13
21937 14
21938 10
21939 11
21940 13
21941 14
21942 14
21943 14
21944 13
21945 14
21946 6
21947 0
21948 14
21949 6
21950 2
21951 8
21952 2
21953 2
21954 10
21955 8
21956 5
21957 12
21958 4
21959 7
21960 3
21961 11
21962 11
21963 5
21964 0
21965 12
21966 2
21967 13
21968 6
21969 5
21970 3
21971 14
21972 4
21973 3
21974 4
21975 12
21976 3
21977 10
21978 13
21979 14
21980 11
21981 4
21982 0
21983 14
21984 13
21985 2
21986 2
21987 4
21988 5
21989 4
21990 3
21991 3
21992 12
21993 7
21994 11
21995 14
21996 2
21997 3
21998 0
21999 8
22000 14
22001 8
22002 14
22003 13
22004 3
22005 14
22006 3
22007 4
22008 11
22009 14
22010 4
22011 4
22012 8
22013 4
22014 14
22015 14
22016 13
22017 7
22018 10
22019 6
22020 3
22021 7
22022 5
22023 10
22024 8
22025 1
22026 11
22027 14
22028 11
22029 8
22030 13
22031 8
22032 5
22033 12
22034 13
22035 11
22036 2
22037 0
22038 7
22039 7
22040 2
22041 4
22042 3
22043 12
22044 4
22045 11
22046 3
22047 13
22048 4
22049 5
22050 4
22051 3
22052 4
22053 2
22054 2
22055 3
22056 14
22057 10
22058 7
22059 10
22060 14
22061 9
22062 7
22063 4
22064 7
22065 11
22066 7
22067 4
22068 5
22069 2
22070 6
22071 8
22072 12
22073 8
22074 5
22075 2
22076 11
22077 4
22078 2
22079 14
22080 2
22081 10
22082 13
22083 7
22084 2
22085 4
22086 14
22087 2
22088 4
22089 0
22090 11
22091 7
22092 14
22093 3
22094 3
22095 0
22096 12
22097 11
22098 13
22099 7
22100 5
22101 6
22102 4
22103 8
22104 11
22105 13
22106 11
22107 5
22108 8
22109 7
22110 12
22111 13
22112 0
22113 4
22114 14
22115 3
22116 4
22117 7
22118 11
22119 11
22120 2
22121 6
22122 0
22123 2
22124 8
22125 13
22126 2
22127 8
22128 6
22129 13
22130 6
22131 3
22132 12
22133 8
22134 14
22135 10
22136 2
22137 6
22138 4
22139 11
22140 6
22141 8
22142 3
22143 4
22144 12
22145 4
22146 4
22147 4
22148 2
22149 7
22150 13
22151 3
22152 7
22153 11
22154 7
22155 9
22156 3
22157 4
22158 14
22159 0
22160 2
22161 1
22162 2
22163 11
22164 8
22165 14
22166 2
22167 6
22168 9
22169 9
22170 14
22171 4
22172 3
22173 6
22174 2
22175 8
22176 14
22177 6
22178 4
22179 4
22180 11
22181 9
22182 10
22183 2
22184 4
22185 3
22186 4
22187 4
22188 14
22189 1
22190 2
22191 8
22192 3
22193 3
22194 11
22195 7
22196 14
22197 11
22198 11
22199 6
22200 4
22201 0
22202 10
22203 1
22204 11
22205 4
22206 1
22207 14
22208 12
22209 6
22210 7
22211 14
22212 8
22213 13
22214 10
22215 1
22216 7
22217 8
22218 7
22219 8
22220 2
22221 11
22222 4
22223 5
22224 3
22225 13
22226 5
22227 6
22228 5
22229 10
22230 4
22231 2
22232 3
22233 7
22234 6
22235 6
22236 12
22237 4
22238 13
22239 3
22240 8
22241 4
22242 11
22243 14
22244 4
22245 14
22246 8
22247 3
22248 6
22249 4
22250 13
22251 10
22252 2
22253 11
22254 6
22255 8
22256 6
22257 7
22258 0
22259 6
22260 6
22261 7
22262 5
22263 12
22264 4
22265 6
22266 0
22267 4
22268 4
22269 6
22270 2
22271 4
22272 6
22273 2
22274 6
22275 2
22276 6
22277 6
22278 6
22279 6
22280 4
22281 6
22282 2
22283 7
22284 0
22285 5
22286 2
22287 2
22288 11
22289 10
22290 11
22291 7
22292 7
22293 6
22294 4
22295 3
22296 5
22297 0
22298 2
22299 11
22300 3
22301 13
22302 2
22303 13
22304 3
22305 5
22306 14
22307 5
22308 8
22309 0
22310 11
22311 14
22312 5
22313 2
22314 0
22315 13
22316 4
22317 3
22318 10
22319 7
22320 12
22321 2
22322 4
22323 4
22324 4
22325 5
22326 2
22327 1
22328 4
22329 9
22330 6
22331 4
22332 7
22333 11
22334 8
22335 7
22336 8
22337 0
22338 8
22339 2
22340 5
22341 7
22342 7
22343 2
22344 14
22345 11
22346 12
22347 11
22348 3
22349 4
22350 5
22351 7
22352 0
22353 8
22354 12
22355 2
22356 2
22357 6
22358 3
22359 5
22360 3
22361 14
22362 10
22363 6
22364 6
22365 5
22366 6
22367 7
22368 6
22369 4
22370 9
22371 4
22372 6
22373 5
22374 7
22375 7
22376 2
22377 5
22378 0
22379 3
22380 3
22381 3
22382 2
22383 11
22384 5
22385 4
22386 11
22387 7
22388 3
22389 1
22390 11
22391 7
22392 6
22393 6
22394 13
22395 14
22396 6
22397 6
22398 3
22399 4
22400 6
22401 8
22402 11
22403 8
22404 1
22405 6
22406 6
22407 1
22408 11
22409 0
22410 0
22411 2
22412 4
22413 9
22414 2
22415 4
22416 8
22417 4
22418 12
22419 6
22420 6
22421 6
22422 6
22423 0
22424 4
22425 6
22426 4
22427 11
22428 0
22429 4
22430 6
22431 6
22432 6
22433 6
22434 4
22435 4
22436 6
22437 2
22438 11
22439 4
22440 4
22441 4
22442 12
22443 2
22444 3
22445 4
22446 3
22447 6
22448 4
22449 4
22450 5
22451 7
22452 5
22453 7
22454 4
22455 6
22456 2
22457 10
22458 13
22459 4
22460 4
22461 3
22462 12
22463 2
22464 8
22465 10
22466 9
22467 7
22468 2
22469 3
22470 6
22471 5
22472 5
22473 3
22474 4
22475 4
22476 6
22477 2
22478 4
22479 4
22480 4
22481 11
22482 14
22483 11
22484 6
22485 4
22486 4
22487 5
22488 14
22489 12
22490 0
22491 7
22492 14
22493 11
22494 4
22495 3
22496 4
22497 11
22498 1
22499 4
22500 7
22501 13
22502 4
22503 9
22504 12
22505 2
22506 12
22507 6
22508 4
22509 5
22510 12
22511 4
22512 6
22513 6
22514 4
22515 0
22516 2
22517 0
22518 0
22519 4
22520 0
22521 14
22522 14
22523 1
22524 3
22525 7
22526 14
22527 2
22528 6
22529 6
22530 5
22531 6
22532 6
22533 14
22534 6
22535 6
22536 6
22537 6
22538 6
22539 4
22540 2
22541 14
22542 8
22543 14
22544 6
22545 6
22546 2
22547 8
22548 13
22549 4
22550 4
22551 6
22552 6
22553 6
22554 7
22555 7
22556 4
22557 13
22558 12
22559 0
22560 4
22561 4
22562 6
22563 6
22564 14
22565 13
22566 5
22567 6
22568 6
22569 14
22570 9
22571 9
22572 13
22573 6
22574 6
22575 13
22576 6
22577 2
22578 8
22579 6
22580 0
22581 8
22582 4
22583 4
22584 13
22585 5
22586 5
22587 4
22588 6
22589 6
22590 4
22591 4
22592 2
22593 7
22594 0
22595 8
22596 0
22597 6
22598 6
22599 6
22600 11
22601 13
22602 12
22603 6
22604 6
22605 6
22606 6
22607 4
22608 13
22609 0
22610 13
22611 2
22612 4
22613 6
22614 6
22615 2
22616 5
22617 6
22618 6
22619 4
22620 6
22621 14
22622 8
22623 4
22624 13
22625 4
22626 4
22627 3
22628 13
22629 6
22630 8
22631 4
22632 6
22633 7
22634 3
22635 7
22636 8
22637 8
22638 7
22639 13
22640 6
22641 8
22642 0
22643 13
22644 6
22645 13
22646 6
22647 4
22648 10
22649 6
22650 10
22651 4
22652 1
22653 6
22654 0
22655 12
22656 2
22657 4
22658 7
22659 4
22660 3
22661 13
22662 6
22663 12
22664 1
22665 6
22666 0
22667 12
22668 1
22669 4
22670 0
22671 2
22672 2
22673 8
22674 13
22675 13
22676 4
22677 11
22678 0
22679 6
22680 13
22681 13
22682 4
22683 10
22684 14
22685 3
22686 4
22687 14
22688 7
22689 2
22690 8
22691 14
22692 7
22693 4
22694 0
22695 13
22696 6
22697 6
22698 8
22699 4
22700 10
22701 13
22702 6
22703 0
22704 7
22705 6
22706 7
22707 14
22708 13
22709 13
22710 4
22711 14
22712 2
22713 7
22714 11
22715 3
22716 11
22717 0
22718 13
22719 4
22720 13
22721 6
22722 9
22723 4
22724 13
22725 13
22726 13
22727 4
22728 8
22729 4
22730 13
22731 14
22732 13
22733 4
22734 4
22735 13
22736 4
22737 7
22738 4
22739 8
22740 4
22741 4
22742 14
22743 13
22744 13
22745 7
22746 5
22747 13
22748 13
22749 2
22750 5
22751 13
22752 13
22753 13
22754 2
22755 13
22756 4
22757 13
22758 13
22759 4
22760 13
22761 13
22762 11
22763 6
22764 4
22765 10
22766 4
22767 4
22768 4
22769 11
22770 13
22771 6
22772 13
22773 4
22774 9
22775 8
22776 13
22777 13
22778 11
22779 6
22780 13
22781 10
22782 11
22783 2
22784 11
22785 8
22786 3
22787 12
22788 4
22789 3
22790 14
22791 8
22792 4
22793 8
22794 4
22795 14
22796 9
22797 4
22798 14
22799 2
22800 13
22801 8
22802 13
22803 3
22804 4
22805 11
22806 14
22807 3
22808 7
22809 13
22810 13
22811 9
22812 13
22813 4
22814 8
22815 13
22816 6
22817 11
22818 13
22819 5
22820 4
22821 5
22822 11
22823 5
22824 5
22825 6
22826 5
22827 5
22828 5
22829 10
22830 12
22831 6
22832 5
22833 6
22834 5
22835 14
22836 11
22837 14
22838 14
22839 0
22840 13
22841 12
22842 14
22843 4
22844 14
22845 10
22846 14
22847 10
22848 2
22849 14
22850 14
22851 2
22852 11
22853 0
22854 10
22855 4
22856 4
22857 13
22858 12
22859 9
22860 6
22861 8
22862 11
22863 4
22864 4
22865 4
22866 10
22867 4
22868 9
22869 14
22870 4
22871 10
22872 3
22873 11
22874 10
22875 3
22876 9
22877 8
22878 5
22879 14
22880 8
22881 4
22882 4
22883 4
22884 6
22885 8
22886 13
22887 8
22888 4
22889 11
22890 1
22891 13
22892 8
22893 4
22894 12
22895 7
22896 11
22897 1
22898 8
22899 6
22900 4
22901 13
22902 13
22903 13
22904 4
22905 3
22906 4
22907 7
22908 5
22909 4
22910 13
22911 4
22912 5
22913 5
22914 3
22915 0
22916 13
22917 9
22918 8
22919 13
22920 8
22921 1
22922 14
22923 0
22924 7
22925 11
22926 2
22927 11
22928 14
22929 6
22930 4
22931 13
22932 10
22933 4
22934 14
22935 4
22936 4
22937 14
22938 10
22939 7
22940 14
22941 11
22942 9
22943 4
22944 13
22945 14
22946 12
22947 13
22948 13
22949 13
22950 10
22951 13
22952 5
22953 1
22954 8
22955 13
22956 4
22957 12
22958 8
22959 1
22960 13
22961 3
22962 11
22963 13
22964 11
22965 4
22966 14
22967 4
22968 4
22969 6
22970 11
22971 13
22972 10
22973 9
22974 10
22975 7
22976 9
22977 4
22978 5
22979 12
22980 12
22981 13
22982 4
22983 13
22984 13
22985 13
22986 10
22987 13
22988 9
22989 4
22990 9
22991 13
22992 13
22993 13
22994 3
22995 8
22996 4
22997 6
22998 4
22999 3
23000 14
23001 14
23002 4
23003 13
23004 0
23005 13
23006 5
23007 13
23008 8
23009 4
23010 10
23011 14
23012 4
23013 6
23014 1
23015 4
23016 13
23017 13
23018 4
23019 0
23020 4
23021 4
23022 6
23023 14
23024 4
23025 1
23026 11
23027 11
23028 6
23029 13
23030 6
23031 5
23032 6
23033 13
23034 0
23035 7
23036 6
23037 7
23038 3
23039 0
23040 11
23041 5
23042 3
23043 6
23044 4
23045 4
23046 6
23047 4
23048 6
23049 6
23050 6
23051 14
23052 8
23053 6
23054 6
23055 6
23056 6
23057 13
23058 6
23059 6
23060 6
23061 4
23062 4
23063 14
23064 13
23065 2
23066 4
23067 4
23068 13
23069 1
23070 6
23071 13
23072 12
23073 9
23074 2
23075 4
23076 10
23077 4
23078 11
23079 3
23080 13
23081 4
23082 6
23083 8
23084 6
23085 2
23086 2
23087 4
23088 6
23089 6
23090 9
23091 13
23092 6
23093 7
23094 12
23095 6
23096 6
23097 8
23098 3
23099 6
23100 13
23101 13
23102 9
23103 7
23104 7
23105 6
23106 6
23107 0
23108 4
23109 4
23110 2
23111 6
23112 2
23113 13
23114 11
23115 4
23116 13
23117 4
23118 10
23119 6
23120 14
23121 3
23122 9
23123 4
23124 13
23125 14
23126 6
23127 1
23128 7
23129 7
23130 0
23131 2
23132 7
23133 13
23134 8
23135 6
23136 2
23137 4
23138 13
23139 4
23140 9
23141 14
23142 10
23143 14
23144 13
23145 4
23146 9
23147 14
23148 3
23149 6
23150 5
23151 4
23152 4
23153 14
23154 10
23155 4
23156 4
23157 2
23158 14
23159 7
23160 13
23161 14
23162 8
23163 7
23164 8
23165 14
23166 5
23167 14
23168 11
23169 13
23170 8
23171 9
23172 3
23173 14
23174 8
23175 4
23176 14
23177 14
23178 14
23179 12
23180 8
23181 14
23182 14
23183 14
23184 14
23185 2
23186 14
23187 2
23188 7
23189 4
23190 5
23191 2
23192 3
23193 4
23194 4
23195 14
23196 5
23197 9
23198 5
23199 5
23200 4
23201 4
23202 0
23203 5
23204 4
23205 13
23206 6
23207 13
23208 9
23209 9
23210 1
23211 8
23212 0
23213 6
23214 9
23215 8
23216 8
23217 13
23218 0
23219 6
23220 9
23221 6
23222 6
23223 1
23224 6
23225 2
23226 13
23227 2
23228 6
23229 13
23230 4
23231 13
23232 9
23233 10
23234 4
23235 2
23236 4
23237 11
23238 4
23239 4
23240 10
23241 5
23242 4
23243 14
23244 13
23245 14
23246 9
23247 13
23248 4
23249 4
23250 5
23251 13
23252 10
23253 5
23254 14
23255 0
23256 4
23257 5
23258 7
23259 5
23260 3
23261 4
23262 4
23263 6
23264 6
23265 14
23266 4
23267 13
23268 5
23269 7
23270 7
23271 4
23272 6
23273 2
23274 4
23275 6
23276 8
23277 2
23278 4
23279 4
23280 1
23281 11
23282 7
23283 9
23284 14
23285 13
23286 1
23287 4
23288 6
23289 6
23290 4
23291 13
23292 13
23293 7
23294 8
23295 6
23296 8
23297 4
23298 3
23299 14
23300 8
23301 5
23302 14
23303 11
23304 14
23305 14
23306 6
23307 7
23308 14
23309 2
23310 2
23311 14
23312 4
23313 5
23314 0
23315 2
23316 3
23317 6
23318 4
23319 13
23320 4
23321 4
23322 11
23323 4
23324 6
23325 11
23326 14
23327 12
23328 4
23329 0
23330 5
23331 8
23332 13
23333 13
23334 9
23335 13
23336 13
23337 4
23338 13
23339 13
23340 13
23341 13
23342 5
23343 4
23344 13
23345 4
23346 2
23347 4
23348 13
23349 14
23350 3
23351 13
23352 13
23353 7
23354 13
23355 8
23356 13
23357 6
23358 0
23359 6
23360 6
23361 9
23362 13
23363 4
23364 13
23365 13
23366 9
23367 6
23368 3
23369 2
23370 4
23371 2
23372 13
23373 4
23374 8
23375 2
23376 2
23377 7
23378 4
23379 4
23380 4
23381 2
23382 13
23383 8
23384 9
23385 6
23386 14
23387 7
23388 9
23389 6
23390 13
23391 4
23392 5
23393 4
23394 6
23395 4
23396 13
23397 13
23398 1
23399 9
23400 6
23401 6
23402 2
23403 4
23404 9
23405 9
23406 4
23407 6
23408 8
23409 6
23410 14
23411 11
23412 0
23413 13
23414 6
23415 0
23416 14
23417 6
23418 2
23419 6
23420 8
23421 13
23422 13
23423 6
23424 10
23425 10
23426 0
23427 4
23428 4
23429 2
23430 2
23431 13
23432 13
23433 13
23434 13
23435 13
23436 4
23437 4
23438 1
23439 8
23440 14
23441 9
23442 14
23443 4
23444 9
23445 13
23446 6
23447 1
23448 9
23449 4
23450 13
23451 4
23452 13
23453 13
23454 9
23455 13
23456 9
23457 4
23458 10
23459 9
23460 9
23461 2
23462 0
23463 14
23464 13
23465 13
23466 13
23467 10
23468 13
23469 4
23470 9
23471 9
23472 10
23473 8
23474 10
23475 8
23476 13
23477 6
23478 13
23479 8
23480 6
23481 13
23482 4
23483 8
23484 0
23485 4
23486 6
23487 8
23488 4
23489 2
23490 13
23491 4
23492 7
23493 13
23494 6
23495 13
23496 13
23497 2
23498 4
23499 3
23500 9
23501 5
23502 4
23503 0
23504 4
23505 5
23506 4
23507 13
23508 13
23509 9
23510 2
23511 2
23512 8
23513 13
23514 13
23515 6
23516 13
23517 9
23518 6
23519 9
23520 4
23521 10
23522 8
23523 3
23524 13
23525 8
23526 3
23527 6
23528 13
23529 13
23530 10
23531 13
23532 13
23533 13
23534 13
23535 8
23536 9
23537 13
23538 6
23539 4
23540 13
23541 11
23542 9
23543 3
23544 2
23545 14
23546 13
23547 13
23548 13
23549 9
23550 13
23551 4
23552 8
23553 10
23554 13
23555 13
23556 11
23557 13
23558 4
23559 4
23560 12
23561 13
23562 13
23563 3
23564 13
23565 13
23566 8
23567 13
23568 0
23569 6
23570 10
23571 14
23572 9
23573 13
23574 7
23575 4
23576 4
23577 9
23578 8
23579 3
23580 10
23581 13
23582 2
23583 6
23584 10
23585 9
23586 9
23587 9
23588 4
23589 6
23590 6
23591 4
23592 9
23593 2
23594 12
23595 14
23596 13
23597 6
23598 2
23599 9
23600 8
23601 4
23602 13
23603 14
23604 7
23605 4
23606 10
23607 11
23608 4
23609 9
23610 13
23611 13
23612 14
23613 11
23614 4
23615 13
23616 4
23617 2
23618 7
23619 4
23620 11
23621 6
23622 4
23623 13
23624 2
23625 12
23626 13
23627 13
23628 13
23629 13
23630 10
23631 12
23632 2
23633 0
23634 13
23635 10
23636 14
23637 13
23638 4
23639 6
23640 13
23641 11
23642 12
23643 10
23644 5
23645 13
23646 4
23647 13
23648 9
23649 13
23650 4
23651 11
23652 4
23653 13
23654 4
23655 4
23656 3
23657 10
23658 3
23659 5
23660 4
23661 0
23662 4
23663 13
23664 13
23665 4
23666 14
23667 3
23668 13
23669 4
23670 5
23671 9
23672 4
23673 5
23674 12
23675 7
23676 3
23677 11
23678 5
23679 3
23680 7
23681 11
23682 2
23683 4
23684 4
23685 14
23686 9
23687 9
23688 9
23689 10
23690 13
23691 13
23692 7
23693 13
23694 5
23695 14
23696 4
23697 9
23698 4
23699 5
23700 7
23701 9
23702 10
23703 1
23704 2
23705 11
23706 5
23707 13
23708 10
23709 10
23710 11
23711 4
23712 14
23713 5
23714 4
23715 4
23716 14
23717 5
23718 11
23719 14
23720 11
23721 2
23722 9
23723 5
23724 10
23725 10
23726 4
23727 13
23728 13
23729 0
23730 8
23731 14
23732 13
23733 13
23734 5
23735 13
23736 14
23737 9
23738 11
23739 13
23740 10
23741 8
23742 8
23743 14
23744 13
23745 4
23746 13
23747 14
23748 0
23749 8
23750 11
23751 4
23752 9
23753 14
23754 9
23755 10
23756 13
23757 11
23758 4
23759 13
23760 8
23761 4
23762 3
23763 6
23764 0
23765 8
23766 3
23767 11
23768 11
23769 3
23770 7
23771 10
23772 11
23773 3
23774 7
23775 11
23776 4
23777 9
23778 10
23779 10
23780 9
23781 5
23782 13
23783 4
23784 14
23785 13
23786 13
23787 3
23788 6
23789 9
23790 3
23791 9
23792 10
23793 10
23794 8
23795 9
23796 13
23797 3
23798 14
23799 14
23800 13
23801 4
23802 13
23803 13
23804 9
23805 10
23806 8
23807 14
23808 6
23809 4
23810 6
23811 13
23812 11
23813 4
23814 11
23815 11
23816 9
23817 5
23818 6
23819 4
23820 9
23821 13
23822 2
23823 13
23824 4
23825 5
23826 8
23827 13
23828 11
23829 4
23830 5
23831 7
23832 2
23833 8
23834 2
23835 4
23836 11
23837 3
23838 10
23839 14
23840 14
23841 5
23842 14
23843 7
23844 5
23845 10
23846 10
23847 2
23848 8
23849 11
23850 3
23851 10
23852 9
23853 12
23854 4
23855 4
23856 14
23857 11
23858 7
23859 13
23860 10
23861 13
23862 13
23863 8
23864 13
23865 13
23866 6
23867 4
23868 10
23869 2
23870 8
23871 9
23872 10
23873 12
23874 2
23875 3
23876 10
23877 5
23878 8
23879 4
23880 7
23881 2
23882 8
23883 2
23884 8
23885 14
23886 11
23887 10
23888 2
23889 0
23890 13
23891 13
23892 5
23893 13
23894 8
23895 14
23896 1
23897 4
23898 10
23899 3
23900 4
23901 13
23902 7
23903 8
23904 3
23905 13
23906 6
23907 2
23908 2
23909 7
23910 0
23911 2
23912 2
23913 13
23914 13
23915 13
23916 10
23917 2
23918 13
23919 7
23920 6
23921 0
23922 0
23923 8
23924 2
23925 2
23926 0
23927 2
23928 0
23929 2
23930 2
23931 0
23932 14
23933 14
23934 13
23935 11
23936 7
23937 8
23938 3
23939 4
23940 13
23941 13
23942 4
23943 9
23944 13
23945 9
23946 14
23947 13
23948 11
23949 4
23950 13
23951 14
23952 14
23953 4
23954 7
23955 13
23956 10
23957 3
23958 14
23959 13
23960 3
23961 14
23962 13
23963 8
23964 6
23965 4
23966 5
23967 4
23968 13
23969 5
23970 2
23971 13
23972 5
23973 10
23974 10
23975 10
23976 5
23977 5
23978 10
23979 10
23980 13
23981 14
23982 14
23983 14
23984 11
23985 3
23986 10
23987 1
23988 14
23989 10
23990 10
23991 13
23992 14
23993 4
23994 3
23995 10
23996 3
23997 4
23998 5
23999 14
24000 14
24001 7
24002 13
24003 6
24004 4
24005 4
24006 10
24007 8
24008 13
24009 4
24010 10
24011 14
24012 14
24013 13
24014 11
24015 14
24016 10
24017 11
24018 14
24019 9
24020 13
24021 3
24022 13
24023 14
24024 10
24025 13
24026 5
24027 10
24028 13
24029 13
24030 9
24031 13
24032 4
24033 11
24034 4
24035 9
24036 8
24037 8
24038 5
24039 13
24040 14
24041 4
24042 13
24043 13
24044 4
24045 13
24046 2
24047 4
24048 10
24049 9
24050 13
24051 14
24052 14
24053 14
24054 2
24055 3
24056 14
24057 5
24058 10
24059 13
24060 10
24061 9
24062 8
24063 4
24064 13
24065 7
24066 4
24067 13
24068 13
24069 9
24070 13
24071 13
24072 6
24073 7
24074 4
24075 13
24076 6
24077 10
24078 14
24079 13
24080 14
24081 0
24082 10
24083 9
24084 10
24085 10
24086 14
24087 12
24088 13
24089 3
24090 10
24091 6
24092 2
24093 13
24094 9
24095 13
24096 11
24097 4
24098 4
24099 14
24100 4
24101 4
24102 4
24103 12
24104 13
24105 4
24106 3
24107 9
24108 13
24109 14
24110 13
24111 11
24112 12
24113 13
24114 3
24115 9
24116 9
24117 4
24118 13
24119 11
24120 5
24121 3
24122 13
24123 3
24124 13
24125 14
24126 4
24127 6
24128 3
24129 13
24130 10
24131 13
24132 6
24133 4
24134 13
24135 0
24136 9
24137 14
24138 3
24139 9
24140 14
24141 9
24142 9
24143 13
24144 6
24145 9
24146 9
24147 6
24148 3
24149 13
24150 9
24151 1
24152 14
24153 4
24154 13
24155 5
24156 2
24157 13
24158 14
24159 12
24160 2
24161 13
24162 12
24163 13
24164 4
24165 10
24166 14
24167 8
24168 13
24169 9
24170 13
24171 13
24172 7
24173 9
24174 13
24175 9
24176 14
24177 2
24178 14
24179 4
24180 9
24181 13
24182 9
24183 10
24184 13
24185 13
24186 11
24187 14
24188 13
24189 10
24190 9
24191 10
24192 13
24193 13
24194 13
24195 13
24196 3
24197 9
24198 9
24199 13
24200 10
24201 13
24202 9
24203 14
24204 11
24205 13
24206 8
24207 13
24208 13
24209 3
24210 13
24211 4
24212 4
24213 7
24214 13
24215 13
24216 10
24217 6
24218 13
24219 9
24220 10
24221 9
24222 14
24223 13
24224 14
24225 13
24226 12
24227 6
24228 14
24229 1
24230 9
24231 3
24232 5
24233 4
24234 13
24235 7
24236 4
24237 2
24238 7
24239 4
24240 13
24241 13
24242 4
24243 4
24244 13
24245 4
24246 10
24247 2
24248 13
24249 3
24250 13
24251 4
24252 4
24253 4
24254 2
24255 6
24256 13
24257 4
24258 13
24259 10
24260 4
24261 9
24262 4
24263 10
24264 13
24265 13
24266 3
24267 4
24268 8
24269 13
24270 4
24271 9
24272 13
24273 13
24274 14
24275 13
24276 10
24277 8
24278 3
24279 13
24280 2
24281 5
24282 14
24283 13
24284 13
24285 4
24286 0
24287 13
24288 5
24289 14
24290 13
24291 4
24292 7
24293 4
24294 9
24295 9
24296 13
24297 13
24298 13
24299 13
24300 13
24301 4
24302 13
24303 4
24304 8
24305 8
24306 13
24307 13
24308 4
24309 13
24310 13
24311 10
24312 4
24313 9
24314 13
24315 9
24316 13
24317 12
24318 7
24319 4
24320 4
24321 6
24322 10
24323 14
24324 12
24325 3
24326 10
24327 13
24328 14
24329 13
24330 13
24331 8
24332 9
24333 4
24334 4
24335 10
24336 2
24337 4
24338 9
24339 8
24340 6
24341 13
24342 13
24343 11
24344 13
24345 3
24346 4
24347 13
24348 4
24349 4
24350 3
24351 13
24352 4
24353 4
24354 14
24355 10
24356 13
24357 3
24358 3
24359 13
24360 13
24361 13
24362 3
24363 13
24364 4
24365 11
24366 13
24367 13
24368 3
24369 4
24370 4
24371 13
24372 11
24373 13
24374 10
24375 14
24376 13
24377 4
24378 4
24379 3
24380 13
24381 12
24382 13
24383 8
24384 4
24385 6
24386 13
24387 13
24388 9
24389 13
24390 4
24391 9
24392 10
24393 11
24394 14
24395 0
24396 3
24397 7
24398 13
24399 9
24400 3
24401 10
24402 4
24403 9
24404 4
24405 10
24406 13
24407 12
24408 13
24409 14
24410 4
24411 12
24412 6
24413 4
24414 13
24415 8
24416 13
24417 5
24418 10
24419 13
24420 13
24421 13
24422 7
24423 11
24424 7
24425 13
24426 3
24427 9
24428 10
24429 14
24430 4
24431 13
24432 6
24433 14
24434 4
24435 4
24436 5
24437 13
24438 3
24439 4
24440 9
24441 6
24442 2
24443 13
24444 9
24445 9
24446 13
24447 9
24448 9
24449 13
24450 13
24451 0
24452 4
24453 4
24454 8
24455 13
24456 6
24457 4
24458 11
24459 13
24460 11
24461 9
24462 9
24463 4
24464 4
24465 13
24466 3
24467 7
24468 13
24469 4
24470 10
24471 9
24472 9
24473 11
24474 13
24475 4
24476 13
24477 1
24478 13
24479 5
24480 4
24481 3
24482 13
24483 5
24484 13
24485 13
24486 13
24487 13
24488 13
24489 13
24490 5
24491 13
24492 13
24493 9
24494 4
24495 5
24496 9
24497 13
24498 4
24499 9
24500 3
24501 10
24502 4
24503 13
24504 13
24505 14
24506 9
24507 13
24508 13
24509 4
24510 13
24511 13
24512 13
24513 13
24514 11
24515 13
24516 4
24517 13
24518 13
24519 13
24520 4
24521 8
24522 3
24523 9
24524 9
24525 3
24526 2
24527 4
24528 3
24529 12
24530 13
24531 2
24532 13
24533 13
24534 13
24535 13
24536 13
24537 7
24538 13
24539 5
24540 4
24541 9
24542 10
24543 10
24544 6
24545 14
24546 14
24547 13
24548 4
24549 4
24550 12
24551 8
24552 14
24553 4
24554 6
24555 2
24556 4
24557 13
24558 6
24559 13
24560 3
24561 9
24562 13
24563 9
24564 8
24565 10
24566 6
24567 4
24568 13
24569 4
24570 7
24571 13
24572 4
24573 3
24574 13
24575 4
24576 2
24577 14
24578 7
24579 13
24580 10
24581 12
24582 6
24583 9
24584 8
24585 8
24586 0
24587 8
24588 4
24589 2
24590 4
24591 5
24592 9
24593 8
24594 13
24595 9
24596 14
24597 14
24598 11
24599 14
24600 5
24601 14
24602 14
24603 0
24604 10
24605 11
24606 9
24607 7
24608 7
24609 13
24610 8
24611 13
24612 13
24613 13
24614 10
24615 4
24616 13
24617 3
24618 8
24619 13
24620 4
24621 13
24622 13
24623 13
24624 4
24625 13
24626 4
24627 13
24628 6
24629 13
24630 4
24631 13
24632 13
24633 4
24634 4
24635 4
24636 13
24637 4
24638 2
24639 7
24640 5
24641 7
24642 13
24643 13
24644 2
24645 11
24646 2
24647 11
24648 14
24649 3
24650 9
24651 14
24652 8
24653 9
24654 7
24655 3
24656 14
24657 1
24658 4
24659 9
24660 10
24661 13
24662 14
24663 4
24664 4
24665 7
24666 2
24667 4
24668 10
24669 13
24670 3
24671 13
24672 13
24673 4
24674 13
24675 13
24676 3
24677 8
24678 9
24679 5
24680 5
24681 3
24682 9
24683 3
24684 13
24685 13
24686 7
24687 13
24688 4
24689 0
24690 5
24691 7
24692 7
24693 9
24694 6
24695 14
24696 11
24697 9
24698 6
24699 4
24700 14
24701 13
24702 6
24703 10
24704 4
24705 0
24706 9
24707 10
24708 6
24709 10
24710 6
24711 2
24712 0
24713 13
24714 4
24715 4
24716 4
24717 13
24718 2
24719 4
24720 3
24721 4
24722 3
24723 6
24724 13
24725 4
24726 0
24727 4
24728 14
24729 13
24730 13
24731 2
24732 6
24733 13
24734 4
24735 13
24736 3
24737 4
24738 13
24739 3
24740 6
24741 13
24742 8
24743 6
24744 0
24745 6
24746 6
24747 14
24748 13
24749 13
24750 13
24751 7
24752 8
24753 4
24754 4
24755 6
24756 6
24757 6
24758 13
24759 8
24760 4
24761 6
24762 6
24763 13
24764 13
24765 9
24766 13
24767 2
24768 7
24769 11
24770 6
24771 6
24772 8
24773 6
24774 6
24775 0
24776 4
24777 6
24778 6
24779 6
24780 4
24781 4
24782 6
24783 5
24784 6
24785 6
24786 4
24787 13
24788 4
24789 3
24790 2
24791 9
24792 9
24793 4
24794 13
24795 1
24796 0
24797 6
24798 8
24799 6
24800 13
24801 6
24802 6
24803 0
24804 6
24805 8
24806 6
24807 2
24808 8
24809 5
24810 6
24811 8
24812 4
24813 8
24814 8
24815 4
24816 6
24817 0
24818 6
24819 13
24820 0
24821 4
24822 2
24823 13
24824 11
24825 4
24826 7
24827 10
24828 12
24829 13
24830 4
24831 4
24832 6
24833 4
24834 13
24835 4
24836 9
24837 4
24838 4
24839 13
24840 4
24841 9
24842 9
24843 13
24844 7
24845 6
24846 4
24847 14
24848 13
24849 13
24850 5
24851 4
24852 7
24853 3
24854 10
24855 6
24856 4
24857 7
24858 10
24859 13
24860 5
24861 7
24862 13
24863 13
24864 8
24865 14
24866 14
24867 4
24868 1
24869 4
24870 13
24871 4
24872 2
24873 11
24874 9
24875 10
24876 6
24877 4
24878 13
24879 13
24880 9
24881 14
24882 4
24883 4
24884 9
24885 13
24886 13
24887 13
24888 4
24889 13
24890 14
24891 3
24892 4
24893 8
24894 4
24895 6
24896 2
24897 14
24898 4
24899 14
24900 2
24901 11
24902 2
24903 4
24904 5
24905 3
24906 5
24907 14
24908 6
24909 10
24910 6
24911 5
24912 14
24913 11
24914 5
24915 5
24916 14
24917 11
24918 14
24919 13
24920 13
24921 11
24922 11
24923 12
24924 7
24925 4
24926 6
24927 4
24928 9
24929 3
24930 5
24931 3
24932 14
24933 11
24934 3
24935 9
24936 11
24937 4
24938 2
24939 4
24940 4
24941 6
24942 6
24943 10
24944 2
24945 8
24946 8
24947 11
24948 1
24949 5
24950 4
24951 14
24952 4
24953 1
24954 8
24955 2
24956 8
24957 2
24958 14
24959 4
24960 5
24961 11
24962 8
24963 4
24964 4
24965 6
24966 3
24967 4
24968 8
24969 11
24970 1
24971 11
24972 13
24973 6
24974 6
24975 14
24976 5
24977 7
24978 7
24979 4
24980 5
24981 12
24982 12
24983 7
24984 8
24985 11
24986 13
24987 3
24988 3
24989 2
24990 5
24991 14
24992 7
24993 10
24994 14
24995 10
24996 4
24997 2
24998 8
24999 0
25000 8
25001 6
25002 2
25003 7
25004 7
25005 6
25006 7
25007 6
25008 5
25009 4
25010 14
25011 13
25012 5
25013 1
25014 12
25015 4
25016 7
25017 4
25018 8
25019 13
25020 2
25021 11
25022 1
25023 4
25024 2
25025 11
25026 7
25027 8
25028 2
25029 8
25030 14
25031 4
25032 13
25033 7
25034 4
25035 2
25036 5
25037 9
25038 14
25039 7
25040 13
25041 7
25042 4
25043 7
25044 14
25045 5
25046 5
25047 7
25048 5
25049 5
25050 4
25051 7
25052 5
25053 13
25054 12
25055 6
25056 5
25057 4
25058 4
25059 5
25060 3
25061 11
25062 8
25063 7
25064 14
25065 13
25066 5
25067 6
25068 11
25069 2
25070 13
25071 8
25072 4
25073 8
25074 2
25075 8
25076 10
25077 7
25078 5
25079 6
25080 12
25081 1
25082 11
25083 4
25084 4
25085 5
25086 1
25087 3
25088 14
25089 7
25090 4
25091 3
25092 4
25093 5
25094 12
25095 7
25096 14
25097 10
25098 13
25099 3
25100 10
25101 4
25102 7
25103 4
25104 13
25105 13
25106 8
25107 0
25108 13
25109 4
25110 2
25111 8
25112 11
25113 14
25114 11
25115 9
25116 4
25117 5
25118 12
25119 4
25120 2
25121 1
25122 14
25123 13
25124 13
25125 1
25126 5
25127 5
25128 10
25129 3
25130 9
25131 2
25132 1
25133 8
25134 9
25135 0
25136 14
25137 13
25138 6
25139 10
25140 2
25141 2
25142 14
25143 11
25144 2
25145 14
25146 4
25147 6
25148 4
25149 2
25150 10
25151 6
25152 9
25153 2
25154 4
25155 4
25156 4
25157 0
25158 13
25159 4
25160 9
25161 5
25162 4
25163 2
25164 4
25165 7
25166 7
25167 0
25168 13
25169 6
25170 13
25171 14
25172 14
25173 4
25174 9
25175 10
25176 10
25177 10
25178 13
25179 13
25180 1
25181 5
25182 4
25183 14
25184 10
25185 14
25186 4
25187 5
25188 9
25189 9
25190 10
25191 2
25192 7
25193 10
25194 13
25195 11
25196 6
25197 4
25198 0
25199 14
25200 13
25201 4
25202 4
25203 13
25204 8
25205 14
25206 10
25207 7
25208 14
25209 13
25210 13
25211 13
25212 11
25213 13
25214 13
25215 13
25216 14
25217 7
25218 9
25219 13
25220 4
25221 4
25222 13
25223 14
25224 13
25225 13
25226 8
25227 3
25228 11
25229 2
25230 9
25231 7
25232 3
25233 5
25234 14
25235 1
25236 14
25237 8
25238 9
25239 4
25240 14
25241 4
25242 6
25243 7
25244 3
25245 5
25246 5
25247 1
25248 14
25249 9
25250 13
25251 12
25252 2
25253 4
25254 4
25255 11
25256 13
25257 5
25258 4
25259 3
25260 9
25261 14
25262 13
25263 13
25264 8
25265 9
25266 9
25267 4
25268 13
25269 10
25270 0
25271 3
25272 4
25273 14
25274 4
25275 13
25276 4
25277 13
25278 4
25279 5
25280 8
25281 12
25282 7
25283 3
25284 4
25285 10
25286 13
25287 4
25288 13
25289 6
25290 13
25291 8
25292 13
25293 8
25294 13
25295 11
25296 4
25297 9
25298 2
25299 3
25300 1
25301 13
25302 13
25303 4
25304 2
25305 3
25306 2
25307 2
25308 2
25309 8
25310 8
25311 2
25312 8
25313 14
25314 5
25315 13
25316 10
25317 2
25318 3
25319 13
25320 13
25321 3
25322 11
25323 2
25324 4
25325 9
25326 13
25327 13
25328 13
25329 9
25330 4
25331 6
25332 9
25333 13
25334 6
25335 8
25336 9
25337 13
25338 10
25339 8
25340 4
25341 4
25342 2
25343 13
25344 10
25345 2
25346 13
25347 13
25348 13
25349 13
25350 9
25351 3
25352 7
25353 13
25354 13
25355 10
25356 0
25357 2
25358 2
25359 4
25360 5
25361 7
25362 8
25363 2
25364 2
25365 2
25366 2
25367 2
25368 0
25369 2
25370 2
25371 6
25372 2
25373 3
25374 3
25375 2
25376 0
25377 0
25378 7
25379 3
25380 2
25381 6
25382 8
25383 2
25384 11
25385 13
25386 13
25387 5
25388 13
25389 4
25390 13
25391 3
25392 4
25393 13
25394 13
25395 9
25396 10
25397 5
25398 1
25399 1
25400 1
25401 0
25402 1
25403 9
25404 8
25405 1
25406 1
25407 14
25408 9
25409 4
25410 13
25411 10
25412 3
25413 13
25414 8
25415 7
25416 5
25417 13
25418 4
25419 4
25420 13
25421 3
25422 4
25423 6
25424 8
25425 14
25426 10
25427 13
25428 6
25429 1
25430 1
25431 1
25432 9
25433 12
25434 13
25435 7
25436 10
25437 7
25438 9
25439 8
25440 9
25441 5
25442 12
25443 14
25444 9
25445 13
25446 6
25447 9
25448 7
25449 13
25450 13
25451 9
25452 13
25453 8
25454 13
25455 9
25456 14
25457 8
25458 11
25459 12
25460 2
25461 13
25462 9
25463 9
25464 14
25465 13
25466 10
25467 13
25468 13
25469 13
25470 7
25471 13
25472 4
25473 2
25474 5
25475 2
25476 13
25477 7
25478 2
25479 2
25480 2
25481 2
25482 2
25483 7
25484 11
25485 3
25486 2
25487 2
25488 13
25489 3
25490 13
25491 2
25492 9
25493 2
25494 2
25495 3
25496 13
25497 2
25498 2
25499 11
25500 8
25501 2
25502 2
25503 2
25504 2
25505 10
25506 14
25507 12
25508 11
25509 3
25510 8
25511 10
25512 13
25513 8
25514 3
25515 5
25516 2
25517 4
25518 0
25519 11
25520 4
25521 4
25522 4
25523 5
25524 14
25525 6
25526 4
25527 4
25528 13
25529 5
25530 5
25531 6
25532 13
25533 13
25534 9
25535 4
25536 4
25537 13
25538 13
25539 5
25540 2
25541 2
25542 12
25543 4
25544 2
25545 9
25546 11
25547 13
25548 4
25549 13
25550 4
25551 14
25552 8
25553 4
25554 13
25555 13
25556 14
25557 1
25558 10
25559 9
25560 10
25561 10
25562 10
25563 10
25564 4
25565 4
25566 11
25567 13
25568 12
25569 4
25570 4
25571 4
25572 2
25573 8
25574 4
25575 13
25576 13
25577 13
25578 14
25579 4
25580 9
25581 11
25582 11
25583 14
25584 13
25585 10
25586 6
25587 4
25588 5
25589 9
25590 13
25591 10
25592 13
25593 13
25594 6
25595 8
25596 9
25597 4
25598 13
25599 9
25600 5
25601 7
25602 9
25603 13
25604 6
25605 8
25606 9
25607 13
25608 6
25609 13
25610 13
25611 14
25612 0
25613 2
25614 7
25615 14
25616 3
25617 7
25618 2
25619 2
25620 2
25621 2
25622 2
25623 7
25624 3
25625 2
25626 3
25627 6
25628 2
25629 7
25630 2
25631 11
25632 9
25633 11
25634 8
25635 11
25636 2
25637 2
25638 2
25639 2
25640 10
25641 2
25642 3
25643 2
25644 2
25645 7
25646 9
25647 10
25648 13
25649 7
25650 8
25651 8
25652 5
25653 4
25654 11
25655 4
25656 11
25657 7
25658 2
25659 7
25660 2
25661 8
25662 2
25663 2
25664 13
25665 6
25666 2
25667 11
25668 6
25669 0
25670 2
25671 10
25672 2
25673 2
25674 2
25675 13
25676 10
25677 4
25678 13
25679 13
25680 4
25681 3
25682 14
25683 4
25684 13
25685 9
25686 4
25687 2
25688 11
25689 8
25690 0
25691 9
25692 9
25693 7
25694 7
25695 6
25696 13
25697 8
25698 3
25699 14
25700 4
25701 8
25702 13
25703 0
25704 13
25705 7
25706 7
25707 7
25708 2
25709 13
25710 13
25711 4
25712 13
25713 2
25714 5
25715 9
25716 14
25717 14
25718 4
25719 5
25720 4
25721 10
25722 1
25723 8
25724 4
25725 8
25726 5
25727 5
25728 9
25729 4
25730 5
25731 9
25732 4
25733 5
25734 14
25735 13
25736 3
25737 13
25738 3
25739 10
25740 13
25741 4
25742 0
25743 5
25744 9
25745 11
25746 13
25747 4
25748 4
25749 13
25750 13
25751 13
25752 13
25753 4
25754 9
25755 14
25756 10
25757 13
25758 4
25759 13
25760 4
25761 13
25762 8
25763 11
25764 5
25765 10
25766 4
25767 3
25768 6
25769 4
25770 11
25771 0
25772 13
25773 4
25774 9
25775 13
25776 12
25777 4
25778 6
25779 7
25780 13
25781 5
25782 11
25783 2
25784 12
25785 5
25786 10
25787 3
25788 12
25789 4
25790 14
25791 10
25792 8
25793 5
25794 3
25795 5
25796 4
25797 7
25798 12
25799 11
25800 11
25801 4
25802 11
25803 10
25804 14
25805 9
25806 14
25807 14
25808 10
25809 5
25810 11
25811 9
25812 4
25813 14
25814 12
25815 5
25816 13
25817 14
25818 8
25819 13
25820 13
25821 10
25822 5
25823 14
25824 4
25825 14
25826 3
25827 4
25828 2
25829 6
25830 5
25831 4
25832 10
25833 4
25834 14
25835 2
25836 5
25837 10
25838 5
25839 5
25840 13
25841 4
25842 4
25843 13
25844 0
25845 11
25846 14
25847 7
25848 7
25849 13
25850 3
25851 11
25852 5
25853 14
25854 12
25855 12
25856 5
25857 4
25858 12
25859 5
25860 5
25861 7
25862 11
25863 11
25864 7
25865 11
25866 5
25867 13
25868 7
25869 13
25870 10
25871 5
25872 13
25873 4
25874 12
25875 5
25876 1
25877 5
25878 13
25879 9
25880 10
25881 14
25882 3
25883 13
25884 13
25885 4
25886 14
25887 10
25888 4
25889 14
25890 13
25891 10
25892 13
25893 14
25894 13
25895 14
25896 11
25897 1
25898 6
25899 13
25900 7
25901 4
25902 6
25903 9
25904 9
25905 14
25906 4
25907 4
25908 9
25909 12
25910 14
25911 11
25912 5
25913 9
25914 4
25915 14
25916 5
25917 5
25918 14
25919 9
25920 3
25921 11
25922 7
25923 2
25924 8
25925 14
25926 9
25927 2
25928 8
25929 1
25930 5
25931 2
25932 9
25933 11
25934 5
25935 11
25936 11
25937 6
25938 4
25939 5
25940 5
25941 0
25942 9
25943 5
25944 4
25945 0
25946 13
25947 14
25948 0
25949 12
25950 2
25951 11
25952 6
25953 14
25954 8
25955 3
25956 12
25957 14
25958 5
25959 5
25960 11
25961 12
25962 14
25963 3
25964 8
25965 11
25966 2
25967 8
25968 5
25969 7
25970 8
25971 2
25972 2
25973 14
25974 5
25975 3
25976 5
25977 12
25978 14
25979 3
25980 5
25981 2
25982 5
25983 4
25984 9
25985 5
25986 7
25987 5
25988 11
25989 4
25990 8
25991 4
25992 11
25993 14
25994 5
25995 1
25996 8
25997 9
25998 5
25999 12
26000 7
26001 10
26002 5
26003 5
26004 0
26005 12
26006 12
26007 12
26008 5
26009 0
26010 4
26011 9
26012 4
26013 12
26014 12
26015 5
26016 5
26017 3
26018 7
26019 2
26020 14
26021 10
26022 13
26023 5
26024 2
26025 12
26026 5
26027 6
26028 13
26029 3
26030 5
26031 9
26032 11
26033 10
26034 4
26035 8
26036 3
26037 11
26038 6
26039 4
26040 10
26041 6
26042 6
26043 4
26044 10
26045 4
26046 2
26047 5
26048 10
26049 5
26050 1
26051 5
26052 5
26053 4
26054 6
26055 8
26056 13
26057 6
26058 9
26059 5
26060 8
26061 3
26062 1
26063 1
26064 8
26065 6
26066 11
26067 6
26068 11
26069 5
26070 5
26071 11
26072 5
26073 1
26074 5
26075 11
26076 5
26077 2
26078 13
26079 6
26080 5
26081 5
26082 10
26083 3
26084 9
26085 5
26086 3
26087 2
26088 5
26089 2
26090 1
26091 5
26092 6
26093 5
26094 2
26095 1
26096 3
26097 0
26098 0
26099 2
26100 2
26101 5
26102 13
26103 6
26104 14
26105 4
26106 14
26107 14
26108 10
26109 10
26110 10
26111 11
26112 5
26113 7
26114 5
26115 7
26116 10
26117 13
26118 3
26119 11
26120 5
26121 8
26122 8
26123 7
26124 7
26125 5
26126 5
26127 3
26128 13
26129 12
26130 5
26131 5
26132 7
26133 5
26134 5
26135 1
26136 14
26137 3
26138 1
26139 5
26140 14
26141 3
26142 9
26143 7
26144 13
26145 5
26146 5
26147 10
26148 14
26149 11
26150 4
26151 5
26152 6
26153 11
26154 12
26155 11
26156 2
26157 6
26158 6
26159 0
26160 5
26161 5
26162 11
26163 10
26164 5
26165 3
26166 5
26167 5
26168 5
26169 12
26170 5
26171 5
26172 8
26173 5
26174 5
26175 5
26176 5
26177 5
26178 2
26179 5
26180 1
26181 5
26182 11
26183 5
26184 9
26185 1
26186 5
26187 7
26188 3
26189 2
26190 9
26191 4
26192 1
26193 7
26194 5
26195 5
26196 2
26197 13
26198 13
26199 9
26200 14
26201 5
26202 4
26203 7
26204 8
26205 9
26206 13
26207 5
26208 5
26209 4
26210 1
26211 11
26212 3
26213 5
26214 5
26215 5
26216 6
26217 8
26218 2
26219 8
26220 4
26221 7
26222 4
26223 8
26224 7
26225 9
26226 5
26227 11
26228 9
26229 12
26230 11
26231 11
26232 7
26233 0
26234 10
26235 9
26236 13
26237 10
26238 7
26239 5
26240 10
26241 14
26242 3
26243 4
26244 13
26245 5
26246 4
26247 5
26248 5
26249 5
26250 13
26251 4
26252 3
26253 0
26254 7
26255 3
26256 3
26257 9
26258 11
26259 5
26260 4
26261 12
26262 4
26263 13
26264 7
26265 14
26266 11
26267 5
26268 11
26269 3
26270 4
26271 4
26272 4
26273 5
26274 14
26275 5
26276 7
26277 9
26278 13
26279 10
26280 14
26281 6
26282 10
26283 3
26284 0
26285 14
26286 14
26287 13
26288 5
26289 11
26290 6
26291 11
26292 12
26293 7
26294 9
26295 12
26296 2
26297 4
26298 4
26299 14
26300 9
26301 2
26302 14
26303 4
26304 12
26305 11
26306 14
26307 13
26308 14
26309 8
26310 11
26311 9
26312 11
26313 11
26314 11
26315 14
26316 14
26317 5
26318 8
26319 14
26320 14
26321 3
26322 13
26323 14
26324 5
26325 5
26326 7
26327 5
26328 8
26329 4
26330 3
26331 4
26332 7
26333 8
26334 5
26335 5
26336 5
26337 11
26338 11
26339 6
26340 3
26341 5
26342 9
26343 12
26344 11
26345 5
26346 5
26347 5
26348 4
26349 5
26350 11
26351 3
26352 8
26353 4
26354 5
26355 11
26356 8
26357 5
26358 9
26359 9
26360 9
26361 2
26362 5
26363 0
26364 8
26365 5
26366 5
26367 14
26368 5
26369 5
26370 5
26371 5
26372 14
26373 8
26374 7
26375 11
26376 5
26377 7
26378 3
26379 7
26380 14
26381 5
26382 4
26383 4
26384 11
26385 2
26386 8
26387 7
26388 10
26389 5
26390 1
26391 13
26392 4
26393 2
26394 14
26395 4
26396 5
26397 5
26398 5
26399 7
26400 2
26401 7
26402 6
26403 14
26404 5
26405 5
26406 5
26407 5
26408 7
26409 5
26410 3
26411 4
26412 3
26413 5
26414 11
26415 5
26416 11
26417 5
26418 5
26419 5
26420 5
26421 5
26422 4
26423 12
26424 9
26425 9
26426 8
26427 1
26428 5
26429 1
26430 13
26431 5
26432 5
26433 5
26434 14
26435 1
26436 8
26437 2
26438 5
26439 5
26440 9
26441 13
26442 5
26443 10
26444 14
26445 5
26446 7
26447 14
26448 10
26449 4
26450 5
26451 3
26452 2
26453 7
26454 5
26455 5
26456 2
26457 4
26458 7
26459 11
26460 5
26461 7
26462 6
26463 5
26464 12
26465 0
26466 7
26467 7
26468 11
26469 5
26470 2
26471 2
26472 0
26473 0
26474 0
26475 2
26476 2
26477 3
26478 2
26479 3
26480 2
26481 8
26482 2
26483 2
26484 0
26485 0
26486 0
26487 2
26488 0
26489 3
26490 2
26491 0
26492 0
26493 2
26494 2
26495 2
26496 2
26497 0
26498 6
26499 2
26500 3
26501 0
26502 0
26503 2
26504 0
26505 2
26506 0
26507 3
26508 2
26509 2
26510 0
26511 2
26512 0
26513 6
26514 0
26515 7
26516 2
26517 0
26518 7
26519 2
26520 2
26521 2
26522 2
26523 2
26524 0
26525 7
26526 2
26527 0
26528 7
26529 3
26530 2
26531 8
26532 2
26533 2
26534 0
26535 0
26536 0
26537 7
26538 0
26539 2
26540 2
26541 7
26542 2
26543 0
26544 3
26545 2
26546 2
26547 2
26548 2
26549 6
26550 0
26551 0
26552 0
26553 2
26554 2
26555 3
26556 7
26557 2
26558 2
26559 0
26560 3
26561 2
26562 0
26563 2
26564 7
26565 6
26566 2
26567 6
26568 2
26569 0
26570 2
26571 0
26572 2
26573 0
26574 0
26575 0
26576 2
26577 2
26578 2
26579 0
26580 2
26581 3
26582 3
26583 2
26584 0
26585 7
26586 3
26587 2
26588 13
26589 4
26590 7
26591 7
26592 3
26593 3
26594 0
26595 6
26596 0
26597 3
26598 2
26599 2
26600 7
26601 2
26602 11
26603 14
26604 2
26605 6
26606 10
26607 10
26608 2
26609 0
26610 2
26611 2
26612 0
26613 2
26614 2
26615 2
26616 2
26617 2
26618 3
26619 2
26620 3
26621 12
26622 5
26623 7
26624 2
26625 2
26626 2
26627 2
26628 2
26629 3
26630 3
26631 7
26632 3
26633 12
26634 0
26635 12
26636 10
26637 0
26638 11
26639 3
26640 2
26641 0
26642 2
26643 2
26644 3
26645 2
26646 0
26647 3
26648 8
26649 6
26650 6
26651 2
26652 2
26653 6
26654 6
26655 3
26656 8
26657 0
26658 3
26659 11
26660 2
26661 2
26662 2
26663 2
26664 6
26665 3
26666 11
26667 2
26668 0
26669 0
26670 0
26671 0
26672 0
26673 0
26674 0
26675 2
26676 0
26677 0
26678 2
26679 2
26680 0
26681 0
26682 0
26683 6
26684 2
26685 3
26686 3
26687 2
26688 2
26689 2
26690 6
26691 3
26692 2
26693 7
26694 0
26695 3
26696 0
26697 0
26698 2
26699 2
26700 0
26701 2
26702 2
26703 2
26704 0
26705 3
26706 0
26707 0
26708 3
26709 2
26710 2
26711 0
26712 2
26713 0
26714 2
26715 2
26716 2
26717 2
26718 3
26719 14
26720 7
26721 2
26722 2
26723 2
26724 11
26725 5
26726 7
26727 2
26728 7
26729 3
26730 2
26731 2
26732 2
26733 2
26734 6
26735 11
26736 11
26737 6
26738 2
26739 11
26740 3
26741 3
26742 2
26743 2
26744 2
26745 2
26746 3
26747 7
26748 7
26749 0
26750 2
26751 13
26752 0
26753 8
26754 2
26755 2
26756 0
26757 0
26758 0
26759 2
26760 6
26761 0
26762 3
26763 2
26764 3
26765 6
26766 2
26767 3
26768 2
26769 2
26770 7
26771 6
26772 2
26773 7
26774 0
26775 2
26776 0
26777 2
26778 0
26779 2
26780 3
26781 2
26782 2
26783 2
26784 2
26785 2
26786 0
26787 2
26788 2
26789 8
26790 2
26791 3
26792 0
26793 0
26794 2
26795 0
26796 0
26797 7
26798 3
26799 0
26800 2
26801 3
26802 0
26803 2
26804 2
26805 8
26806 2
26807 2
26808 2
26809 2
26810 2
26811 0
26812 2
26813 0
26814 0
26815 0
26816 0
26817 2
26818 2
26819 2
26820 2
26821 2
26822 2
26823 2
26824 7
26825 2
26826 0
26827 2
26828 2
26829 2
26830 3
26831 3
26832 0
26833 2
26834 6
26835 0
26836 0
26837 0
26838 2
26839 2
26840 2
26841 3
26842 2
26843 6
26844 6
26845 2
26846 3
26847 2
26848 2
26849 0
26850 0
26851 2
26852 3
26853 2
26854 2
26855 0
26856 11
26857 8
26858 3
26859 6
26860 10
26861 2
26862 4
26863 0
26864 2
26865 6
26866 6
26867 11
26868 8
26869 6
26870 6
26871 6
26872 2
26873 7
26874 3
26875 2
26876 0
26877 0
26878 2
26879 2
26880 0
26881 2
26882 0
26883 0
26884 2
26885 0
26886 0
26887 0
26888 0
26889 2
26890 0
26891 0
26892 0
26893 0
26894 2
26895 0
26896 2
26897 2
26898 2
26899 2
26900 0
26901 0
26902 6
26903 3
26904 2
26905 2
26906 2
26907 0
26908 0
26909 0
26910 2
26911 5
26912 11
26913 2
26914 2
26915 2
26916 0
26917 0
26918 12
26919 2
26920 3
26921 7
26922 2
26923 2
26924 3
26925 13
26926 7
26927 8
26928 8
26929 0
26930 2
26931 7
26932 6
26933 11
26934 2
26935 12
26936 0
26937 0
26938 0
26939 6
26940 11
26941 6
26942 0
26943 14
26944 0
26945 7
26946 0
26947 0
26948 0
26949 6
26950 0
26951 10
26952 2
26953 2
26954 5
26955 3
26956 2
26957 12
26958 0
26959 2
26960 6
26961 8
26962 7
26963 2
26964 6
26965 2
26966 3
26967 8
26968 3
26969 7
26970 10
26971 12
26972 12
26973 2
26974 0
26975 0
26976 2
26977 3
26978 0
26979 0
26980 0
26981 0
26982 0
26983 0
26984 7
26985 3
26986 2
26987 8
26988 2
26989 7
26990 3
26991 7
26992 2
26993 2
26994 6
26995 2
26996 2
26997 0
26998 7
26999 6
27000 2
27001 6
27002 7
27003 0
27004 0
27005 2
27006 3
27007 2
27008 3
27009 2
27010 0
27011 2
27012 2
27013 2
27014 8
27015 3
27016 2
27017 2
27018 2
27019 0
27020 11
27021 2
27022 2
27023 0
27024 0
27025 2
27026 2
27027 2
27028 2
27029 7
27030 6
27031 7
27032 0
27033 8
27034 6
27035 6
27036 11
27037 14
27038 14
27039 7
27040 7
27041 6
27042 3
27043 12
27044 11
27045 2
27046 2
27047 2
27048 2
27049 2
27050 0
27051 6
27052 2
27053 2
27054 2
27055 2
27056 0
27057 6
27058 0
27059 8
27060 3
27061 3
27062 2
27063 3
27064 2
27065 2
27066 3
27067 2
27068 2
27069 0
27070 6
27071 7
27072 7
27073 3
27074 3
27075 2
27076 0
27077 7
27078 2
27079 2
27080 0
27081 2
27082 0
27083 2
27084 2
27085 0
27086 3
27087 2
27088 3
27089 7
27090 2
27091 8
27092 7
27093 2
27094 0
27095 0
27096 2
27097 0
27098 2
27099 3
27100 0
27101 0
27102 2
27103 3
27104 6
27105 2
27106 3
27107 8
27108 2
27109 0
27110 2
27111 2
27112 0
27113 0
27114 7
27115 2
27116 2
27117 2
27118 0
27119 0
27120 2
27121 10
27122 7
27123 2
27124 2
27125 3
27126 2
27127 2
27128 0
27129 2
27130 3
27131 2
27132 0
27133 2
27134 2
27135 2
27136 2
27137 2
27138 2
27139 2
27140 3
27141 2
27142 2
27143 2
27144 3
27145 2
27146 0
27147 3
27148 3
27149 2
27150 2
27151 2
27152 8
27153 2
27154 8
27155 2
27156 7
27157 0
27158 2
27159 2
27160 0
27161 0
27162 2
27163 0
27164 3
27165 2
27166 2
27167 3
27168 2
27169 0
27170 0
27171 2
27172 2
27173 2
27174 0
27175 3
27176 3
27177 0
27178 3
27179 2
27180 2
27181 2
27182 2
27183 0
27184 2
27185 0
27186 3
27187 3
27188 0
27189 2
27190 6
27191 0
27192 0
27193 2
27194 0
27195 2
27196 0
27197 7
27198 7
27199 2
27200 0
27201 0
27202 0
27203 0
27204 2
27205 3
27206 2
27207 0
27208 0
27209 2
27210 3
27211 0
27212 2
27213 2
27214 5
27215 3
27216 2
27217 2
27218 0
27219 0
27220 2
27221 2
27222 7
27223 0
27224 2
27225 2
27226 10
27227 2
27228 3
27229 2
27230 3
27231 7
27232 11
27233 0
27234 2
27235 0
27236 0
27237 7
27238 2
27239 3
27240 3
27241 8
27242 0
27243 2
27244 2
27245 0
27246 7
27247 2
27248 0
27249 2
27250 0
27251 2
27252 2
27253 0
27254 0
27255 2
27256 11
27257 0
27258 7
27259 2
27260 3
27261 2
27262 0
27263 3
27264 3
27265 3
27266 7
27267 2
27268 7
27269 2
27270 2
27271 3
27272 3
27273 7
27274 2
27275 7
27276 2
27277 2
27278 2
27279 12
27280 2
27281 11
27282 11
27283 0
27284 3
27285 2
27286 3
27287 2
27288 0
27289 0
27290 2
27291 0
27292 0
27293 0
27294 3
27295 2
27296 0
27297 7
27298 14
27299 2
27300 2
27301 7
27302 0
27303 2
27304 11
27305 0
27306 7
27307 0
27308 3
27309 2
27310 0
27311 2
27312 3
27313 0
27314 2
27315 3
27316 7
27317 3
27318 2
27319 0
27320 2
27321 2
27322 3
27323 2
27324 2
27325 2
27326 0
27327 2
27328 2
27329 0
27330 8
27331 2
27332 2
27333 0
27334 7
27335 3
27336 7
27337 2
27338 2
27339 2
27340 2
27341 2
27342 13
27343 0
27344 3
27345 0
27346 0
27347 2
27348 0
27349 3
27350 3
27351 3
27352 0
27353 0
27354 2
27355 11
27356 2
27357 2
27358 7
27359 0
27360 2
27361 0
27362 2
27363 2
27364 2
27365 2
27366 2
27367 3
27368 0
27369 7
27370 2
27371 3
27372 10
27373 0
27374 7
27375 0
27376 2
27377 2
27378 2
27379 2
27380 0
27381 2
27382 2
27383 0
27384 0
27385 0
27386 8
27387 3
27388 6
27389 2
27390 2
27391 2
27392 2
27393 2
27394 10
27395 0
27396 2
27397 3
27398 0
27399 5
27400 6
27401 0
27402 0
27403 2
27404 2
27405 2
27406 0
27407 0
27408 0
27409 2
27410 2
27411 2
27412 2
27413 0
27414 0
27415 3
27416 2
27417 2
27418 2
27419 0
27420 3
27421 6
27422 2
27423 6
27424 0
27425 2
27426 0
27427 2
27428 2
27429 0
27430 2
27431 3
27432 0
27433 3
27434 7
27435 0
27436 0
27437 0
27438 0
27439 0
27440 0
27441 0
27442 0
27443 0
27444 0
27445 0
27446 0
27447 0
27448 0
27449 2
27450 2
27451 2
27452 2
27453 0
27454 3
27455 2
27456 6
27457 0
27458 0
27459 0
27460 2
27461 0
27462 0
27463 0
27464 2
27465 0
27466 3
27467 2
27468 2
27469 0
27470 0
27471 2
27472 0
27473 2
27474 11
27475 0
27476 0
27477 2
27478 2
27479 0
27480 0
27481 2
27482 0
27483 0
27484 0
27485 2
27486 0
27487 3
27488 2
27489 0
27490 0
27491 0
27492 0
27493 3
27494 2
27495 0
27496 0
27497 0
27498 2
27499 2
27500 2
27501 0
27502 0
27503 2
27504 2
27505 3
27506 6
27507 0
27508 2
27509 2
27510 11
27511 2
27512 2
27513 2
27514 7
27515 0
27516 3
27517 2
27518 0
27519 0
27520 0
27521 0
27522 8
27523 0
27524 3
27525 0
27526 11
27527 0
27528 0
27529 0
27530 0
27531 0
27532 2
27533 2
27534 2
27535 2
27536 2
27537 2
27538 0
27539 0
27540 11
27541 11
27542 0
27543 0
27544 0
27545 7
27546 2
27547 7
27548 0
27549 11
27550 0
27551 2
27552 2
27553 2
27554 0
27555 0
27556 2
27557 3
27558 0
27559 0
27560 2
27561 0
27562 3
27563 12
27564 12
27565 3
27566 6
27567 9
27568 8
27569 11
27570 10
27571 10
27572 7
27573 6
27574 8
27575 7
27576 7
27577 11
27578 3
27579 8
27580 2
27581 6
27582 8
27583 8
27584 10
27585 6
27586 6
27587 12
27588 2
27589 2
27590 7
27591 6
27592 14
27593 12
27594 2
27595 12
27596 11
27597 7
27598 6
27599 6
27600 11
27601 0
27602 2
27603 0
27604 2
27605 2
27606 7
27607 0
27608 0
27609 2
27610 2
27611 2
27612 7
27613 0
27614 6
27615 2
27616 0
27617 0
27618 0
27619 0
27620 3
27621 3
27622 0
27623 2
27624 2
27625 2
27626 7
27627 0
27628 0
27629 6
27630 2
27631 0
27632 2
27633 2
27634 2
27635 2
27636 0
27637 0
27638 2
27639 2
27640 2
27641 2
27642 2
27643 6
27644 2
27645 2
27646 2
27647 0
27648 0
27649 2
27650 2
27651 0
27652 2
27653 0
27654 7
27655 7
27656 2
27657 2
27658 7
27659 2
27660 0
27661 2
27662 0
27663 2
27664 3
27665 0
27666 0
27667 2
27668 3
27669 2
27670 0
27671 2
27672 0
27673 0
27674 2
27675 2
27676 2
27677 3
27678 0
27679 0
27680 2
27681 0
27682 2
27683 6
27684 2
27685 6
27686 0
27687 0
27688 2
27689 0
27690 0
27691 0
27692 0
27693 7
27694 0
27695 0
27696 2
27697 2
27698 2
27699 0
27700 3
27701 3
27702 7
27703 2
27704 2
27705 2
27706 2
27707 2
27708 2
27709 0
27710 6
27711 11
27712 2
27713 0
27714 3
27715 0
27716 2
27717 2
27718 2
27719 2
27720 3
27721 2
27722 2
27723 0
27724 2
27725 3
27726 0
27727 3
27728 2
27729 2
27730 2
27731 7
27732 3
27733 0
27734 2
27735 0
27736 3
27737 2
27738 8
27739 7
27740 7
27741 7
27742 2
27743 12
27744 7
27745 0
27746 2
27747 2
27748 0
27749 0
27750 0
27751 2
27752 2
27753 2
27754 0
27755 11
27756 2
27757 2
27758 12
27759 2
27760 7
27761 7
27762 2
27763 7
27764 2
27765 11
27766 6
27767 8
27768 6
27769 2
27770 3
27771 8
27772 7
27773 6
27774 0
27775 0
27776 2
27777 2
27778 6
27779 2
27780 2
27781 0
27782 6
27783 2
27784 6
27785 7
27786 0
27787 2
27788 2
27789 0
27790 6
27791 2
27792 11
27793 12
27794 12
27795 2
27796 8
27797 12
27798 6
27799 12
27800 10
27801 0
27802 2
27803 6
27804 0
27805 0
27806 0
27807 2
27808 3
27809 0
27810 6
27811 2
27812 2
27813 7
27814 0
27815 12
27816 7
27817 2
27818 5
27819 0
27820 7
27821 10
27822 8
27823 6
27824 14
27825 14
27826 2
27827 0
27828 6
27829 5
27830 6
27831 14
27832 2
27833 2
27834 6
27835 6
27836 1
27837 2
27838 10
27839 6
27840 6
27841 6
27842 3
27843 7
27844 11
27845 11
27846 14
27847 0
27848 3
27849 10
27850 6
27851 3
27852 6
27853 2
27854 2
27855 0
27856 2
27857 2
27858 0
27859 7
27860 11
27861 0
27862 3
27863 0
27864 3
27865 7
27866 2
27867 0
27868 0
27869 2
27870 2
27871 2
27872 2
27873 7
27874 2
27875 14
27876 0
27877 0
27878 2
27879 2
27880 2
27881 0
27882 2
27883 0
27884 2
27885 2
27886 0
27887 7
27888 2
27889 0
27890 0
27891 3
27892 2
27893 0
27894 2
27895 2
27896 2
27897 3
27898 0
27899 0
27900 2
27901 2
27902 0
27903 2
27904 0
27905 0
27906 0
27907 0
27908 0
27909 0
27910 0
27911 0
27912 7
27913 2
27914 0
27915 2
27916 6
27917 3
27918 2
27919 2
27920 0
27921 0
27922 3
27923 2
27924 0
27925 7
27926 2
27927 0
27928 0
27929 0
27930 0
27931 0
27932 2
27933 2
27934 0
27935 3
27936 0
27937 0
27938 3
27939 0
27940 7
27941 0
27942 0
27943 10
27944 2
27945 0
27946 2
27947 2
27948 0
27949 8
27950 6
27951 2
27952 6
27953 0
27954 2
27955 0
27956 0
27957 0
27958 2
27959 12
27960 0
27961 0
27962 2
27963 0
27964 11
27965 11
27966 6
27967 7
27968 3
27969 3
27970 14
27971 0
27972 0
27973 12
27974 10
27975 2
27976 2
27977 3
27978 0
27979 3
27980 2
27981 5
27982 12
27983 13
27984 2
27985 7
27986 5
27987 12
27988 3
27989 8
27990 12
27991 6
27992 10
27993 4
27994 14
27995 12
27996 2
27997 11
27998 11
27999 14
28000 7
28001 6
28002 12
28003 1
28004 10
28005 12
28006 7
28007 2
28008 12
28009 12
28010 12
28011 2
28012 11
28013 12
28014 7
28015 2
28016 2
28017 3
28018 0
28019 2
28020 6
28021 2
28022 0
28023 2
28024 2
28025 0
28026 2
28027 2
28028 2
28029 6
28030 7
28031 2
28032 11
28033 6
28034 10
28035 10
28036 11
28037 2
28038 8
28039 3
28040 11
28041 2
28042 8
28043 3
28044 12
28045 7
28046 6
28047 11
28048 6
28049 8
28050 12
28051 8
28052 7
28053 13
28054 12
28055 11
28056 6
28057 8
28058 8
28059 2
28060 12
28061 3
28062 14
28063 0
28064 8
28065 7
28066 6
28067 6
28068 6
28069 12
28070 7
28071 12
28072 12
28073 4
28074 10
28075 8
28076 6
28077 7
28078 11
28079 6
28080 12
28081 6
28082 3
28083 10
28084 9
28085 0
28086 12
28087 7
28088 12
28089 10
28090 2
28091 2
28092 12
28093 10
28094 12
28095 4
28096 0
28097 0
28098 2
28099 3
28100 3
28101 2
28102 3
28103 12
28104 7
28105 0
28106 12
28107 6
28108 3
28109 2
28110 2
28111 0
28112 8
28113 3
28114 7
28115 5
28116 3
28117 12
28118 0
28119 11
28120 11
28121 6
28122 1
28123 7
28124 12
28125 12
28126 9
28127 7
28128 7
28129 11
28130 11
28131 11
28132 12
28133 3
28134 12
28135 12
28136 14
28137 12
28138 2
28139 0
28140 11
28141 7
28142 7
28143 6
28144 5
28145 14
28146 8
28147 12
28148 1
28149 6
28150 4
28151 9
28152 2
28153 6
28154 7
28155 14
28156 14
28157 12
28158 2
28159 6
28160 2
28161 7
28162 12
28163 6
28164 6
28165 9
28166 1
28167 12
28168 0
28169 12
28170 6
28171 11
28172 0
28173 2
28174 2
28175 0
28176 0
28177 0
28178 2
28179 14
28180 2
28181 7
28182 0
28183 10
28184 11
28185 3
28186 7
28187 0
28188 11
28189 0
28190 7
28191 6
28192 2
28193 2
28194 10
28195 14
28196 10
28197 2
28198 10
28199 7
28200 0
28201 13
28202 1
28203 0
28204 3
28205 12
28206 2
28207 11
28208 8
28209 13
28210 3
28211 8
28212 12
28213 10
28214 14
28215 12
28216 2
28217 10
28218 3
28219 14
28220 6
28221 11
28222 10
28223 3
28224 2
28225 12
28226 7
28227 3
28228 12
28229 11
28230 10
28231 12
28232 8
28233 0
28234 0
28235 12
28236 7
28237 1
28238 0
28239 6
28240 5
28241 0
28242 1
28243 12
28244 11
28245 12
28246 7
28247 2
28248 3
28249 14
28250 10
28251 7
28252 2
28253 0
28254 8
28255 7
28256 11
28257 6
28258 10
28259 7
28260 10
28261 0
28262 7
28263 12
28264 10
28265 7
28266 0
28267 0
28268 3
28269 0
28270 6
28271 0
28272 5
28273 11
28274 3
28275 1
28276 8
28277 10
28278 2
28279 10
28280 2
28281 8
28282 0
28283 2
28284 14
28285 2
28286 10
28287 12
28288 8
28289 6
28290 10
28291 2
28292 11
28293 5
28294 7
28295 6
28296 7
28297 5
28298 5
28299 11
28300 10
28301 6
28302 10
28303 14
28304 8
28305 7
28306 8
28307 12
28308 11
28309 12
28310 5
28311 2
28312 2
28313 6
28314 8
28315 10
28316 0
28317 3
28318 3
28319 7
28320 3
28321 2
28322 7
28323 10
28324 12
28325 10
28326 8
28327 3
28328 2
28329 10
28330 3
28331 2
28332 7
28333 12
28334 5
28335 6
28336 10
28337 11
28338 12
28339 7
28340 11
28341 11
28342 7
28343 3
28344 14
28345 6
28346 3
28347 0
28348 5
28349 12
28350 2
28351 11
28352 11
28353 12
28354 4
28355 11
28356 2
28357 7
28358 12
28359 12
28360 7
28361 5
28362 2
28363 9
28364 6
28365 8
28366 3
28367 7
28368 14
28369 5
28370 6
28371 3
28372 14
28373 4
28374 8
28375 12
28376 7
28377 2
28378 2
28379 3
28380 7
28381 11
28382 3
28383 12
28384 12
28385 7
28386 2
28387 7
28388 12
28389 14
28390 7
28391 7
28392 11
28393 7
28394 11
28395 11
28396 12
28397 14
28398 7
28399 12
28400 8
28401 12
28402 8
28403 4
28404 8
28405 8
28406 12
28407 12
28408 12
28409 5
28410 11
28411 12
28412 2
28413 2
28414 7
28415 12
28416 7
28417 10
28418 7
28419 10
28420 14
28421 7
28422 2
28423 2
28424 10
28425 10
28426 5
28427 11
28428 10
28429 6
28430 14
28431 8
28432 6
28433 6
28434 11
28435 14
28436 11
28437 12
28438 12
28439 8
28440 3
28441 12
28442 12
28443 12
28444 8
28445 14
28446 12
28447 8
28448 10
28449 8
28450 6
28451 11
28452 10
28453 0
28454 2
28455 12
28456 7
28457 10
28458 6
28459 6
28460 12
28461 0
28462 5
28463 3
28464 12
28465 2
28466 12
28467 8
28468 6
28469 11
28470 2
28471 11
28472 6
28473 11
28474 3
28475 2
28476 3
28477 0
28478 6
28479 2
28480 14
28481 8
28482 12
28483 12
28484 8
28485 12
28486 11
28487 3
28488 14
28489 3
28490 3
28491 6
28492 12
28493 12
28494 2
28495 0
28496 5
28497 12
28498 12
28499 2
28500 10
28501 8
28502 2
28503 4
28504 12
28505 8
28506 7
28507 1
28508 8
28509 1
28510 6
28511 12
28512 2
28513 1
28514 11
28515 10
28516 2
28517 8
28518 11
28519 2
28520 8
28521 2
28522 1
28523 6
28524 11
28525 2
28526 5
28527 0
28528 12
28529 8
28530 7
28531 11
28532 12
28533 8
28534 7
28535 7
28536 9
28537 14
28538 10
28539 6
28540 0
28541 10
28542 12
28543 1
28544 12
28545 6
28546 7
28547 12
28548 3
28549 2
28550 5
28551 2
28552 2
28553 12
28554 7
28555 1
28556 7
28557 12
28558 2
28559 6
28560 8
28561 8
28562 2
28563 9
28564 2
28565 8
28566 11
28567 7
28568 12
28569 6
28570 6
28571 6
28572 3
28573 0
28574 2
28575 8
28576 2
28577 11
28578 11
28579 2
28580 5
28581 12
28582 3
28583 10
28584 6
28585 12
28586 11
28587 6
28588 10
28589 0
28590 13
28591 3
28592 3
28593 11
28594 3
28595 6
28596 10
28597 6
28598 11
28599 12
28600 7
28601 3
28602 6
28603 3
28604 12
28605 2
28606 6
28607 1
28608 7
28609 11
28610 6
28611 2
28612 12
28613 2
28614 12
28615 12
28616 2
28617 13
28618 2
28619 2
28620 12
28621 12
28622 12
28623 12
28624 6
28625 11
28626 12
28627 11
28628 3
28629 2
28630 12
28631 11
28632 12
28633 11
28634 5
28635 6
28636 3
28637 6
28638 11
28639 8
28640 6
28641 14
28642 0
28643 11
28644 11
28645 0
28646 12
28647 10
28648 12
28649 0
28650 7
28651 10
28652 7
28653 8
28654 12
28655 12
28656 1
28657 2
28658 12
28659 4
28660 12
28661 6
28662 12
28663 0
28664 7
28665 12
28666 2
28667 4
28668 11
28669 11
28670 6
28671 14
28672 8
28673 6
28674 3
28675 3
28676 12
28677 10
28678 7
28679 2
28680 12
28681 8
28682 12
28683 2
28684 6
28685 3
28686 11
28687 8
28688 3
28689 3
28690 6
28691 3
28692 11
28693 10
28694 7
28695 7
28696 3
28697 7
28698 6
28699 6
28700 3
28701 3
28702 2
28703 8
28704 13
28705 1
28706 12
28707 1
28708 13
28709 14
28710 12
28711 12
28712 12
28713 8
28714 12
28715 8
28716 8
28717 8
28718 3
28719 0
28720 14
28721 8
28722 3
28723 8
28724 11
28725 12
28726 1
28727 7
28728 1
28729 6
28730 0
28731 2
28732 2
28733 1
28734 7
28735 2
28736 6
28737 11
28738 2
28739 2
28740 6
28741 8
28742 1
28743 11
28744 3
28745 8
28746 3
28747 5
28748 11
28749 6
28750 1
28751 11
28752 10
28753 11
28754 12
28755 12
28756 9
28757 3
28758 10
28759 6
28760 6
28761 6
28762 0
28763 3
28764 3
28765 12
28766 10
28767 7
28768 2
28769 2
28770 6
28771 1
28772 12
28773 7
28774 7
28775 12
28776 8
28777 3
28778 2
28779 2
28780 0
28781 12
28782 0
28783 7
28784 0
28785 0
28786 0
28787 3
28788 0
28789 2
28790 2
28791 0
28792 2
28793 2
28794 12
28795 7
28796 2
28797 2
28798 12
28799 8
28800 0
28801 10
28802 12
28803 5
28804 8
28805 12
28806 3
28807 0
28808 2
28809 2
28810 2
28811 12
28812 2
28813 7
28814 8
28815 2
28816 7
28817 6
28818 2
28819 6
28820 12
28821 2
28822 6
28823 7
28824 6
28825 6
28826 6
28827 11
28828 7
28829 11
28830 6
28831 3
28832 6
28833 6
28834 6
28835 14
28836 7
28837 8
28838 11
28839 12
28840 11
28841 8
28842 14
28843 11
28844 2
28845 12
28846 7
28847 7
28848 12
28849 12
28850 6
28851 7
28852 9
28853 8
28854 14
28855 12
28856 12
28857 3
28858 0
28859 7
28860 1
28861 14
28862 10
28863 2
28864 11
28865 11
28866 7
28867 14
28868 2
28869 2
28870 6
28871 8
28872 6
28873 11
28874 12
28875 0
28876 12
28877 7
28878 3
28879 1
28880 10
28881 5
28882 6
28883 12
28884 8
28885 6
28886 7
28887 7
28888 11
28889 3
28890 8
28891 2
28892 10
28893 6
28894 12
28895 11
28896 7
28897 11
28898 3
28899 2
28900 11
28901 2
28902 0
28903 6
28904 14
28905 3
28906 5
28907 8
28908 11
28909 3
28910 6
28911 6
28912 7
28913 3
28914 6
28915 9
28916 2
28917 2
28918 7
28919 10
28920 12
28921 8
28922 13
28923 0
28924 6
28925 12
28926 8
28927 12
28928 2
28929 12
28930 2
28931 11
28932 3
28933 12
28934 3
28935 12
28936 2
28937 3
28938 2
28939 0
28940 2
28941 2
28942 2
28943 2
28944 0
28945 2
28946 2
28947 12
28948 12
28949 12
28950 6
28951 7
28952 11
28953 6
28954 5
28955 14
28956 6
28957 2
28958 14
28959 7
28960 6
28961 0
28962 7
28963 2
28964 0
28965 0
28966 0
28967 2
28968 12
28969 11
28970 3
28971 12
28972 2
28973 8
28974 12
28975 12
28976 9
28977 9
28978 11
28979 11
28980 0
28981 14
28982 7
28983 7
28984 12
28985 12
28986 8
28987 2
28988 3
28989 6
28990 12
28991 1
28992 3
28993 11
28994 7
28995 10
28996 2
28997 12
28998 6
28999 11
29000 14
29001 6
29002 12
29003 12
29004 6
29005 12
29006 7
29007 6
29008 6
29009 12
29010 11
29011 6
29012 10
29013 7
29014 7
29015 14
29016 3
29017 6
29018 10
29019 11
29020 2
29021 10
29022 8
29023 6
29024 3
29025 10
29026 8
29027 6
29028 11
29029 12
29030 13
29031 12
29032 10
29033 12
29034 7
29035 8
29036 3
29037 12
29038 11
29039 8
29040 6
29041 11
29042 2
29043 3
29044 9
29045 5
29046 6
29047 10
29048 2
29049 2
29050 2
29051 12
29052 11
29053 7
29054 12
29055 14
29056 6
29057 12
29058 4
29059 7
29060 1
29061 12
29062 8
29063 8
29064 2
29065 9
29066 12
29067 2
29068 1
29069 8
29070 2
29071 8
29072 10
29073 10
29074 6
29075 5
29076 12
29077 7
29078 7
29079 6
29080 11
29081 12
29082 3
29083 3
29084 14
29085 12
29086 10
29087 14
29088 4
29089 12
29090 11
29091 6
29092 10
29093 7
29094 10
29095 6
29096 5
29097 10
29098 6
29099 12
29100 12
29101 12
29102 5
29103 8
29104 12
29105 14
29106 6
29107 5
29108 8
29109 11
29110 6
29111 3
29112 14
29113 3
29114 12
29115 3
29116 8
29117 7
29118 8
29119 7
29120 10
29121 6
29122 12
29123 7
29124 2
29125 12
29126 7
29127 11
29128 2
29129 11
29130 2
29131 9
29132 11
29133 5
29134 2
29135 8
29136 5
29137 8
29138 2
29139 6
29140 6
29141 11
29142 12
29143 4
29144 12
29145 8
29146 7
29147 14
29148 12
29149 3
29150 6
29151 3
29152 11
29153 11
29154 12
29155 2
29156 11
29157 2
29158 0
29159 12
29160 13
29161 3
29162 11
29163 2
29164 11
29165 10
29166 6
29167 12
29168 8
29169 9
29170 12
29171 6
29172 7
29173 8
29174 7
29175 12
29176 7
29177 0
29178 12
29179 11
29180 7
29181 7
29182 6
29183 14
29184 11
29185 12
29186 11
29187 12
29188 14
29189 2
29190 12
29191 12
29192 8
29193 2
29194 12
29195 12
29196 7
29197 7
29198 8
29199 4
29200 3
29201 6
29202 12
29203 12
29204 14
29205 3
29206 10
29207 8
29208 12
29209 6
29210 7
29211 1
29212 12
29213 8
29214 6
29215 0
29216 10
29217 2
29218 3
29219 8
29220 11
29221 12
29222 2
29223 9
29224 12
29225 8
29226 6
29227 11
29228 11
29229 12
29230 2
29231 10
29232 12
29233 3
29234 12
29235 1
29236 11
29237 3
29238 12
29239 9
29240 12
29241 12
29242 8
29243 3
29244 5
29245 8
29246 7
29247 3
29248 10
29249 0
29250 12
29251 2
29252 14
29253 8
29254 6
29255 12
29256 12
29257 7
29258 10
29259 7
29260 14
29261 4
29262 12
29263 12
29264 12
29265 3
29266 2
29267 2
29268 7
29269 7
29270 6
29271 12
29272 14
29273 12
29274 12
29275 6
29276 2
29277 12
29278 12
29279 11
29280 2
29281 7
29282 12
29283 7
29284 11
29285 8
29286 14
29287 10
29288 14
29289 2
29290 0
29291 6
29292 12
29293 6
29294 4
29295 11
29296 7
29297 4
29298 12
29299 11
29300 8
29301 12
29302 10
29303 12
29304 12
29305 7
29306 6
29307 1
29308 10
29309 11
29310 11
29311 7
29312 2
29313 12
29314 7
29315 2
29316 2
29317 0
29318 2
29319 11
29320 7
29321 6
29322 7
29323 11
29324 12
29325 3
29326 1
29327 10
29328 11
29329 7
29330 12
29331 11
29332 8
29333 11
29334 8
29335 2
29336 8
29337 14
29338 7
29339 12
29340 2
29341 3
29342 8
29343 8
29344 2
29345 10
29346 2
29347 2
29348 6
29349 11
29350 12
29351 2
29352 11
29353 2
29354 6
29355 8
29356 6
29357 6
29358 7
29359 8
29360 14
29361 12
29362 12
29363 2
29364 3
29365 7
29366 11
29367 7
29368 12
29369 6
29370 12
29371 8
29372 8
29373 8
29374 8
29375 3
29376 12
29377 2
29378 2
29379 8
29380 9
29381 7
29382 14
29383 12
29384 4
29385 3
29386 12
29387 13
29388 1
29389 12
29390 12
29391 14
29392 7
29393 2
29394 2
29395 1
29396 14
29397 2
29398 5
29399 3
29400 6
29401 9
29402 7
29403 5
29404 2
29405 10
29406 10
29407 7
29408 12
29409 12
29410 1
29411 11
29412 3
29413 5
29414 11
29415 10
29416 7
29417 6
29418 14
29419 7
29420 7
29421 14
29422 2
29423 6
29424 2
29425 6
29426 5
29427 11
29428 12
29429 8
29430 2
29431 7
29432 12
29433 7
29434 12
29435 2
29436 7
29437 6
29438 2
29439 3
29440 7
29441 14
29442 10
29443 7
29444 8
29445 12
29446 12
29447 7
29448 4
29449 1
29450 7
29451 7
29452 6
29453 10
29454 12
29455 7
29456 7
29457 10
29458 10
29459 10
29460 11
29461 6
29462 7
29463 11
29464 8
29465 3
29466 12
29467 12
29468 14
29469 12
29470 7
29471 12
29472 3
29473 2
29474 12
29475 12
29476 7
29477 7
29478 10
29479 7
29480 6
29481 3
29482 8
29483 2
29484 11
29485 2
29486 7
29487 11
29488 11
29489 6
29490 11
29491 6
29492 14
29493 6
29494 12
29495 11
29496 6
29497 11
29498 8
29499 2
29500 8
29501 12
29502 3
29503 6
29504 1
29505 8
29506 8
29507 7
29508 10
29509 11
29510 1
29511 3
29512 2
29513 6
29514 8
29515 7
29516 8
29517 2
29518 3
29519 14
29520 11
29521 8
29522 3
29523 10
29524 3
29525 2
29526 6
29527 10
29528 12
29529 14
29530 12
29531 1
29532 12
29533 12
29534 6
29535 11
29536 10
29537 6
29538 12
29539 7
29540 14
29541 3
29542 8
29543 11
29544 6
29545 9
29546 6
29547 3
29548 11
29549 8
29550 6
29551 6
29552 6
29553 14
29554 8
29555 3
29556 12
29557 10
29558 6
29559 12
29560 11
29561 8
29562 3
29563 6
29564 9
29565 6
29566 12
29567 11
29568 10
29569 10
29570 8
29571 1
29572 11
29573 12
29574 3
29575 10
29576 3
29577 11
29578 11
29579 2
29580 3
29581 3
29582 6
29583 6
29584 8
29585 8
29586 12
29587 2
29588 13
29589 7
29590 3
29591 2
29592 8
29593 5
29594 7
29595 6
29596 2
29597 11
29598 11
29599 7
29600 7
29601 12
29602 5
29603 12
29604 8
29605 6
29606 2
29607 12
29608 8
29609 6
29610 3
29611 12
29612 8
29613 9
29614 13
29615 1
29616 7
29617 6
29618 12
29619 3
29620 2
29621 2
29622 6
29623 10
29624 13
29625 3
29626 11
29627 2
29628 0
29629 5
29630 11
29631 3
29632 2
29633 6
29634 11
29635 2
29636 6
29637 12
29638 12
29639 11
29640 11
29641 6
29642 12
29643 6
29644 4
29645 11
29646 8
29647 6
29648 12
29649 10
29650 14
29651 7
29652 11
29653 7
29654 12
29655 7
29656 13
29657 2
29658 11
29659 6
29660 7
29661 2
29662 0
29663 2
29664 7
29665 6
29666 10
29667 12
29668 10
29669 3
29670 12
29671 1
29672 2
29673 12
29674 10
29675 5
29676 12
29677 2
29678 10
29679 11
29680 0
29681 2
29682 0
29683 2
29684 7
29685 0
29686 0
29687 2
29688 0
29689 0
29690 2
29691 0
29692 3
29693 0
29694 0
29695 0
29696 0
29697 0
29698 0
29699 2
29700 7
29701 2
29702 2
29703 2
29704 0
29705 0
29706 2
29707 13
29708 3
29709 2
29710 3
29711 8
29712 2
29713 6
29714 0
29715 6
29716 0
29717 0
29718 6
29719 0
29720 2
29721 0
29722 6
29723 5
29724 11
29725 7
29726 0
29727 2
29728 2
29729 0
29730 0
29731 0
29732 0
29733 0
29734 0
29735 2
29736 2
29737 0
29738 0
29739 2
29740 2
29741 2
29742 0
29743 2
29744 2
29745 0
29746 0
29747 0
29748 0
29749 3
29750 0
29751 0
29752 0
29753 2
29754 7
29755 3
29756 10
29757 10
29758 6
29759 2
29760 2
29761 2
29762 11
29763 6
29764 7
29765 8
29766 0
29767 0
29768 0
29769 0
29770 2
29771 0
29772 8
29773 3
29774 12
29775 8
29776 0
29777 2
29778 6
29779 9
29780 14
29781 7
29782 7
29783 12
29784 6
29785 2
29786 3
29787 7
29788 6
29789 2
29790 8
29791 5
29792 2
29793 0
29794 0
29795 2
29796 2
29797 0
29798 0
29799 0
29800 2
29801 2
29802 0
29803 0
29804 0
29805 2
29806 0
29807 0
29808 0
29809 2
29810 2
29811 2
29812 0
29813 7
29814 2
29815 2
29816 2
29817 8
29818 2
29819 7
29820 3
29821 2
29822 2
29823 0
29824 2
29825 2
29826 0
29827 0
29828 2
29829 0
29830 0
29831 0
29832 2
29833 0
29834 2
29835 2
29836 0
29837 2
29838 8
29839 2
29840 2
29841 0
29842 0
29843 2
29844 0
29845 0
29846 0
29847 0
29848 0
29849 0
29850 0
29851 0
29852 2
29853 0
29854 0
29855 0
29856 2
29857 0
29858 2
29859 2
29860 0
29861 3
29862 0
29863 2
29864 0
29865 2
29866 2
29867 5
29868 7
29869 12
29870 14
29871 2
29872 0
29873 0
29874 2
29875 2
29876 11
29877 7
29878 2
29879 7
29880 7
29881 7
29882 2
29883 8
29884 3
29885 0
29886 3
29887 2
29888 0
29889 0
29890 6
29891 8
29892 7
29893 3
29894 7
29895 11
29896 3
29897 7
29898 3
29899 3
29900 11
29901 8
29902 3
29903 11
29904 2
29905 7
29906 7
29907 2
29908 2
29909 2
29910 0
29911 0
29912 6
29913 7
29914 3
29915 7
29916 7
29917 3
29918 3
29919 8
29920 2
29921 2
29922 2
29923 2
29924 3
29925 2
29926 2
29927 2
29928 12
29929 7
29930 5
29931 3
29932 2
29933 7
29934 2
29935 11
29936 2
29937 0
29938 12
29939 9
29940 8
29941 7
29942 6
29943 11
29944 2
29945 6
29946 2
29947 5
29948 14
29949 6
29950 10
29951 2
29952 7
29953 6
29954 2
29955 5
29956 12
29957 12
29958 6
29959 7
29960 2
29961 2
29962 8
29963 12
29964 11
29965 2
29966 2
29967 7
29968 7
29969 11
29970 10
29971 11
29972 2
29973 5
29974 6
29975 6
29976 14
29977 8
29978 1
29979 7
29980 6
29981 6
29982 6
29983 12
29984 12
29985 6
29986 11
29987 11
29988 7
29989 2
29990 2
29991 2
29992 3
29993 5
29994 10
29995 7
29996 11
29997 9
29998 7
29999 10
30000 6
30001 6
30002 11
30003 0
30004 6
30005 4
30006 11
30007 3
30008 2
30009 6
30010 10
30011 7
30012 2
30013 6
30014 0
30015 3
30016 6
30017 7
30018 11
30019 7
30020 6
30021 3
30022 7
30023 10
30024 4
30025 3
30026 9
30027 0
30028 2
30029 3
30030 2
30031 10
30032 2
30033 11
30034 7
30035 9
30036 10
30037 6
30038 3
30039 8
30040 2
30041 9
30042 7
30043 5
30044 6
30045 12
30046 11
30047 6
30048 7
30049 12
30050 3
30051 2
30052 12
30053 6
30054 2
30055 2
30056 2
30057 3
30058 9
30059 0
30060 3
30061 2
30062 7
30063 11
30064 7
30065 10
30066 6
30067 8
30068 8
30069 0
30070 6
30071 6
30072 11
30073 8
30074 10
30075 8
30076 8
30077 14
30078 3
30079 2
30080 6
30081 3
30082 11
30083 12
30084 8
30085 10
30086 6
30087 0
30088 7
30089 6
30090 3
30091 7
30092 6
30093 6
30094 10
30095 3
30096 7
30097 10
30098 7
30099 3
30100 3
30101 12
30102 3
30103 14
30104 6
30105 3
30106 8
30107 6
30108 3
30109 6
30110 11
30111 11
30112 10
30113 2
30114 6
30115 7
30116 2
30117 7
30118 5
30119 3
30120 14
30121 12
30122 3
30123 3
30124 6
30125 12
30126 2
30127 1
30128 9
30129 1
30130 0
30131 7
30132 2
30133 2
30134 11
30135 14
30136 3
30137 2
30138 10
30139 3
30140 3
30141 2
30142 7
30143 7
30144 6
30145 3
30146 2
30147 12
30148 3
30149 7
30150 6
30151 7
30152 12
30153 7
30154 2
30155 6
30156 14
30157 6
30158 11
30159 2
30160 8
30161 0
30162 6
30163 8
30164 6
30165 9
30166 2
30167 4
30168 3
30169 3
30170 7
30171 7
30172 12
30173 11
30174 2
30175 2
30176 11
30177 8
30178 7
30179 6
30180 8
30181 8
30182 11
30183 6
30184 2
30185 2
30186 6
30187 12
30188 6
30189 6
30190 3
30191 0
30192 7
30193 10
30194 12
30195 3
30196 7
30197 10
30198 0
30199 8
30200 6
30201 0
30202 7
30203 2
30204 6
30205 11
30206 3
30207 6
30208 3
30209 10
30210 8
30211 11
30212 2
30213 7
30214 3
30215 11
30216 13
30217 2
30218 12
30219 11
30220 2
30221 2
30222 6
30223 6
30224 12
30225 7
30226 10
30227 14
30228 12
30229 11
30230 6
30231 12
30232 2
30233 1
30234 3
30235 10
30236 3
30237 8
30238 5
30239 11
30240 3
30241 7
30242 3
30243 2
30244 6
30245 6
30246 10
30247 10
30248 3
30249 14
30250 10
30251 10
30252 8
30253 3
30254 11
30255 0
30256 5
30257 10
30258 6
30259 11
30260 12
30261 10
30262 2
30263 7
30264 10
30265 12
30266 7
30267 2
30268 2
30269 6
30270 2
30271 2
30272 0
30273 7
30274 11
30275 6
30276 9
30277 14
30278 8
30279 5
30280 11
30281 10
30282 14
30283 14
30284 10
30285 1
30286 2
30287 8
30288 10
30289 11
30290 11
30291 10
30292 8
30293 6
30294 10
30295 10
30296 2
30297 5
30298 3
30299 6
30300 2
30301 11
30302 8
30303 7
30304 2
30305 3
30306 8
30307 2
30308 7
30309 13
30310 11
30311 2
30312 6
30313 8
30314 11
30315 10
30316 6
30317 11
30318 3
30319 2
30320 3
30321 12
30322 2
30323 3
30324 2
30325 6
30326 7
30327 7
30328 3
30329 2
30330 2
30331 7
30332 12
30333 5
30334 7
30335 7
30336 11
30337 7
30338 2
30339 0
30340 3
30341 3
30342 3
30343 12
30344 10
30345 9
30346 6
30347 11
30348 7
30349 2
30350 11
30351 3
30352 7
30353 3
30354 3
30355 11
30356 2
30357 6
30358 6
30359 6
30360 7
30361 10
30362 7
30363 11
30364 12
30365 11
30366 12
30367 3
30368 14
30369 5
30370 12
30371 6
30372 6
30373 11
30374 2
30375 8
30376 6
30377 14
30378 8
30379 7
30380 8
30381 2
30382 6
30383 7
30384 7
30385 3
30386 10
30387 3
30388 8
30389 11
30390 2
30391 8
30392 12
30393 2
30394 5
30395 10
30396 9
30397 7
30398 14
30399 7
30400 6
30401 3
30402 11
30403 5
30404 7
30405 10
30406 6
30407 8
30408 3
30409 2
30410 3
30411 2
30412 2
30413 11
30414 10
30415 6
30416 3
30417 6
30418 6
30419 10
30420 1
30421 3
30422 2
30423 7
30424 3
30425 7
30426 12
30427 14
30428 7
30429 11
30430 7
30431 8
30432 0
30433 2
30434 0
30435 6
30436 8
30437 14
30438 3
30439 7
30440 2
30441 14
30442 8
30443 10
30444 14
30445 7
30446 14
30447 8
30448 8
30449 8
30450 11
30451 13
30452 9
30453 6
30454 6
30455 2
30456 8
30457 2
30458 2
30459 3
30460 7
30461 4
30462 3
30463 14
30464 0
30465 12
30466 2
30467 2
30468 2
30469 12
30470 12
30471 6
30472 7
30473 6
30474 6
30475 6
30476 7
30477 10
30478 6
30479 12
30480 12
30481 12
30482 6
30483 11
30484 6
30485 12
30486 8
30487 10
30488 7
30489 10
30490 12
30491 7
30492 2
30493 7
30494 11
30495 2
30496 6
30497 11
30498 0
30499 3
30500 8
30501 2
30502 12
30503 6
30504 2
30505 7
30506 8
30507 6
30508 2
30509 11
30510 11
30511 2
30512 12
30513 6
30514 8
30515 8
30516 2
30517 12
30518 11
30519 7
30520 3
30521 10
30522 2
30523 7
30524 3
30525 14
30526 6
30527 8
30528 12
30529 1
30530 6
30531 12
30532 12
30533 12
30534 11
30535 6
30536 1
30537 3
30538 8
30539 0
30540 0
30541 3
30542 2
30543 2
30544 0
30545 2
30546 0
30547 3
30548 2
30549 7
30550 11
30551 0
30552 3
30553 12
30554 5
30555 12
30556 6
30557 10
30558 12
30559 12
30560 12
30561 12
30562 11
30563 1
30564 11
30565 5
30566 8
30567 3
30568 1
30569 3
30570 6
30571 11
30572 6
30573 12
30574 12
30575 8
30576 6
30577 11
30578 3
30579 6
30580 5
30581 11
30582 10
30583 10
30584 7
30585 11
30586 2
30587 7
30588 12
30589 2
30590 7
30591 0
30592 2
30593 2
30594 2
30595 2
30596 8
30597 10
30598 6
30599 8
30600 12
30601 11
30602 3
30603 3
30604 11
30605 11
30606 7
30607 5
30608 2
30609 7
30610 11
30611 11
30612 7
30613 3
30614 14
30615 11
30616 2
30617 6
30618 3
30619 11
30620 3
30621 8
30622 3
30623 3
30624 11
30625 12
30626 9
30627 6
30628 6
30629 11
30630 2
30631 2
30632 10
30633 7
30634 3
30635 2
30636 2
30637 8
30638 10
30639 7
30640 5
30641 2
30642 3
30643 10
30644 3
30645 2
30646 0
30647 12
30648 12
30649 6
30650 10
30651 10
30652 0
30653 1
30654 3
30655 6
30656 3
30657 8
30658 7
30659 8
30660 7
30661 3
30662 7
30663 3
30664 10
30665 6
30666 7
30667 3
30668 8
30669 12
30670 6
30671 7
30672 2
30673 2
30674 2
30675 12
30676 4
30677 8
30678 2
30679 2
30680 6
30681 3
30682 3
30683 11
30684 8
30685 12
30686 12
30687 12
30688 7
30689 2
30690 6
30691 12
30692 7
30693 8
30694 11
30695 8
30696 8
30697 3
30698 3
30699 12
30700 3
30701 10
30702 11
30703 8
30704 3
30705 12
30706 8
30707 10
30708 3
30709 3
30710 4
30711 2
30712 8
30713 6
30714 2
30715 11
30716 12
30717 8
30718 12
30719 8
30720 10
30721 11
30722 3
30723 7
30724 11
30725 3
30726 6
30727 8
30728 5
30729 5
30730 7
30731 3
30732 9
30733 5
30734 3
30735 6
30736 3
30737 7
30738 0
30739 7
30740 2
30741 10
30742 1
30743 8
30744 10
30745 2
30746 12
30747 11
30748 0
30749 2
30750 2
30751 14
30752 2
30753 11
30754 11
30755 3
30756 8
30757 10
30758 7
30759 2
30760 8
30761 14
30762 4
30763 7
30764 11
30765 11
30766 12
30767 6
30768 6
30769 6
30770 10
30771 10
30772 2
30773 7
30774 5
30775 6
30776 2
30777 6
30778 3
30779 3
30780 2
30781 6
30782 7
30783 6
30784 3
30785 3
30786 3
30787 2
30788 2
30789 6
30790 11
30791 7
30792 3
30793 12
30794 11
30795 3
30796 2
30797 2
30798 7
30799 12
30800 6
30801 2
30802 6
30803 12
30804 12
30805 14
30806 12
30807 6
30808 8
30809 11
30810 6
30811 3
30812 8
30813 8
30814 0
30815 3
30816 7
30817 2
30818 3
30819 8
30820 2
30821 4
30822 3
30823 6
30824 3
30825 13
30826 10
30827 2
30828 2
30829 8
30830 3
30831 2
30832 10
30833 7
30834 8
30835 3
30836 3
30837 11
30838 11
30839 14
30840 6
30841 3
30842 10
30843 6
30844 12
30845 6
30846 2
30847 7
30848 6
30849 2
30850 11
30851 7
30852 8
30853 7
30854 2
30855 6
30856 2
30857 5
30858 11
30859 11
30860 10
30861 8
30862 3
30863 8
30864 9
30865 10
30866 6
30867 12
30868 6
30869 6
30870 0
30871 11
30872 3
30873 1
30874 12
30875 11
30876 6
30877 12
30878 2
30879 7
30880 11
30881 2
30882 10
30883 11
30884 12
30885 5
30886 7
30887 6
30888 12
30889 2
30890 5
30891 10
30892 2
30893 12
30894 0
30895 0
30896 0
30897 0
30898 0
30899 0
30900 0
30901 0
30902 0
30903 0
30904 0
30905 0
30906 0
30907 0
30908 0
30909 0
30910 0
30911 0
30912 0
30913 0
30914 0
30915 0
30916 0
30917 2
30918 0
30919 0
30920 0
30921 0
30922 0
30923 2
30924 0
30925 2
30926 8
30927 3
30928 3
30929 2
30930 2
30931 2
30932 3
30933 2
30934 0
30935 3
30936 8
30937 0
30938 0
30939 0
30940 0
30941 0
30942 0
30943 0
30944 0
30945 0
30946 0
30947 0
30948 0
30949 0
30950 0
30951 0
30952 0
30953 0
30954 0
30955 0
30956 3
30957 2
30958 0
30959 0
30960 3
30961 7
30962 0
30963 2
30964 0
30965 0
30966 0
30967 2
30968 2
30969 14
30970 2
30971 0
30972 0
30973 2
30974 2
30975 0
30976 0
30977 0
30978 0
30979 0
30980 2
30981 0
30982 2
30983 2
30984 2
30985 2
30986 2
30987 0
30988 3
30989 0
30990 11
30991 11
30992 2
30993 3
30994 2
30995 2
30996 2
30997 0
30998 2
30999 2
31000 0
31001 3
31002 0
31003 0
31004 3
31005 2
31006 2
31007 3
31008 2
31009 12
31010 2
31011 8
31012 3
31013 0
31014 0
31015 0
31016 3
31017 2
31018 0
31019 0
31020 2
31021 0
31022 0
31023 0
31024 0
31025 7
31026 2
31027 3
31028 2
31029 2
31030 0
31031 2
31032 3
31033 0
31034 0
31035 2
31036 2
31037 7
31038 2
31039 7
31040 2
31041 0
31042 0
31043 0
31044 0
31045 0
31046 2
31047 0
31048 0
31049 0
31050 2
31051 0
31052 0
31053 0
31054 3
31055 0
31056 2
31057 2
31058 0
31059 0
31060 2
31061 2
31062 0
31063 0
31064 0
31065 0
31066 0
31067 0
31068 0
31069 0
31070 0
31071 0
31072 0
31073 0
31074 2
31075 0
31076 7
31077 0
31078 2
31079 6
31080 5
31081 0
31082 0
31083 2
31084 2
31085 2
31086 0
31087 0
31088 0
31089 0
31090 2
31091 0
31092 2
31093 0
31094 2
31095 0
31096 0
31097 0
31098 7
31099 3
31100 0
31101 3
31102 0
31103 0
31104 0
31105 0
31106 0
31107 2
31108 3
31109 2
31110 2
31111 2
31112 2
31113 0
31114 0
31115 2
31116 0
31117 3
31118 2
31119 0
31120 2
31121 0
31122 3
31123 2
31124 6
31125 7
31126 0
31127 2
31128 3
31129 0
31130 0
31131 0
31132 3
31133 0
31134 2
31135 0
31136 2
31137 3
31138 11
31139 0
31140 0
31141 2
31142 0
31143 0
31144 0
31145 0
31146 0
31147 0
31148 0
31149 0
31150 0
31151 2
31152 0
31153 0
31154 0
31155 0
31156 0
31157 0
31158 0
31159 0
31160 0
31161 8
31162 0
31163 0
31164 0
31165 2
31166 0
31167 0
31168 0
31169 0
31170 0
31171 0
31172 0
31173 0
31174 0
31175 0
31176 0
31177 0
31178 0
31179 0
31180 0
31181 0
31182 0
31183 0
31184 0
31185 0
31186 0
31187 0
31188 0
31189 0
31190 0
31191 0
31192 0
31193 0
31194 0
31195 0
31196 0
31197 0
31198 0
31199 0
31200 3
31201 2
31202 0
31203 11
31204 0
31205 2
31206 0
31207 0
31208 0
31209 0
31210 0
31211 0
31212 0
31213 0
31214 0
31215 0
31216 7
31217 0
31218 0
31219 0
31220 0
31221 0
31222 0
31223 0
31224 0
31225 0
31226 0
31227 2
31228 0
31229 2
31230 0
31231 0
31232 2
31233 0
31234 0
31235 2
31236 0
31237 0
31238 3
31239 0
31240 0
31241 0
31242 0
31243 0
31244 3
31245 0
31246 0
31247 3
31248 2
31249 0
31250 0
31251 0
31252 0
31253 0
31254 0
31255 0
31256 0
31257 0
31258 0
31259 0
31260 0
31261 0
31262 0
31263 0
31264 0
31265 2
31266 0
31267 0
31268 0
31269 0
31270 0
31271 0
31272 0
31273 3
31274 0
31275 0
31276 3
31277 0
31278 0
31279 0
31280 0
31281 0
31282 0
31283 0
31284 0
31285 0
31286 0
31287 2
31288 2
31289 0
31290 0
31291 6
31292 0
31293 0
31294 0
31295 0
31296 0
31297 2
31298 0
31299 3
31300 0
31301 0
31302 8
31303 0
31304 0
31305 0
31306 2
31307 0
31308 2
31309 0
31310 0
31311 3
31312 0
31313 0
31314 2
31315 0
31316 3
31317 0
31318 3
31319 0
31320 0
31321 0
31322 0
31323 0
31324 0
31325 0
31326 2
31327 0
31328 0
31329 0
31330 0
31331 2
31332 0
31333 0
31334 0
31335 0
31336 0
31337 2
31338 0
31339 0
31340 2
31341 0
31342 0
31343 0
31344 0
31345 3
31346 2
31347 0
31348 0
31349 10
31350 0
31351 0
31352 0
31353 0
31354 0
31355 2
31356 0
31357 0
31358 2
31359 0
31360 0
31361 0
31362 0
31363 0
31364 0
31365 0
31366 0
31367 0
31368 0
31369 11
31370 2
31371 0
31372 2
31373 0
31374 0
31375 0
31376 2
31377 0
31378 0
31379 0
31380 0
31381 2
31382 0
31383 0
31384 7
31385 2
31386 0
31387 7
31388 2
31389 2
31390 0
31391 0
31392 0
31393 6
31394 0
31395 0
31396 3
31397 7
31398 11
31399 2
31400 0
31401 2
31402 0
31403 0
31404 0
31405 0
31406 6
31407 0
31408 2
31409 0
31410 3
31411 0
31412 0
31413 0
31414 0
31415 0
31416 0
31417 0
31418 0
31419 0
31420 2
31421 3
31422 11
31423 0
31424 3
31425 0
31426 0
31427 0
31428 3
31429 0
31430 0
31431 0
31432 0
31433 0
31434 0
31435 3
31436 0
31437 0
31438 0
31439 0
31440 0
31441 2
31442 0
31443 0
31444 0
31445 0
31446 2
31447 2
31448 2
31449 2
31450 2
31451 0
31452 2
31453 0
31454 2
31455 0
31456 0
31457 0
31458 2
31459 3
31460 2
31461 0
31462 2
31463 2
31464 0
31465 10
31466 0
31467 2
31468 2
31469 2
31470 2
31471 2
31472 0
31473 2
31474 2
31475 3
31476 0
31477 0
31478 0
31479 0
31480 2
31481 2
31482 0
31483 0
31484 0
31485 7
31486 0
31487 2
31488 0
31489 0
31490 0
31491 0
31492 7
31493 0
31494 0
31495 0
31496 2
31497 0
31498 0
31499 0
31500 2
31501 2
31502 0
31503 0
31504 3
31505 2
31506 2
31507 0
31508 0
31509 6
31510 2
31511 3
31512 8
31513 6
31514 0
31515 0
31516 2
31517 0
31518 2
31519 3
31520 2
31521 2
31522 2
31523 0
31524 2
31525 0
31526 0
31527 0
31528 0
31529 2
31530 0
31531 0
31532 0
31533 2
31534 0
31535 0
31536 8
31537 11
31538 2
31539 6
31540 0
31541 0
31542 3
31543 3
31544 2
31545 2
31546 0
31547 3
31548 0
31549 0
31550 0
31551 0
31552 0
31553 0
31554 0
31555 0
31556 0
31557 0
31558 0
31559 0
31560 0
31561 0
31562 7
31563 0
31564 0
31565 0
31566 2
31567 0
31568 0
31569 0
31570 0
31571 0
31572 0
31573 0
31574 0
31575 3
31576 0
31577 0
31578 0
31579 2
31580 0
31581 0
31582 0
31583 2
31584 0
31585 0
31586 0
31587 0
31588 0
31589 0
31590 2
31591 0
31592 0
31593 0
31594 0
31595 0
31596 0
31597 0
31598 0
31599 2
31600 0
31601 2
31602 3
31603 0
31604 2
31605 3
31606 2
31607 0
31608 0
31609 0
31610 2
31611 0
31612 0
31613 0
31614 3
31615 0
31616 0
31617 0
31618 0
31619 6
31620 0
31621 0
31622 2
31623 0
31624 0
31625 0
31626 0
31627 3
31628 0
31629 0
31630 0
31631 0
31632 2
31633 2
31634 0
31635 0
31636 0
31637 0
31638 0
31639 0
31640 0
31641 0
31642 0
31643 0
31644 2
31645 2
31646 2
31647 0
31648 0
31649 2
31650 2
31651 0
31652 0
31653 0
31654 2
31655 0
31656 7
31657 0
31658 0
31659 0
31660 0
31661 0
31662 3
31663 0
31664 0
31665 2
31666 0
31667 0
31668 0
31669 0
31670 0
31671 3
31672 0
31673 0
31674 0
31675 0
31676 0
31677 2
31678 0
31679 3
31680 6
31681 7
31682 0
31683 2
31684 0
31685 0
31686 2
31687 0
31688 0
31689 2
31690 0
31691 2
31692 2
31693 2
31694 2
31695 0
31696 0
31697 3
31698 2
31699 2
31700 7
31701 0
31702 0
31703 2
31704 0
31705 0
31706 0
31707 0
31708 2
31709 8
31710 0
31711 0
31712 0
31713 0
31714 0
31715 7
31716 11
31717 3
31718 0
31719 0
31720 3
31721 0
31722 0
31723 2
31724 0
31725 2
31726 0
31727 0
31728 6
31729 2
31730 0
31731 0
31732 0
31733 2
31734 0
31735 0
31736 2
31737 11
31738 0
31739 2
31740 2
31741 0
31742 2
31743 2
31744 2
31745 3
31746 0
31747 0
31748 6
31749 2
31750 7
31751 0
31752 0
31753 0
31754 2
31755 0
31756 6
31757 7
31758 2
31759 0
31760 0
31761 0
31762 7
31763 11
31764 7
31765 0
31766 2
31767 6
31768 0
31769 0
31770 2
31771 2
31772 0
31773 12
31774 1
31775 1
31776 1
31777 1
31778 2
31779 2
31780 1
31781 1
31782 1
31783 1
31784 1
31785 1
31786 1
31787 1
31788 10
31789 11
31790 1
31791 1
31792 1
31793 1
31794 1
31795 1
31796 9
31797 1
31798 1
31799 1
31800 1
31801 0
31802 0
31803 0
31804 0
31805 0
31806 0
31807 2
31808 2
31809 0
31810 3
31811 0
31812 2
31813 0
31814 0
31815 0
31816 0
31817 0
31818 0
31819 0
31820 0
31821 0
31822 2
31823 0
31824 11
31825 3
31826 6
31827 7
31828 2
31829 7
31830 0
31831 0
31832 0
31833 2
31834 2
31835 2
31836 0
31837 0
31838 0
31839 0
31840 0
31841 0
31842 0
31843 2
31844 2
31845 0
31846 0
31847 0
31848 0
31849 2
31850 2
31851 2
31852 0
31853 2
31854 0
31855 2
31856 0
31857 0
31858 11
31859 2
31860 2
31861 2
31862 0
31863 3
31864 2
31865 6
31866 2
31867 0
31868 2
31869 0
31870 6
31871 0
31872 0
31873 2
31874 2
31875 3
31876 0
31877 0
31878 5
31879 2
31880 0
31881 0
31882 0
31883 0
31884 7
31885 0
31886 3
31887 2
31888 3
31889 0
31890 2
31891 0
31892 2
31893 2
31894 0
31895 2
31896 0
31897 2
31898 0
31899 0
31900 0
31901 0
31902 0
31903 0
31904 7
31905 2
31906 2
31907 2
31908 2
31909 0
31910 6
31911 0
31912 11
31913 0
31914 0
31915 0
31916 0
31917 0
31918 2
31919 0
31920 7
31921 0
31922 10
31923 2
31924 2
31925 0
31926 0
31927 8
31928 2
31929 7
31930 0
31931 0
31932 3
31933 0
31934 7
31935 2
31936 7
31937 0
31938 3
31939 0
31940 3
31941 7
31942 7
31943 2
31944 0
31945 2
31946 2
31947 7
31948 0
31949 2
31950 2
31951 0
31952 2
31953 2
31954 0
31955 0
31956 11
31957 2
31958 2
31959 0
31960 2
31961 0
31962 2
31963 0
31964 2
31965 2
31966 0
31967 2
31968 0
31969 2
31970 0
31971 0
31972 0
31973 3
31974 3
31975 7
31976 2
31977 0
31978 7
31979 11
31980 11
31981 0
31982 0
31983 2
31984 2
31985 2
31986 3
31987 2
31988 0
31989 5
31990 0
31991 0
31992 0
31993 0
31994 7
31995 0
31996 2
31997 2
31998 0
31999 0
32000 3
32001 3
32002 0
32003 2
32004 3
32005 0
32006 0
32007 0
32008 2
32009 2
32010 0
32011 2
32012 0
32013 0
32014 2
32015 0
32016 0
32017 0
32018 1
32019 1
32020 1
32021 2
32022 2
32023 1
32024 1
32025 1
32026 8
32027 1
32028 1
32029 8
32030 1
32031 1
32032 1
32033 2
32034 2
32035 0
32036 2
32037 2
32038 7
32039 1
32040 1
32041 1
32042 2
32043 6
32044 1
32045 1
32046 1
32047 1
32048 1
32049 1
32050 1
32051 8
32052 1
32053 1
32054 1
32055 1
32056 1
32057 1
32058 13
32059 1
32060 1
32061 1
32062 1
32063 1
32064 1
32065 1
32066 1
32067 1
32068 1
32069 1
32070 1
32071 1
32072 9
32073 1
32074 1
32075 1
32076 13
32077 14
32078 9
32079 1
32080 1
32081 9
32082 10
32083 9
32084 9
32085 9
32086 4
32087 5
32088 6
32089 9
32090 8
32091 14
32092 9
32093 9
32094 1
32095 1
32096 9
32097 10
32098 9
32099 14
32100 14
32101 12
32102 13
32103 9
32104 9
32105 1
32106 8
32107 14
32108 9
32109 9
32110 9
32111 13
32112 9
32113 13
32114 12
32115 1
32116 7
32117 3
32118 1
32119 1
32120 1
32121 1
32122 1
32123 9
32124 1
32125 1
32126 1
32127 1
32128 1
32129 1
32130 1
32131 1
32132 1
32133 8
32134 1
32135 5
32136 9
32137 3
32138 13
32139 14
32140 9
32141 8
32142 13
32143 1
32144 5
32145 10
32146 10
32147 13
32148 14
32149 14
32150 7
32151 14
32152 14
32153 1
32154 1
32155 1
32156 1
32157 1
32158 1
32159 1
32160 9
32161 13
32162 1
32163 10
32164 9
32165 1
32166 1
32167 13
32168 10
32169 13
32170 10
32171 12
32172 0
32173 14
32174 9
32175 5
32176 7
32177 14
32178 10
32179 14
32180 9
32181 12
32182 0
32183 10
32184 6
32185 8
32186 3
32187 14
32188 10
32189 6
32190 8
32191 14
32192 6
32193 10
32194 4
32195 12
32196 0
32197 8
32198 7
32199 14
32200 5
32201 9
32202 3
32203 4
32204 8
32205 4
32206 9
32207 9
32208 7
32209 14
32210 13
32211 1
32212 4
32213 5
32214 10
32215 8
32216 13
32217 6
32218 2
32219 9
32220 14
32221 4
32222 9
32223 4
32224 13
32225 14
32226 13
32227 10
32228 11
32229 10
32230 14
32231 2
32232 2
32233 6
32234 0
32235 0
32236 0
32237 0
32238 2
32239 2
32240 2
32241 2
32242 2
32243 0
32244 2
32245 0
32246 2
32247 2
32248 0
32249 0
32250 2
32251 2
32252 3
32253 0
32254 2
32255 11
32256 2
32257 8
32258 6
32259 0
32260 2
32261 0
32262 2
32263 6
32264 0
32265 0
32266 0
32267 2
32268 0
32269 7
32270 6
32271 2
32272 8
32273 2
32274 2
32275 7
32276 0
32277 0
32278 0
32279 0
32280 0
32281 0
32282 2
32283 0
32284 2
32285 0
32286 2
32287 6
32288 7
32289 0
32290 8
32291 7
32292 2
32293 7
32294 0
32295 3
32296 2
32297 2
32298 7
32299 7
32300 2
32301 10
32302 3
32303 2
32304 0
32305 2
32306 3
32307 2
32308 2
32309 3
32310 2
32311 2
32312 7
32313 8
32314 2
32315 2
32316 7
32317 10
32318 2
32319 7
32320 6
32321 11
32322 0
32323 2
32324 2
32325 3
32326 5
32327 2
32328 2
32329 7
32330 10
32331 0
32332 5
32333 3
32334 2
32335 0
32336 7
32337 11
32338 8
32339 2
32340 7
32341 3
32342 0
32343 2
32344 7
32345 6
32346 0
32347 2
32348 2
32349 6
32350 3
32351 7
32352 2
32353 6
32354 2
32355 0
32356 2
32357 2
32358 6
32359 2
32360 2
32361 3
32362 2
32363 10
32364 2
32365 2
32366 3
32367 2
32368 2
32369 0
32370 2
32371 7
32372 2
32373 2
32374 0
32375 11
32376 2
32377 0
32378 2
32379 0
32380 2
32381 0
32382 2
32383 2
32384 0
32385 3
32386 0
32387 6
32388 0
32389 0
32390 0
32391 2
32392 2
32393 2
32394 2
32395 3
32396 2
32397 2
32398 2
32399 0
32400 6
32401 2
32402 0
32403 2
32404 2
32405 2
32406 3
32407 2
32408 0
32409 8
32410 0
32411 0
32412 3
32413 0
32414 2
32415 0
32416 0
32417 3
32418 2
32419 0
32420 0
32421 0
32422 0
32423 0
32424 0
32425 2
32426 0
32427 2
32428 0
32429 0
32430 4
32431 6
32432 3
32433 2
32434 2
32435 2
32436 0
32437 2
32438 0
32439 2
32440 6
32441 11
32442 11
32443 2
32444 2
32445 11
32446 2
32447 0
32448 3
32449 0
32450 0
32451 2
32452 2
32453 0
32454 0
32455 2
32456 6
32457 2
32458 2
32459 2
32460 0
32461 0
32462 2
32463 7
32464 2
32465 7
32466 2
32467 8
32468 0
32469 2
32470 0
32471 14
32472 3
32473 2
32474 2
32475 0
32476 2
32477 0
32478 3
32479 2
32480 0
32481 0
32482 0
32483 2
32484 2
32485 2
32486 2
32487 0
32488 8
32489 0
32490 2
32491 0
32492 8
32493 2
32494 3
32495 6
32496 0
32497 2
32498 6
32499 7
32500 3
32501 2
32502 2
32503 2
32504 3
32505 2
32506 2
32507 0
32508 3
32509 11
32510 2
32511 3
32512 0
32513 3
32514 7
32515 2
32516 2
32517 2
32518 11
32519 2
32520 2
32521 11
32522 2
32523 7
32524 0
32525 2
32526 7
32527 2
32528 0
32529 2
32530 2
32531 2
32532 2
32533 2
32534 8
32535 0
32536 2
32537 2
32538 2
32539 3
32540 0
32541 0
32542 0
32543 3
32544 2
32545 0
32546 2
32547 2
32548 8
32549 11
32550 2
32551 3
32552 2
32553 0
32554 7
32555 0
32556 0
32557 0
32558 3
32559 0
32560 0
32561 2
32562 0
32563 0
32564 11
32565 0
32566 2
32567 8
32568 2
32569 2
32570 0
32571 2
32572 2
32573 0
32574 2
32575 8
32576 0
32577 2
32578 2
32579 3
32580 2
32581 7
32582 3
32583 2
32584 2
32585 2
32586 2
32587 2
32588 2
32589 2
32590 3
32591 3
32592 0
32593 2
32594 2
32595 0
32596 2
32597 0
32598 2
32599 2
32600 0
32601 7
32602 3
32603 3
32604 2
32605 7
32606 2
32607 0
32608 2
32609 3
32610 3
32611 2
32612 2
32613 2
32614 2
32615 3
32616 3
32617 14
32618 2
32619 2
32620 2
32621 2
32622 0
32623 2
32624 0
32625 0
32626 2
32627 10
32628 0
32629 2
32630 2
32631 2
32632 2
32633 2
32634 0
32635 3
32636 0
32637 2
32638 0
32639 0
32640 0
32641 2
32642 0
32643 2
32644 8
32645 7
32646 2
32647 2
32648 2
32649 2
32650 0
32651 0
32652 7
32653 7
32654 2
32655 0
32656 3
32657 3
32658 7
32659 2
32660 8
32661 0
32662 0
32663 7
32664 13
32665 7
32666 2
32667 10
32668 0
32669 0
32670 3
32671 3
32672 3
32673 0
32674 7
32675 3
32676 11
32677 0
32678 0
32679 2
32680 3
32681 2
32682 0
32683 2
32684 2
32685 10
32686 6
32687 0
32688 2
32689 2
32690 3
32691 3
32692 0
32693 2
32694 0
32695 0
32696 2
32697 2
32698 3
32699 7
32700 0
32701 2
32702 0
32703 14
32704 0
32705 0
32706 8
32707 11
32708 3
32709 2
32710 0
32711 0
32712 0
32713 2
32714 2
32715 7
32716 0
32717 2
32718 0
32719 2
32720 2
32721 0
32722 3
32723 2
32724 0
32725 11
32726 0
32727 0
32728 2
32729 0
32730 0
32731 2
32732 0
32733 0
32734 0
32735 0
32736 2
32737 0
32738 2
32739 0
32740 0
32741 2
32742 0
32743 0
32744 0
32745 0
32746 0
32747 8
32748 0
32749 2
32750 2
32751 0
32752 0
32753 2
32754 3
32755 2
32756 2
32757 2
32758 0
32759 2
32760 0
32761 0
32762 0
32763 0
32764 7
32765 0
32766 0
32767 3
32768 0
32769 3
32770 0
32771 2
32772 2
32773 2
32774 2
32775 2
32776 11
32777 2
32778 6
32779 2
32780 2
32781 0
32782 2
32783 3
32784 12
32785 6
32786 0
32787 2
32788 2
32789 2
32790 0
32791 2
32792 0
32793 2
32794 8
32795 2
32796 0
32797 0
32798 10
32799 0
32800 0
32801 3
32802 2
32803 7
32804 2
32805 2
32806 0
32807 0
32808 6
32809 2
32810 2
32811 7
32812 0
32813 0
32814 2
32815 0
32816 2
32817 11
32818 0
32819 0
32820 2
32821 0
32822 0
32823 0
32824 2
32825 2
32826 0
32827 7
32828 3
32829 0
32830 2
32831 6
32832 2
32833 0
32834 0
32835 0
32836 0
32837 0
32838 11
32839 7
32840 11
32841 2
32842 2
32843 2
32844 2
32845 0
32846 0
32847 2
32848 0
32849 2
32850 2
32851 0
32852 0
32853 2
32854 0
32855 7
32856 6
32857 0
32858 2
32859 0
32860 6
32861 2
32862 2
32863 0
32864 0
32865 0
32866 2
32867 0
32868 2
32869 2
32870 2
32871 4
32872 0
32873 8
32874 0
32875 3
32876 0
32877 2
32878 3
32879 0
32880 0
32881 3
32882 2
32883 0
32884 0
32885 3
32886 0
32887 0
32888 2
32889 2
32890 2
32891 7
32892 7
32893 2
32894 6
32895 4
32896 0
32897 2
32898 2
32899 7
32900 2
32901 11
32902 2
32903 2
32904 0
32905 0
32906 2
32907 0
32908 2
32909 0
32910 2
32911 7
32912 7
32913 0
32914 6
32915 0
32916 2
32917 0
32918 0
32919 2
32920 7
32921 0
32922 0
32923 0
32924 0
32925 0
32926 0
32927 0
32928 2
32929 0
32930 2
32931 0
32932 6
32933 3
32934 0
32935 2
32936 0
32937 7
32938 2
32939 2
32940 0
32941 2
32942 0
32943 2
32944 5
32945 8
32946 2
32947 3
32948 0
32949 2
32950 2
32951 0
32952 11
32953 3
32954 2
32955 2
32956 3
32957 2
32958 7
32959 6
32960 0
32961 0
32962 0
32963 0
32964 11
32965 0
32966 0
32967 2
32968 0
32969 2
32970 2
32971 0
32972 0
32973 0
32974 0
32975 0
32976 8
32977 0
32978 0
32979 0
32980 2
32981 6
32982 7
32983 2
32984 2
32985 2
32986 2
32987 2
32988 2
32989 0
32990 2
32991 0
32992 3
32993 0
32994 0
32995 0
32996 0
32997 0
32998 0
32999 2
33000 0
33001 2
33002 2
33003 0
33004 0
33005 2
33006 0
33007 2
33008 0
33009 0
33010 3
33011 6
33012 0
33013 2
33014 0
33015 7
33016 0
33017 0
33018 2
33019 8
33020 0
33021 0
33022 0
33023 0
33024 2
33025 2
33026 0
33027 2
33028 11
33029 0
33030 2
33031 2
33032 0
33033 0
33034 0
33035 0
33036 0
33037 2
33038 2
33039 0
33040 3
33041 6
33042 2
33043 2
33044 2
33045 3
33046 2
33047 0
33048 0
33049 8
33050 0
33051 0
33052 2
33053 2
33054 2
33055 2
33056 2
33057 0
33058 0
33059 0
33060 0
33061 6
33062 6
33063 6
33064 2
33065 2
33066 6
33067 3
33068 7
33069 2
33070 2
33071 7
33072 0
33073 0
33074 0
33075 0
33076 0
33077 3
33078 0
33079 7
33080 0
33081 0
33082 0
33083 2
33084 0
33085 0
33086 0
33087 0
33088 6
33089 8
33090 2
33091 3
33092 0
33093 2
33094 0
33095 0
33096 0
33097 0
33098 0
33099 0
33100 2
33101 0
33102 0
33103 2
33104 0
33105 0
33106 3
33107 0
33108 2
33109 0
33110 3
33111 0
33112 2
33113 3
33114 0
33115 8
33116 7
33117 11
33118 2
33119 2
33120 2
33121 2
33122 11
33123 0
33124 7
33125 5
33126 11
33127 0
33128 3
33129 0
33130 0
33131 2
33132 0
33133 3
33134 3
33135 0
33136 2
33137 0
33138 2
33139 2
33140 0
33141 0
33142 2
33143 0
33144 0
33145 7
33146 2
33147 11
33148 0
33149 0
33150 0
33151 0
33152 10
33153 0
33154 2
33155 2
33156 11
33157 0
33158 2
33159 0
33160 0
33161 0
33162 0
33163 2
33164 0
33165 2
33166 0
33167 2
33168 0
33169 0
33170 3
33171 2
33172 2
33173 2
33174 0
33175 2
33176 0
33177 0
33178 0
33179 0
33180 3
33181 0
33182 7
33183 0
33184 0
33185 2
33186 0
33187 3
33188 0
33189 7
33190 0
33191 0
33192 0
33193 7
33194 3
33195 2
33196 0
33197 2
33198 2
33199 0
33200 3
33201 2
33202 0
33203 2
33204 0
33205 0
33206 0
33207 0
33208 0
33209 0
33210 0
33211 0
33212 0
33213 2
33214 2
33215 0
33216 0
33217 0
33218 6
33219 2
33220 0
33221 2
33222 0
33223 0
33224 0
33225 0
33226 0
33227 2
33228 0
33229 0
33230 0
33231 3
33232 3
33233 2
33234 0
33235 6
33236 2
33237 2
33238 2
33239 3
33240 2
33241 0
33242 6
33243 2
33244 2
33245 0
33246 0
33247 2
33248 0
33249 2
33250 2
33251 7
33252 0
33253 2
33254 2
33255 2
33256 3
33257 0
33258 8
33259 0
33260 0
33261 2
33262 2
33263 0
33264 2
33265 2
33266 2
33267 6
33268 0
33269 0
33270 2
33271 2
33272 3
33273 0
33274 2
33275 11
33276 0
33277 0
33278 2
33279 2
33280 0
33281 0
33282 2
33283 0
33284 0
33285 2
33286 0
33287 0
33288 0
33289 2
33290 11
33291 7
33292 0
33293 12
33294 0
33295 12
33296 12
33297 2
33298 1
33299 2
33300 4
33301 0
33302 2
33303 0
33304 2
33305 0
33306 7
33307 11
33308 2
33309 2
33310 2
33311 6
33312 8
33313 7
33314 13
33315 2
33316 7
33317 6
33318 10
33319 10
33320 12
33321 8
33322 10
33323 10
33324 11
33325 7
33326 6
33327 6
33328 10
33329 2
33330 10
33331 1
33332 3
33333 7
33334 8
33335 2
33336 3
33337 6
33338 5
33339 2
33340 11
33341 12
33342 12
33343 8
33344 12
33345 12
33346 6
33347 6
33348 8
33349 2
33350 12
33351 11
33352 0
33353 11
33354 10
33355 0
33356 0
33357 11
33358 11
33359 2
33360 8
33361 6
33362 12
33363 12
33364 6
33365 8
33366 2
33367 2
33368 11
33369 10
33370 12
33371 11
33372 11
33373 7
33374 12
33375 0
33376 3
33377 0
33378 0
33379 11
33380 2
33381 8
33382 2
33383 11
33384 11
33385 8
33386 11
33387 11
33388 6
33389 3
33390 11
33391 12
33392 3
33393 12
33394 12
33395 6
33396 8
33397 13
33398 7
33399 12
33400 11
33401 11
33402 8
33403 12
33404 6
33405 12
33406 12
33407 10
33408 7
33409 7
33410 11
33411 0
33412 0
33413 0
33414 0
33415 2
33416 0
33417 0
33418 0
33419 3
33420 0
33421 5
33422 0
33423 7
33424 0
33425 0
33426 0
33427 0
33428 0
33429 0
33430 0
33431 0
33432 3
33433 11
33434 3
33435 0
33436 2
33437 2
33438 2
33439 11
33440 0
33441 0
33442 2
33443 0
33444 2
33445 2
33446 0
33447 3
33448 2
33449 2
33450 2
33451 6
33452 2
33453 0
33454 0
33455 2
33456 2
33457 0
33458 2
33459 2
33460 0
33461 0
33462 2
33463 0
33464 0
33465 0
33466 0
33467 2
33468 0
33469 3
33470 0
33471 2
33472 2
33473 2
33474 2
33475 2
33476 0
33477 2
33478 12
33479 6
33480 6
33481 11
33482 11
33483 7
33484 3
33485 6
33486 7
33487 11
33488 3
33489 8
33490 0
33491 11
33492 11
33493 2
33494 2
33495 3
33496 11
33497 6
33498 5
33499 0
33500 12
33501 0
33502 11
33503 2
33504 12
33505 11
33506 7
33507 3
33508 6
33509 6
33510 12
33511 3
33512 11
33513 3
33514 3
33515 10
33516 6
33517 6
33518 11
33519 12
33520 6
33521 7
33522 14
33523 12
33524 6
33525 0
33526 6
33527 8
33528 7
33529 7
33530 3
33531 2
33532 12
33533 2
33534 2
33535 2
33536 10
33537 2
33538 2
33539 2
33540 11
33541 0
33542 0
33543 2
33544 2
33545 10
33546 2
33547 2
33548 2
33549 7
33550 2
33551 2
33552 7
33553 6
33554 6
33555 2
33556 11
33557 12
33558 0
33559 6
33560 8
33561 6
33562 6
33563 6
33564 10
33565 4
33566 8
33567 12
33568 10
33569 6
33570 11
33571 7
33572 2
33573 14
33574 3
33575 11
33576 14
33577 3
33578 11
33579 2
33580 3
33581 6
33582 0
33583 7
33584 14
33585 0
33586 0
33587 7
33588 2
33589 7
33590 2
33591 0
33592 2
33593 0
33594 0
33595 2
33596 0
33597 0
33598 0
33599 0
33600 0
33601 0
33602 0
33603 0
33604 3
33605 0
33606 0
33607 3
33608 2
33609 2
33610 0
33611 0
33612 0
33613 7
33614 0
33615 2
33616 2
33617 0
33618 0
33619 2
33620 0
33621 0
33622 2
33623 0
33624 7
33625 2
33626 0
33627 2
33628 8
33629 0
33630 2
33631 0
33632 2
33633 0
33634 6
33635 11
33636 0
33637 0
33638 0
33639 0
33640 2
33641 6
33642 7
33643 8
33644 0
33645 6
33646 2
33647 11
33648 2
33649 0
33650 14
33651 2
33652 2
33653 2
33654 2
33655 7
33656 2
33657 1
33658 11
33659 2
33660 2
33661 0
33662 4
33663 2
33664 2
33665 2
33666 0
33667 2
33668 11
33669 2
33670 2
33671 6
33672 3
33673 14
33674 2
33675 3
33676 0
33677 0
33678 1
33679 14
33680 1
33681 1
33682 1
33683 1
33684 1
33685 1
33686 2
33687 2
33688 0
33689 2
33690 0
33691 0
33692 0
33693 0
33694 2
33695 11
33696 2
33697 0
33698 2
33699 2
33700 2
33701 0
33702 11
33703 0
33704 2
33705 2
33706 0
33707 3
33708 2
33709 2
33710 11
33711 2
33712 2
33713 11
33714 6
33715 6
33716 0
33717 2
33718 0
33719 2
33720 6
33721 0
33722 2
33723 6
33724 11
33725 8
33726 0
33727 2
33728 3
33729 0
33730 7
33731 2
33732 2
33733 6
33734 2
33735 6
33736 8
33737 2
33738 0
33739 6
33740 2
33741 2
33742 2
33743 2
33744 12
33745 10
33746 2
33747 2
33748 6
33749 5
33750 6
33751 8
33752 2
33753 14
33754 7
33755 6
33756 6
33757 6
33758 8
33759 2
33760 10
33761 12
33762 0
33763 6
33764 3
33765 13
33766 11
33767 2
33768 7
33769 6
33770 3
33771 8
33772 12
33773 8
33774 8
33775 2
33776 7
33777 0
33778 0
33779 8
33780 3
33781 7
33782 2
33783 10
33784 7
33785 10
33786 2
33787 2
33788 2
33789 6
33790 7
33791 8
33792 12
33793 2
33794 10
33795 6
33796 2
33797 12
33798 8
33799 7
33800 5
33801 6
33802 0
33803 6
33804 7
33805 12
33806 3
33807 12
33808 6
33809 14
33810 8
33811 6
33812 10
33813 6
33814 7
33815 12
33816 7
33817 4
33818 2
33819 12
33820 6
33821 1
33822 3
33823 2
33824 6
33825 0
33826 0
33827 0
33828 3
33829 0
33830 2
33831 8
33832 6
33833 11
33834 0
33835 0
33836 11
33837 0
33838 2
33839 6
33840 0
33841 0
33842 0
33843 0
33844 2
33845 0
33846 2
33847 7
33848 14
33849 9
33850 1
33851 1
33852 1
33853 1
33854 1
33855 1
33856 1
33857 1
33858 1
33859 1
33860 10
33861 11
33862 2
33863 10
33864 2
33865 8
33866 8
33867 6
33868 5
33869 12
33870 7
33871 10
33872 2
33873 8
33874 14
33875 0
33876 2
33877 8
33878 7
33879 7
33880 2
33881 8
33882 8
33883 8
33884 1
33885 1
33886 1
33887 11
33888 8
33889 1
33890 1
33891 1
33892 1
33893 1
33894 14
33895 1
33896 10
33897 10
33898 8
33899 1
33900 1
33901 1
33902 1
33903 9
33904 3
33905 13
33906 7
33907 0
33908 0
33909 0
33910 7
33911 0
33912 6
33913 3
33914 7
33915 2
33916 3
33917 6
33918 3
33919 3
33920 0
33921 11
33922 7
33923 0
33924 7
33925 6
33926 1
33927 1
33928 1
33929 14
33930 2
33931 2
33932 2
33933 1
33934 1
33935 1
33936 1
33937 1
33938 1
33939 1
33940 1
33941 1
33942 1
33943 1
33944 7
33945 10
33946 10
33947 10
33948 9
33949 13
33950 10
33951 9
33952 1
33953 1
33954 1
33955 9
33956 1
33957 9
33958 9
33959 3
33960 12
33961 12
33962 10
33963 9
33964 13
33965 11
33966 1
33967 1
33968 9
33969 1
33970 12
33971 1
33972 1
33973 1
33974 1
33975 1
33976 1
33977 1
33978 0
33979 1
33980 1
33981 1
33982 1
33983 1
33984 1
33985 1
33986 1
33987 1
33988 1
33989 10
33990 1
33991 1
33992 1
33993 1
33994 1
33995 1
33996 10
33997 1
33998 5
33999 9
34000 13
34001 1
34002 1
34003 10
34004 9
34005 13
34006 13
34007 9
34008 4
34009 7
34010 6
34011 9
34012 9
34013 2
34014 9
34015 14
34016 10
34017 3
34018 10
34019 11
34020 0
34021 10
34022 11
34023 10
34024 9
34025 9
34026 10
34027 9
34028 9
34029 8
34030 9
34031 6
34032 9
34033 7
34034 1
34035 12
34036 13
34037 1
34038 11
34039 10
34040 14
34041 6
34042 12
34043 5
34044 0
34045 7
34046 12
34047 7
34048 9
34049 13
34050 9
34051 9
34052 14
34053 12
34054 14
34055 13
34056 9
34057 10
34058 6
34059 11
34060 8
34061 5
34062 2
34063 1
34064 13
34065 14
34066 11
34067 12
34068 1
34069 5
34070 11
34071 9
34072 13
34073 9
34074 3
34075 9
34076 6
34077 10
34078 8
34079 14
34080 8
34081 8
34082 12
34083 8
34084 2
34085 3
34086 4
34087 8
34088 14
34089 13
34090 6
34091 9
34092 13
34093 6
34094 3
34095 7
34096 8
34097 7
34098 13
34099 8
34100 4
34101 4
34102 12
34103 13
34104 13
34105 8
34106 9
34107 9
34108 13
34109 13
34110 14
34111 4
34112 9
34113 13
34114 14
34115 11
34116 9
34117 5
34118 12
34119 13
34120 14
34121 11
34122 1
34123 9
34124 12
34125 4
34126 10
34127 13
34128 9
34129 0
34130 14
34131 1
34132 13
34133 2
34134 2
34135 5
34136 6
34137 2
34138 9
34139 14
34140 2
34141 11
34142 2
34143 8
34144 7
34145 11
34146 11
34147 13
34148 6
34149 8
34150 5
34151 14
34152 3
34153 14
34154 14
34155 7
34156 7
34157 5
34158 8
34159 6
34160 11
34161 8
34162 2
34163 9
34164 5
34165 9
34166 12
34167 9
34168 3
34169 9
34170 12
34171 3
34172 8
34173 14
34174 1
34175 1
34176 1
34177 1
34178 1
34179 9
34180 1
34181 1
34182 1
34183 1
34184 9
34185 1
34186 1
34187 1
34188 1
34189 1
34190 6
34191 9
34192 1
34193 1
34194 5
34195 8
34196 7
34197 3
34198 8
34199 12
34200 0
34201 14
34202 10
34203 2
34204 2
34205 1
34206 1
34207 10
34208 7
34209 2
34210 11
34211 10
34212 10
34213 5
34214 11
34215 8
34216 9
34217 2
34218 2
34219 12
34220 8
34221 12
34222 7
34223 12
34224 1
34225 1
34226 1
34227 1
34228 1
34229 1
34230 1
34231 9
34232 1
34233 1
34234 1
34235 1
34236 1
34237 9
34238 10
34239 8
34240 0
34241 8
34242 11
34243 6
34244 14
34245 9
34246 8
34247 12
34248 8
34249 0
34250 5
34251 12
34252 8
34253 14
34254 11
34255 8
34256 10
34257 9
34258 10
34259 12
34260 7
34261 10
34262 2
34263 12
34264 2
34265 12
34266 6
34267 11
34268 11
34269 12
34270 3
34271 4
34272 8
34273 9
34274 9
34275 4
34276 6
34277 8
34278 14
34279 11
34280 10
34281 9
34282 10
34283 13
34284 4
34285 2
34286 12
34287 7
34288 11
34289 9
34290 9
34291 3
34292 13
34293 4
34294 11
34295 12
34296 7
34297 11
34298 9
34299 8
34300 13
34301 8
34302 10
34303 6
34304 5
34305 9
34306 12
34307 10
34308 5
34309 8
34310 14
34311 8
34312 9
34313 2
34314 13
34315 9
34316 1
34317 1
34318 8
34319 0
34320 1
34321 13
34322 5
34323 3
34324 14
34325 9
34326 7
34327 10
34328 10
34329 12
34330 2
34331 3
34332 6
34333 9
34334 4
34335 12
34336 13
34337 14
34338 8
34339 7
34340 11
34341 10
34342 14
34343 8
34344 8
34345 9
34346 8
34347 8
34348 4
34349 12
34350 1
34351 7
34352 11
34353 9
34354 9
34355 14
34356 6
34357 2
34358 12
34359 11
34360 10
34361 2
34362 2
34363 2
34364 3
34365 10
34366 7
34367 1
34368 11
34369 13
34370 9
34371 14
34372 11
34373 11
34374 6
34375 9
34376 9
34377 14
34378 2
34379 2
34380 14
34381 11
34382 2
34383 1
34384 11
34385 8
34386 2
34387 3
34388 6
34389 6
34390 14
34391 9
34392 6
34393 3
34394 9
34395 1
34396 11
34397 7
34398 14
34399 11
34400 9
34401 9
34402 4
34403 8
34404 13
34405 7
34406 8
34407 8
34408 7
34409 14
34410 2
34411 8
34412 9
34413 8
34414 9
34415 8
34416 1
34417 4
34418 10
34419 12
34420 14
34421 9
34422 1
34423 6
34424 5
34425 8
34426 14
34427 9
34428 13
34429 11
34430 6
34431 12
34432 5
34433 13
34434 8
34435 3
34436 10
34437 9
34438 8
34439 8
34440 1
34441 1
34442 9
34443 0
34444 9
34445 3
34446 10
34447 2
34448 11
34449 8
34450 6
34451 13
34452 2
34453 3
34454 3
34455 13
34456 3
34457 14
34458 8
34459 13
34460 13
34461 1
34462 3
34463 9
34464 1
34465 9
34466 13
34467 13
34468 9
34469 14
34470 14
34471 5
34472 13
34473 8
34474 9
34475 7
34476 9
34477 12
34478 14
34479 14
34480 10
34481 14
34482 12
34483 7
34484 10
34485 11
34486 10
34487 9
34488 14
34489 14
34490 14
34491 12
34492 11
34493 8
34494 9
34495 9
34496 3
34497 13
34498 8
34499 8
34500 7
34501 4
34502 14
34503 12
34504 10
34505 11
34506 13
34507 14
34508 14
34509 3
34510 9
34511 1
34512 13
34513 9
34514 14
34515 8
34516 8
34517 10
34518 9
34519 3
34520 2
34521 5
34522 10
34523 14
34524 2
34525 14
34526 5
34527 5
34528 10
34529 5
34530 3
34531 7
34532 7
34533 10
34534 14
34535 14
34536 7
34537 6
34538 14
34539 10
34540 12
34541 9
34542 9
34543 10
34544 8
34545 9
34546 10
34547 11
34548 11
34549 10
34550 1
34551 11
34552 7
34553 11
34554 7
34555 10
34556 9
34557 10
34558 4
34559 4
34560 8
34561 5
34562 9
34563 8
34564 11
34565 9
34566 2
34567 11
34568 11
34569 14
34570 14
34571 14
34572 2
34573 9
34574 11
34575 9
34576 12
34577 4
34578 11
34579 13
34580 14
34581 3
34582 13
34583 14
34584 12
34585 2
34586 14
34587 12
34588 4
34589 5
34590 2
34591 9
34592 9
34593 4
34594 13
34595 9
34596 8
34597 6
34598 7
34599 10
34600 2
34601 8
34602 1
34603 0
34604 8
34605 4
34606 13
34607 10
34608 9
34609 10
34610 10
34611 2
34612 12
34613 2
34614 5
34615 4
34616 2
34617 6
34618 2
34619 8
34620 8
34621 11
34622 8
34623 7
34624 0
34625 7
34626 10
34627 2
34628 1
34629 1
34630 11
34631 1
34632 9
34633 1
34634 1
34635 9
34636 1
34637 1
34638 1
34639 1
34640 10
34641 1
34642 8
34643 0
34644 9
34645 13
34646 14
34647 2
34648 10
34649 0
34650 9
34651 13
34652 8
34653 2
34654 11
34655 8
34656 8
34657 8
34658 9
34659 1
34660 1
34661 10
34662 1
34663 13
34664 8
34665 12
34666 10
34667 9
34668 9
34669 8
34670 6
34671 9
34672 7
34673 6
34674 11
34675 9
34676 0
34677 6
34678 2
34679 2
34680 8
34681 8
34682 2
34683 0
34684 8
34685 7
34686 0
34687 0
34688 7
34689 8
34690 0
34691 0
34692 2
34693 6
34694 13
34695 10
34696 14
34697 14
34698 8
34699 5
34700 14
34701 9
34702 9
34703 0
34704 4
34705 8
34706 13
34707 14
34708 8
34709 14
34710 8
34711 7
34712 4
34713 5
34714 5
34715 5
34716 9
34717 10
34718 7
34719 3
34720 2
34721 14
34722 14
34723 12
34724 14
34725 1
34726 2
34727 13
34728 13
34729 14
34730 14
34731 9
34732 11
34733 8
34734 2
34735 14
34736 10
34737 5
34738 10
34739 4
34740 14
34741 11
34742 3
34743 8
34744 4
34745 8
34746 7
34747 11
34748 8
34749 3
34750 3
34751 8
34752 12
34753 11
34754 3
34755 14
34756 7
34757 5
34758 5
34759 10
34760 7
34761 4
34762 1
34763 13
34764 7
34765 5
34766 11
34767 4
34768 5
34769 6
34770 3
34771 10
34772 8
34773 12
34774 8
34775 7
34776 7
34777 3
34778 14
34779 12
34780 14
34781 13
34782 10
34783 8
34784 10
34785 2
34786 0
34787 3
34788 10
34789 13
34790 13
34791 8
34792 9
34793 14
34794 8
34795 2
34796 6
34797 8
34798 2
34799 2
34800 8
34801 14
34802 9
34803 14
34804 13
34805 6
34806 4
34807 4
34808 11
34809 14
34810 11
34811 13
34812 14
34813 6
34814 7
34815 12
34816 3
34817 6
34818 10
34819 7
34820 9
34821 4
34822 13
34823 4
34824 14
34825 7
34826 14
34827 10
34828 9
34829 13
34830 13
34831 5
34832 7
34833 7
34834 10
34835 14
34836 14
34837 6
34838 9
34839 12
34840 8
34841 3
34842 8
34843 14
34844 5
34845 8
34846 11
34847 14
34848 5
34849 14
34850 5
34851 12
34852 11
34853 4
34854 4
34855 2
34856 4
34857 6
34858 8
34859 0
34860 0
34861 5
34862 11
34863 13
34864 14
34865 5
34866 12
34867 4
34868 8
34869 11
34870 4
34871 5
34872 11
34873 10
34874 2
34875 2
34876 9
34877 4
34878 7
34879 5
34880 14
34881 5
34882 0
34883 8
34884 5
34885 1
34886 2
34887 2
34888 11
34889 4
34890 11
34891 4
34892 0
34893 10
34894 5
34895 14
34896 4
34897 8
34898 9
34899 4
34900 13
34901 7
34902 5
34903 5
34904 11
34905 11
34906 11
34907 5
34908 11
34909 5
34910 5
34911 5
34912 3
34913 5
34914 5
34915 3
34916 4
34917 5
34918 14
34919 0
34920 1
34921 14
34922 11
34923 8
34924 11
34925 2
34926 5
34927 11
34928 7
34929 12
34930 14
34931 5
34932 14
34933 4
34934 14
34935 12
34936 14
34937 9
34938 10
34939 13
34940 8
34941 5
34942 7
34943 5
34944 4
34945 8
34946 5
34947 14
34948 4
34949 5
34950 10
34951 11
34952 8
34953 7
34954 6
34955 5
34956 14
34957 5
34958 9
34959 6
34960 10
34961 2
34962 2
34963 12
34964 11
34965 13
34966 2
34967 4
34968 14
34969 13
34970 4
34971 7
34972 14
34973 10
34974 10
34975 9
34976 14
34977 3
34978 9
34979 13
34980 11
34981 11
34982 14
34983 4
34984 14
34985 7
34986 12
34987 12
34988 11
34989 11
34990 4
34991 10
34992 7
34993 9
34994 4
34995 4
34996 5
34997 7
34998 5
34999 8
35000 10
35001 4
35002 13
35003 8
35004 9
35005 9
35006 14
35007 14
35008 1
35009 7
35010 11
35011 11
35012 8
35013 14
35014 13
35015 9
35016 4
35017 5
35018 11
35019 2
35020 0
35021 4
35022 4
35023 10
35024 14
35025 14
35026 11
35027 8
35028 11
35029 0
35030 1
35031 9
35032 8
35033 8
35034 7
35035 14
35036 14
35037 4
35038 14
35039 4
35040 7
35041 10
35042 8
35043 14
35044 11
35045 11
35046 14
35047 8
35048 6
35049 14
35050 10
35051 2
35052 14
35053 5
35054 12
35055 5
35056 4
35057 14
35058 6
35059 3
35060 8
35061 10
35062 6
35063 14
35064 4
35065 12
35066 14
35067 3
35068 4
35069 3
35070 8
35071 14
35072 4
35073 8
35074 7
35075 5
35076 11
35077 6
35078 5
35079 5
35080 10
35081 4
35082 14
35083 7
35084 14
35085 2
35086 14
35087 5
35088 5
35089 5
35090 0
35091 5
35092 14
35093 5
35094 5
35095 4
35096 12
35097 11
35098 8
35099 11
35100 4
35101 14
35102 3
35103 14
35104 4
35105 14
35106 5
35107 14
35108 11
35109 5
35110 13
35111 5
35112 5
35113 8
35114 2
35115 2
35116 11
35117 11
35118 5
35119 10
35120 14
35121 8
35122 12
35123 4
35124 9
35125 5
35126 11
35127 14
35128 5
35129 11
35130 5
35131 3
35132 3
35133 3
35134 5
35135 9
35136 4
35137 7
35138 11
35139 13
35140 8
35141 2
35142 6
35143 13
35144 13
35145 14
35146 10
35147 11
35148 14
35149 0
35150 2
35151 8
35152 2
35153 2
35154 5
35155 12
35156 10
35157 5
35158 9
35159 4
35160 10
35161 14
35162 8
35163 12
35164 8
35165 14
35166 5
35167 14
35168 2
35169 11
35170 12
35171 3
35172 3
35173 2
35174 14
35175 4
35176 13
35177 14
35178 0
35179 2
35180 0
35181 14
35182 12
35183 4
35184 4
35185 12
35186 0
35187 12
35188 7
35189 5
35190 10
35191 5
35192 9
35193 8
35194 2
35195 9
35196 14
35197 11
35198 4
35199 10
35200 7
35201 2
35202 0
35203 2
35204 3
35205 8
35206 2
35207 3
35208 11
35209 8
35210 14
35211 3
35212 0
35213 8
35214 12
35215 10
35216 5
35217 2
35218 2
35219 2
35220 11
35221 8
35222 10
35223 14
35224 5
35225 14
35226 8
35227 12
35228 6
35229 9
35230 5
35231 8
35232 4
35233 5
35234 6
35235 4
35236 11
35237 6
35238 14
35239 5
35240 14
35241 14
35242 4
35243 9
35244 7
35245 13
35246 7
35247 8
35248 5
35249 5
35250 4
35251 5
35252 5
35253 13
35254 6
35255 5
35256 10
35257 12
35258 5
35259 10
35260 12
35261 4
35262 8
35263 2
35264 2
35265 5
35266 3
35267 13
35268 4
35269 5
35270 5
35271 0
35272 14
35273 3
35274 4
35275 8
35276 5
35277 2
35278 2
35279 11
35280 11
35281 4
35282 14
35283 0
35284 12
35285 5
35286 5
35287 12
35288 4
35289 5
35290 8
35291 12
35292 9
35293 14
35294 11
35295 14
35296 3
35297 5
35298 5
35299 4
35300 14
35301 5
35302 14
35303 8
35304 4
35305 12
35306 8
35307 1
35308 4
35309 14
35310 10
35311 10
35312 5
35313 9
35314 12
35315 2
35316 11
35317 5
35318 5
35319 5
35320 12
35321 5
35322 5
35323 1
35324 7
35325 11
35326 14
35327 14
35328 8
35329 5
35330 4
35331 9
35332 5
35333 14
35334 11
35335 14
35336 9
35337 5
35338 10
35339 12
35340 5
35341 12
35342 5
35343 9
35344 3
35345 4
35346 14
35347 4
35348 14
35349 7
35350 6
35351 7
35352 12
35353 8
35354 7
35355 2
35356 11
35357 7
35358 4
35359 11
35360 11
35361 8
35362 11
35363 6
35364 0
35365 7
35366 12
35367 4
35368 11
35369 12
35370 10
35371 8
35372 1
35373 6
35374 10
35375 8
35376 0
35377 8
35378 2
35379 12
35380 7
35381 2
35382 11
35383 0
35384 0
35385 2
35386 10
35387 10
35388 3
35389 7
35390 0
35391 9
35392 14
35393 0
35394 11
35395 8
35396 8
35397 6
35398 13
35399 14
35400 0
35401 9
35402 3
35403 12
35404 2
35405 1
35406 3
35407 5
35408 7
35409 7
35410 14
35411 14
35412 3
35413 2
35414 3
35415 8
35416 0
35417 12
35418 11
35419 14
35420 12
35421 0
35422 11
35423 2
35424 3
35425 7
35426 10
35427 13
35428 2
35429 9
35430 7
35431 12
35432 11
35433 11
35434 3
35435 3
35436 2
35437 5
35438 5
35439 12
35440 8
35441 11
35442 0
35443 14
35444 7
35445 3
35446 7
35447 8
35448 7
35449 4
35450 14
35451 14
35452 14
35453 10
35454 12
35455 2
35456 8
35457 2
35458 14
35459 8
35460 3
35461 11
35462 10
35463 14
35464 4
35465 14
35466 0
35467 14
35468 10
35469 11
35470 2
35471 3
35472 14
35473 7
35474 14
35475 8
35476 5
35477 5
35478 0
35479 5
35480 3
35481 5
35482 8
35483 2
35484 7
35485 5
35486 4
35487 11
35488 5
35489 0
35490 11
35491 11
35492 11
35493 7
35494 0
35495 3
35496 2
35497 2
35498 2
35499 10
35500 2
35501 2
35502 2
35503 14
35504 11
35505 11
35506 14
35507 2
35508 12
35509 6
35510 0
35511 12
35512 12
35513 14
35514 4
35515 2
35516 0
35517 10
35518 6
35519 11
35520 14
35521 12
35522 8
35523 8
35524 2
35525 6
35526 2
35527 6
35528 12
35529 2
35530 2
35531 0
35532 0
35533 12
35534 2
35535 2
35536 8
35537 0
35538 2
35539 3
35540 12
35541 0
35542 6
35543 7
35544 12
35545 3
35546 11
35547 2
35548 2
35549 8
35550 8
35551 2
35552 2
35553 12
35554 2
35555 7
35556 7
35557 0
35558 3
35559 3
35560 5
35561 7
35562 2
35563 2
35564 2
35565 2
35566 6
35567 3
35568 7
35569 7
35570 0
35571 2
35572 7
35573 10
35574 0
35575 0
35576 7
35577 2
35578 7
35579 7
35580 2
35581 7
35582 2
35583 3
35584 2
35585 7
35586 0
35587 0
35588 6
35589 6
35590 7
35591 2
35592 5
35593 12
35594 11
35595 6
35596 7
35597 7
35598 3
35599 2
35600 10
35601 12
35602 11
35603 6
35604 2
35605 11
35606 2
35607 6
35608 0
35609 7
35610 9
35611 6
35612 12
35613 2
35614 10
35615 2
35616 6
35617 0
35618 6
35619 8
35620 6
35621 8
35622 8
35623 3
35624 7
35625 2
35626 2
35627 0
35628 14
35629 0
35630 2
35631 2
35632 0
35633 7
35634 6
35635 5
35636 2
35637 6
35638 7
35639 2
35640 10
35641 3
35642 6
35643 0
35644 2
35645 5
35646 11
35647 0
35648 8
35649 7
35650 7
35651 8
35652 6
35653 7
35654 12
35655 2
35656 3
35657 2
35658 11
35659 12
35660 2
35661 11
35662 7
35663 3
35664 2
35665 0
35666 7
35667 1
35668 3
35669 6
35670 3
35671 12
35672 7
35673 11
35674 1
35675 12
35676 8
35677 11
35678 6
35679 2
35680 7
35681 8
35682 2
35683 11
35684 7
35685 7
35686 6
35687 12
35688 8
35689 1
35690 3
35691 11
35692 4
35693 9
35694 10
35695 7
35696 10
35697 12
35698 2
35699 12
35700 12
35701 2
35702 8
35703 3
35704 12
35705 12
35706 5
35707 7
35708 2
35709 12
35710 6
35711 11
35712 7
35713 11
35714 0
35715 12
35716 9
35717 6
35718 2
35719 10
35720 2
35721 12
35722 7
35723 8
35724 3
35725 2
35726 10
35727 2
35728 2
35729 11
35730 11
35731 7
35732 0
35733 11
35734 7
35735 10
35736 6
35737 7
35738 11
35739 14
35740 2
35741 10
35742 2
35743 8
35744 0
35745 11
35746 12
35747 2
35748 14
35749 2
35750 2
35751 6
35752 11
35753 7
35754 8
35755 13
35756 10
35757 0
35758 6
35759 2
35760 1
35761 10
35762 2
35763 8
35764 14
35765 12
35766 2
35767 6
35768 12
35769 2
35770 0
35771 6
35772 11
35773 6
35774 7
35775 8
35776 1
35777 6
35778 2
35779 8
35780 2
35781 10
35782 14
35783 2
35784 0
35785 6
35786 7
35787 0
35788 0
35789 0
35790 8
35791 12
35792 2
35793 6
35794 0
35795 2
35796 7
35797 0
35798 5
35799 0
35800 4
35801 7
35802 6
35803 12
35804 7
35805 7
35806 7
35807 8
35808 5
35809 7
35810 2
35811 2
35812 2
35813 2
35814 0
35815 0
35816 3
35817 12
35818 8
35819 12
35820 2
35821 4
35822 2
35823 12
35824 6
35825 14
35826 7
35827 12
35828 3
35829 7
35830 0
35831 2
35832 6
35833 0
35834 0
35835 0
35836 2
35837 11
35838 11
35839 12
35840 2
35841 10
35842 11
35843 7
35844 4
35845 2
35846 6
35847 6
35848 12
35849 6
35850 0
35851 0
35852 3
35853 2
35854 7
35855 12
35856 6
35857 2
35858 0
35859 8
35860 2
35861 2
35862 1
35863 2
35864 0
35865 2
35866 12
35867 2
35868 5
35869 7
35870 1
35871 1
35872 1
35873 7
35874 1
35875 1
35876 1
35877 1
35878 1
35879 1
35880 1
35881 1
35882 1
35883 1
35884 1
35885 13
35886 5
35887 7
35888 10
35889 6
35890 10
35891 12
35892 13
35893 10
35894 12
35895 14
35896 8
35897 2
35898 10
35899 3
35900 13
35901 11
35902 1
35903 3
35904 1
35905 1
35906 1
35907 1
35908 1
35909 1
35910 8
35911 9
35912 1
35913 10
35914 1
35915 1
35916 9
35917 5
35918 13
35919 1
35920 8
35921 6
35922 12
35923 8
35924 6
35925 8
35926 12
35927 6
35928 6
35929 11
35930 11
35931 6
35932 6
35933 11
35934 11
35935 10
35936 3
35937 13
35938 9
35939 9
35940 8
35941 10
35942 7
35943 2
35944 11
35945 12
35946 3
35947 3
35948 12
35949 9
35950 1
35951 8
35952 8
35953 6
35954 2
35955 2
35956 12
35957 2
35958 14
35959 6
35960 8
35961 1
35962 1
35963 1
35964 1
35965 1
35966 1
35967 1
35968 1
35969 10
35970 6
35971 1
35972 7
35973 2
35974 5
35975 12
35976 4
35977 14
35978 7
35979 6
35980 7
35981 1
35982 14
35983 2
35984 10
35985 10
35986 8
35987 11
35988 1
35989 8
35990 12
35991 9
35992 9
35993 3
35994 11
35995 1
35996 9
35997 10
35998 13
35999 13
36000 4
36001 10
36002 6
36003 14
36004 9
36005 1
36006 10
36007 11
36008 13
36009 8
36010 9
36011 7
36012 13
36013 8
36014 8
36015 2
36016 9
36017 7
36018 9
36019 7
36020 12
36021 8
36022 11
36023 8
36024 8
36025 11
36026 7
36027 6
36028 2
36029 0
36030 3
36031 10
36032 14
36033 2
36034 3
36035 7
36036 7
36037 7
36038 12
36039 2
36040 8
36041 10
36042 10
36043 8
36044 2
36045 6
36046 7
36047 2
36048 7
36049 7
36050 5
36051 6
36052 10
36053 2
36054 8
36055 8
36056 7
36057 8
36058 6
36059 11
36060 9
36061 1
36062 5
36063 2
36064 14
36065 1
36066 8
36067 1
36068 2
36069 6
36070 5
36071 10
36072 12
36073 1
36074 3
36075 6
36076 8
36077 3
36078 6
36079 0
36080 5
36081 6
36082 7
36083 14
36084 10
36085 7
36086 10
36087 12
36088 2
36089 7
36090 2
36091 11
36092 12
36093 2
36094 6
36095 7
36096 10
36097 3
36098 5
36099 14
36100 8
36101 6
36102 0
36103 12
36104 2
36105 7
36106 8
36107 14
36108 5
36109 3
36110 2
36111 6
36112 11
36113 1
36114 2
36115 3
36116 3
36117 6
36118 5
36119 9
36120 8
36121 2
36122 13
36123 9
36124 9
36125 10
36126 10
36127 9
36128 14
36129 8
36130 6
36131 8
36132 8
36133 12
36134 2
36135 5
36136 6
36137 14
36138 12
36139 2
36140 7
36141 0
36142 10
36143 11
36144 14
36145 6
36146 2
36147 10
36148 5
36149 2
36150 4
36151 5
36152 6
36153 14
36154 10
36155 8
36156 9
36157 9
36158 8
36159 11
36160 11
36161 0
36162 12
36163 1
36164 14
36165 6
36166 14
36167 6
36168 2
36169 8
36170 10
36171 0
36172 3
36173 2
36174 9
36175 12
36176 8
36177 2
36178 11
36179 8
36180 12
36181 11
36182 11
36183 14
36184 12
36185 13
36186 9
36187 2
36188 14
36189 4
36190 7
36191 10
36192 8
36193 2
36194 0
36195 10
36196 5
36197 5
36198 12
36199 14
36200 11
36201 7
36202 7
36203 10
36204 2
36205 7
36206 12
36207 12
36208 10
36209 12
36210 7
36211 14
36212 6
36213 14
36214 6
36215 8
36216 12
36217 3
36218 8
36219 7
36220 8
36221 8
36222 14
36223 11
36224 14
36225 10
36226 11
36227 10
36228 7
36229 7
36230 14
36231 12
36232 2
36233 6
36234 9
36235 8
36236 8
36237 14
36238 12
36239 9
36240 5
36241 8
36242 12
36243 13
36244 10
36245 12
36246 12
36247 3
36248 6
36249 7
36250 11
36251 2
36252 10
36253 12
36254 3
36255 6
36256 10
36257 10
36258 12
36259 14
36260 2
36261 11
36262 8
36263 7
36264 3
36265 10
36266 12
36267 12
36268 12
36269 2
36270 11
36271 10
36272 3
36273 12
36274 12
36275 0
36276 8
36277 7
36278 2
36279 8
36280 3
36281 2
36282 10
36283 2
36284 7
36285 4
36286 7
36287 11
36288 7
36289 9
36290 11
36291 2
36292 2
36293 7
36294 14
36295 14
36296 6
36297 14
36298 2
36299 2
36300 4
36301 3
36302 9
36303 4
36304 13
36305 5
36306 9
36307 13
36308 9
36309 8
36310 5
36311 9
36312 14
36313 4
36314 14
36315 1
36316 14
36317 13
36318 13
36319 9
36320 4
36321 13
36322 13
36323 11
36324 9
36325 13
36326 11
36327 9
36328 9
36329 13
36330 13
36331 2
36332 3
36333 8
36334 13
36335 9
36336 3
36337 13
36338 13
36339 9
36340 9
36341 9
36342 7
36343 11
36344 4
36345 13
36346 4
36347 8
36348 14
36349 7
36350 14
36351 13
36352 14
36353 9
36354 10
36355 14
36356 10
36357 13
36358 10
36359 12
36360 13
36361 9
36362 13
36363 9
36364 13
36365 14
36366 9
36367 14
36368 4
36369 14
36370 4
36371 11
36372 8
36373 4
36374 5
36375 9
36376 9
36377 9
36378 3
36379 10
36380 8
36381 12
36382 10
36383 10
36384 12
36385 10
36386 8
36387 9
36388 12
36389 9
36390 12
36391 9
36392 7
36393 5
36394 0
36395 3
36396 6
36397 7
36398 12
36399 11
36400 12
36401 7
36402 6
36403 14
36404 12
36405 12
36406 9
36407 6
36408 6
36409 2
36410 8
36411 3
36412 14
36413 10
36414 3
36415 12
36416 6
36417 13
36418 7
36419 8
36420 7
36421 8
36422 10
36423 14
36424 6
36425 2
36426 6
36427 3
36428 5
36429 9
36430 9
36431 14
36432 11
36433 3
36434 2
36435 4
36436 1
36437 11
36438 10
36439 3
36440 14
36441 12
36442 12
36443 9
36444 3
36445 12
36446 5
36447 14
36448 1
36449 8
36450 9
36451 13
36452 9
36453 13
36454 6
36455 2
36456 11
36457 3
36458 9
36459 9
36460 13
36461 9
36462 8
36463 9
36464 9
36465 9
36466 11
36467 13
36468 1
36469 1
36470 8
36471 8
36472 10
36473 3
36474 14
36475 13
36476 9
36477 5
36478 14
36479 2
36480 10
36481 4
36482 9
36483 5
36484 9
36485 4
36486 10
36487 9
36488 9
36489 9
36490 10
36491 13
36492 10
36493 10
36494 3
36495 5
36496 13
36497 9
36498 9
36499 8
36500 5
36501 10
36502 5
36503 13
36504 14
36505 2
36506 8
36507 8
36508 13
36509 14
36510 2
36511 4
36512 8
36513 3
36514 9
36515 11
36516 14
36517 10
36518 12
36519 10
36520 8
36521 13
36522 12
36523 10
36524 9
36525 0
36526 3
36527 9
36528 10
36529 7
36530 10
36531 9
36532 9
36533 14
36534 4
36535 9
36536 9
36537 12
36538 12
36539 9
36540 9
36541 12
36542 6
36543 8
36544 11
36545 8
36546 4
36547 9
36548 3
36549 9
36550 2
36551 10
36552 8
36553 11
36554 12
36555 3
36556 7
36557 7
36558 10
36559 7
36560 8
36561 10
36562 10
36563 9
36564 8
36565 13
36566 14
36567 6
36568 12
36569 10
36570 13
36571 5
36572 13
36573 9
36574 8
36575 13
36576 9
36577 14
36578 9
36579 13
36580 8
36581 9
36582 9
36583 9
36584 5
36585 5
36586 8
36587 13
36588 8
36589 10
36590 10
36591 9
36592 7
36593 9
36594 4
36595 7
36596 9
36597 9
36598 9
36599 9
36600 13
36601 14
36602 8
36603 10
36604 14
36605 11
36606 9
36607 1
36608 9
36609 6
36610 12
36611 13
36612 13
36613 13
36614 8
36615 9
36616 2
36617 1
36618 14
36619 7
36620 9
36621 13
36622 5
36623 9
36624 12
36625 8
36626 13
36627 9
36628 13
36629 9
36630 13
36631 11
36632 13
36633 8
36634 2
36635 8
36636 0
36637 5
36638 1
36639 10
36640 8
36641 3
36642 14
36643 9
36644 12
36645 8
36646 10
36647 2
36648 13
36649 8
36650 1
36651 9
36652 13
36653 13
36654 10
36655 11
36656 13
36657 14
36658 9
36659 5
36660 3
36661 11
36662 13
36663 7
36664 9
36665 9
36666 9
36667 9
36668 9
36669 13
36670 9
36671 9
36672 11
36673 13
36674 10
36675 11
36676 9
36677 9
36678 9
36679 9
36680 13
36681 9
36682 2
36683 13
36684 11
36685 13
36686 13
36687 3
36688 14
36689 12
36690 14
36691 9
36692 9
36693 5
36694 10
36695 14
36696 8
36697 13
36698 9
36699 4
36700 8
36701 9
36702 9
36703 5
36704 9
36705 9
36706 10
36707 5
36708 14
36709 11
36710 6
36711 11
36712 12
36713 14
36714 8
36715 12
36716 8
36717 5
36718 9
36719 13
36720 3
36721 9
36722 9
36723 5
36724 7
36725 13
36726 7
36727 9
36728 10
36729 8
36730 3
36731 9
36732 9
36733 2
36734 11
36735 14
36736 6
36737 14
36738 10
36739 9
36740 5
36741 10
36742 14
36743 8
36744 13
36745 11
36746 14
36747 3
36748 10
36749 1
36750 4
36751 2
36752 14
36753 8
36754 14
36755 11
36756 14
36757 12
36758 10
36759 9
36760 14
36761 4
36762 14
36763 11
36764 6
36765 7
36766 12
36767 11
36768 14
36769 12
36770 6
36771 11
36772 11
36773 1
36774 0
36775 9
36776 3
36777 7
36778 14
36779 8
36780 3
36781 4
36782 12
36783 8
36784 14
36785 9
36786 11
36787 14
36788 12
36789 8
36790 14
36791 9
36792 14
36793 3
36794 0
36795 14
36796 14
36797 11
36798 4
36799 8
36800 8
36801 12
36802 14
36803 11
36804 1
36805 10
36806 10
36807 14
36808 4
36809 3
36810 10
36811 11
36812 8
36813 3
36814 10
36815 3
36816 7
36817 3
36818 12
36819 14
36820 4
36821 11
36822 10
36823 10
36824 4
36825 14
36826 0
36827 1
36828 9
36829 13
36830 14
36831 10
36832 2
36833 14
36834 14
36835 13
36836 14
36837 1
36838 0
36839 3
36840 0
36841 10
36842 14
36843 14
36844 7
36845 2
36846 10
36847 9
36848 3
36849 3
36850 10
36851 8
36852 2
36853 14
36854 4
36855 0
36856 11
36857 12
36858 13
36859 1
36860 4
36861 9
36862 14
36863 9
36864 9
36865 8
36866 2
36867 14
36868 14
36869 8
36870 4
36871 13
36872 4
36873 9
36874 9
36875 12
36876 13
36877 9
36878 9
36879 9
36880 11
36881 2
36882 9
36883 4
36884 5
36885 9
36886 14
36887 2
36888 9
36889 12
36890 3
36891 12
36892 2
36893 14
36894 5
36895 13
36896 10
36897 2
36898 12
36899 9
36900 14
36901 4
36902 12
36903 1
36904 10
36905 14
36906 14
36907 11
36908 3
36909 9
36910 5
36911 11
36912 6
36913 11
36914 14
36915 14
36916 1
36917 8
36918 8
36919 12
36920 1
36921 14
36922 11
36923 3
36924 2
36925 0
36926 9
36927 14
36928 8
36929 8
36930 13
36931 8
36932 7
36933 5
36934 7
36935 14
36936 14
36937 14
36938 10
36939 3
36940 12
36941 10
36942 9
36943 4
36944 8
36945 13
36946 10
36947 14
36948 3
36949 14
36950 7
36951 14
36952 14
36953 10
36954 1
36955 10
36956 13
36957 5
36958 12
36959 6
36960 3
36961 10
36962 0
36963 12
36964 10
36965 5
36966 11
36967 10
36968 10
36969 2
36970 9
36971 14
36972 9
36973 2
36974 4
36975 9
36976 8
36977 10
36978 1
36979 3
36980 12
36981 9
36982 10
36983 6
36984 2
36985 2
36986 14
36987 11
36988 14
36989 14
36990 5
36991 8
36992 8
36993 8
36994 10
36995 9
36996 4
36997 4
36998 5
36999 9
37000 13
37001 8
37002 8
37003 12
37004 13
37005 5
37006 8
37007 3
37008 12
37009 10
37010 5
37011 11
37012 8
37013 14
37014 5
37015 4
37016 13
37017 8
37018 13
37019 13
37020 11
37021 2
37022 6
37023 10
37024 2
37025 10
37026 12
37027 7
37028 2
37029 14
37030 10
37031 2
37032 4
37033 8
37034 5
37035 12
37036 14
37037 14
37038 0
37039 7
37040 8
37041 5
37042 4
37043 14
37044 10
37045 8
37046 4
37047 14
37048 11
37049 8
37050 5
37051 4
37052 14
37053 1
37054 8
37055 3
37056 14
37057 9
37058 10
37059 9
37060 13
37061 7
37062 2
37063 11
37064 14
37065 5
37066 10
37067 10
37068 13
37069 14
37070 9
37071 3
37072 14
37073 10
37074 14
37075 3
37076 2
37077 14
37078 7
37079 1
37080 10
37081 14
37082 10
37083 2
37084 2
37085 14
37086 14
37087 10
37088 13
37089 14
37090 5
37091 14
37092 14
37093 14
37094 14
37095 2
37096 11
37097 13
37098 3
37099 11
37100 8
37101 8
37102 8
37103 8
37104 14
37105 11
37106 8
37107 14
37108 2
37109 6
37110 14
37111 4
37112 11
37113 14
37114 14
37115 2
37116 10
37117 5
37118 9
37119 5
37120 9
37121 8
37122 1
37123 12
37124 14
37125 3
37126 3
37127 4
37128 8
37129 2
37130 0
37131 3
37132 13
37133 6
37134 8
37135 14
37136 3
37137 3
37138 8
37139 1
37140 4
37141 3
37142 14
37143 10
37144 14
37145 10
37146 4
37147 1
37148 5
37149 6
37150 13
37151 14
37152 14
37153 3
37154 11
37155 6
37156 7
37157 10
37158 11
37159 9
37160 6
37161 8
37162 14
37163 10
37164 5
37165 9
37166 11
37167 6
37168 3
37169 10
37170 2
37171 2
37172 7
37173 8
37174 3
37175 10
37176 11
37177 12
37178 11
37179 6
37180 8
37181 14
37182 10
37183 10
37184 6
37185 6
37186 11
37187 6
37188 10
37189 7
37190 2
37191 10
37192 7
37193 12
37194 0
37195 6
37196 12
37197 0
37198 3
37199 8
37200 7
37201 5
37202 7
37203 3
37204 3
37205 12
37206 2
37207 8
37208 6
37209 12
37210 8
37211 1
37212 14
37213 3
37214 5
37215 9
37216 14
37217 13
37218 11
37219 7
37220 4
37221 3
37222 3
37223 8
37224 14
37225 11
37226 11
37227 14
37228 6
37229 13
37230 5
37231 7
37232 0
37233 5
37234 14
37235 3
37236 7
37237 2
37238 8
37239 7
37240 3
37241 2
37242 14
37243 0
37244 10
37245 6
37246 11
37247 8
37248 13
37249 6
37250 2
37251 8
37252 10
37253 10
37254 2
37255 7
37256 10
37257 11
37258 12
37259 6
37260 12
37261 7
37262 7
37263 3
37264 12
37265 3
37266 5
37267 7
37268 10
37269 12
37270 2
37271 7
37272 12
37273 7
37274 12
37275 12
37276 8
37277 8
37278 5
37279 3
37280 1
37281 1
37282 8
37283 2
37284 0
37285 8
37286 14
37287 14
37288 14
37289 3
37290 3
37291 10
37292 0
37293 7
37294 6
37295 8
37296 10
37297 11
37298 8
37299 7
37300 7
37301 8
37302 14
37303 8
37304 10
37305 8
37306 7
37307 13
37308 14
37309 13
37310 7
37311 11
37312 13
37313 9
37314 10
37315 9
37316 7
37317 9
37318 14
37319 9
37320 14
37321 14
37322 9
37323 13
37324 10
37325 11
37326 8
37327 5
37328 8
37329 10
37330 9
37331 8
37332 4
37333 9
37334 9
37335 11
37336 13
37337 4
37338 13
37339 9
37340 1
37341 10
37342 4
37343 11
37344 10
37345 8
37346 9
37347 1
37348 12
37349 14
37350 4
37351 9
37352 14
37353 7
37354 9
37355 5
37356 13
37357 13
37358 4
37359 7
37360 9
37361 9
37362 5
37363 4
37364 9
37365 12
37366 0
37367 10
37368 12
37369 13
37370 10
37371 14
37372 9
37373 9
37374 0
37375 1
37376 13
37377 9
37378 8
37379 9
37380 2
37381 14
37382 9
37383 9
37384 10
37385 9
37386 14
37387 11
37388 14
37389 9
37390 14
37391 9
37392 0
37393 14
37394 9
37395 8
37396 8
37397 5
37398 6
37399 14
37400 3
37401 14
37402 13
37403 14
37404 4
37405 13
37406 14
37407 10
37408 3
37409 9
37410 9
37411 13
37412 13
37413 1
37414 8
37415 9
37416 6
37417 10
37418 13
37419 9
37420 4
37421 14
37422 9
37423 9
37424 5
37425 6
37426 13
37427 14
37428 4
37429 5
37430 9
37431 11
37432 3
37433 9
37434 10
37435 12
37436 12
37437 0
37438 4
37439 14
37440 5
37441 13
37442 10
37443 6
37444 3
37445 10
37446 9
37447 6
37448 4
37449 10
37450 5
37451 13
37452 13
37453 10
37454 9
37455 4
37456 4
37457 11
37458 12
37459 11
37460 4
37461 13
37462 13
37463 8
37464 1
37465 9
37466 2
37467 3
37468 1
37469 8
37470 7
37471 2
37472 14
37473 9
37474 13
37475 0
37476 7
37477 14
37478 13
37479 14
37480 9
37481 7
37482 8
37483 6
37484 14
37485 8
37486 7
37487 7
37488 3
37489 14
37490 3
37491 3
37492 12
37493 2
37494 2
37495 7
37496 8
37497 14
37498 7
37499 10
37500 3
37501 8
37502 10
37503 6
37504 7
37505 6
37506 4
37507 7
37508 5
37509 2
37510 8
37511 8
37512 2
37513 8
37514 10
37515 12
37516 11
37517 12
37518 7
37519 11
37520 14
37521 2
37522 7
37523 3
37524 9
37525 7
37526 3
37527 14
37528 12
37529 3
37530 4
37531 0
37532 10
37533 3
37534 3
37535 14
37536 10
37537 12
37538 14
37539 9
37540 10
37541 12
37542 1
37543 2
37544 4
37545 11
37546 0
37547 1
37548 11
37549 14
37550 1
37551 13
37552 2
37553 6
37554 6
37555 1
37556 10
37557 8
37558 2
37559 10
37560 2
37561 8
37562 2
37563 2
37564 2
37565 12
37566 10
37567 14
37568 11
37569 3
37570 12
37571 4
37572 7
37573 8
37574 1
37575 10
37576 8
37577 1
37578 8
37579 1
37580 2
37581 5
37582 1
37583 8
37584 10
37585 10
37586 5
37587 6
37588 11
37589 7
37590 12
37591 3
37592 10
37593 8
37594 5
37595 13
37596 8
37597 11
37598 13
37599 9
37600 1
37601 3
37602 6
37603 9
37604 10
37605 0
37606 10
37607 10
37608 6
37609 11
37610 9
37611 7
37612 10
37613 11
37614 8
37615 14
37616 3
37617 13
37618 14
37619 14
37620 3
37621 13
37622 3
37623 14
37624 9
37625 6
37626 13
37627 14
37628 9
37629 10
37630 11
37631 3
37632 11
37633 10
37634 6
37635 2
37636 10
37637 3
37638 12
37639 7
37640 2
37641 14
37642 5
37643 2
37644 5
37645 9
37646 3
37647 13
37648 9
37649 12
37650 12
37651 3
37652 0
37653 5
37654 3
37655 5
37656 9
37657 7
37658 3
37659 12
37660 12
37661 12
37662 11
37663 3
37664 2
37665 9
37666 9
37667 10
37668 10
37669 11
37670 3
37671 10
37672 12
37673 12
37674 8
37675 11
37676 7
37677 14
37678 5
37679 10
37680 6
37681 13
37682 14
37683 9
37684 10
37685 3
37686 9
37687 11
37688 12
37689 13
37690 6
37691 14
37692 9
37693 3
37694 9
37695 8
37696 8
37697 13
37698 11
37699 10
37700 4
37701 12
37702 9
37703 11
37704 3
37705 3
37706 11
37707 11
37708 12
37709 12
37710 8
37711 9
37712 1
37713 2
37714 12
37715 12
37716 12
37717 14
37718 13
37719 4
37720 6
37721 14
37722 13
37723 9
37724 13
37725 5
37726 5
37727 11
37728 3
37729 14
37730 14
37731 12
37732 1
37733 10
37734 12
37735 3
37736 12
37737 11
37738 9
37739 2
37740 11
37741 9
37742 14
37743 9
37744 11
37745 12
37746 8
37747 7
37748 12
37749 11
37750 11
37751 11
37752 3
37753 8
37754 11
37755 5
37756 12
37757 8
37758 14
37759 6
37760 8
37761 0
37762 14
37763 7
37764 12
37765 12
37766 2
37767 5
37768 12
37769 11
37770 0
37771 11
37772 10
37773 5
37774 10
37775 12
37776 8
37777 8
37778 11
37779 8
37780 12
37781 12
37782 6
37783 11
37784 5
37785 3
37786 10
37787 12
37788 9
37789 2
37790 11
37791 2
37792 8
37793 7
37794 8
37795 11
37796 11
37797 12
37798 3
37799 8
37800 12
37801 5
37802 12
37803 8
37804 10
37805 2
37806 5
37807 13
37808 8
37809 10
37810 8
37811 14
37812 14
37813 11
37814 12
37815 1
37816 14
37817 11
37818 11
37819 11
37820 8
37821 12
37822 5
37823 12
37824 11
37825 4
37826 8
37827 8
37828 14
37829 4
37830 4
37831 8
37832 11
37833 7
37834 9
37835 9
37836 0
37837 12
37838 7
37839 12
37840 10
37841 10
37842 6
37843 12
37844 3
37845 3
37846 11
37847 13
37848 5
37849 11
37850 8
37851 8
37852 5
37853 13
37854 11
37855 3
37856 8
37857 4
37858 2
37859 9
37860 8
37861 2
37862 10
37863 9
37864 5
37865 3
37866 7
37867 5
37868 10
37869 12
37870 3
37871 14
37872 14
37873 2
37874 10
37875 2
37876 2
37877 8
37878 4
37879 8
37880 3
37881 8
37882 13
37883 0
37884 5
37885 9
37886 6
37887 8
37888 10
37889 9
37890 5
37891 9
37892 2
37893 9
37894 12
37895 2
37896 9
37897 4
37898 12
37899 13
37900 6
37901 6
37902 14
37903 12
37904 4
37905 4
37906 9
37907 9
37908 13
37909 3
37910 7
37911 12
37912 12
37913 14
37914 10
37915 10
37916 9
37917 3
37918 12
37919 2
37920 1
37921 11
37922 2
37923 8
37924 6
37925 8
37926 12
37927 10
37928 0
37929 12
37930 5
37931 9
37932 11
37933 10
37934 12
37935 2
37936 3
37937 7
37938 2
37939 6
37940 9
37941 10
37942 13
37943 9
37944 7
37945 8
37946 1
37947 13
37948 12
37949 4
37950 8
37951 6
37952 7
37953 14
37954 7
37955 6
37956 11
37957 10
37958 10
37959 12
37960 1
37961 8
37962 13
37963 7
37964 0
37965 10
37966 10
37967 9
37968 10
37969 8
37970 9
37971 11
37972 14
37973 11
37974 13
37975 5
37976 3
37977 5
37978 8
37979 9
37980 9
37981 1
37982 9
37983 8
37984 6
37985 9
37986 7
37987 9
37988 8
37989 7
37990 4
37991 2
37992 8
37993 13
37994 9
37995 9
37996 10
37997 10
37998 4
37999 2
38000 14
38001 10
38002 3
38003 9
38004 0
38005 14
38006 3
38007 9
38008 9
38009 9
38010 9
38011 8
38012 5
38013 10
38014 9
38015 9
38016 9
38017 14
38018 9
38019 13
38020 14
38021 4
38022 9
38023 12
38024 7
38025 13
38026 13
38027 14
38028 10
38029 13
38030 10
38031 8
38032 5
38033 13
38034 14
38035 13
38036 13
38037 9
38038 5
38039 3
38040 14
38041 10
38042 9
38043 14
38044 9
38045 11
38046 3
38047 9
38048 5
38049 5
38050 3
38051 11
38052 12
38053 9
38054 10
38055 3
38056 4
38057 14
38058 13
38059 13
38060 11
38061 11
38062 9
38063 10
38064 10
38065 6
38066 1
38067 4
38068 9
38069 6
38070 9
38071 3
38072 14
38073 10
38074 13
38075 4
38076 14
38077 10
38078 14
38079 5
38080 14
38081 5
38082 8
38083 11
38084 7
38085 9
38086 14
38087 9
38088 14
38089 3
38090 3
38091 12
38092 11
38093 0
38094 3
38095 9
38096 1
38097 8
38098 13
38099 11
38100 3
38101 7
38102 9
38103 12
38104 14
38105 13
38106 3
38107 14
38108 14
38109 8
38110 13
38111 9
38112 13
38113 6
38114 3
38115 9
38116 7
38117 2
38118 9
38119 5
38120 6
38121 6
38122 5
38123 5
38124 2
38125 9
38126 12
38127 14
38128 14
38129 5
38130 11
38131 13
38132 13
38133 8
38134 14
38135 11
38136 14
38137 5
38138 5
38139 0
38140 5
38141 8
38142 11
38143 13
38144 9
38145 6
38146 13
38147 11
38148 7
38149 7
38150 14
38151 0
38152 11
38153 14
38154 1
38155 3
38156 4
38157 10
38158 8
38159 14
38160 8
38161 0
38162 6
38163 8
38164 7
38165 14
38166 13
38167 9
38168 3
38169 8
38170 14
38171 10
38172 9
38173 0
38174 13
38175 6
38176 7
38177 9
38178 11
38179 14
38180 10
38181 8
38182 9
38183 13
38184 7
38185 11
38186 2
38187 14
38188 3
38189 12
38190 14
38191 0
38192 11
38193 9
38194 13
38195 3
38196 8
38197 4
38198 12
38199 10
38200 5
38201 1
38202 13
38203 9
38204 1
38205 9
38206 13
38207 5
38208 14
38209 11
38210 13
38211 5
38212 13
38213 14
38214 9
38215 13
38216 13
38217 12
38218 13
38219 9
38220 9
38221 3
38222 10
38223 13
38224 13
38225 9
38226 14
38227 1
38228 7
38229 9
38230 10
38231 7
38232 1
38233 10
38234 1
38235 9
38236 9
38237 11
38238 5
38239 4
38240 1
38241 10
38242 12
38243 10
38244 0
38245 8
38246 14
38247 13
38248 0
38249 10
38250 13
38251 8
38252 14
38253 7
38254 14
38255 14
38256 12
38257 8
38258 9
38259 10
38260 12
38261 10
38262 4
38263 5
38264 14
38265 9
38266 8
38267 10
38268 3
38269 10
38270 14
38271 1
38272 14
38273 5
38274 2
38275 10
38276 12
38277 11
38278 11
38279 8
38280 5
38281 4
38282 2
38283 7
38284 14
38285 9
38286 7
38287 3
38288 8
38289 14
38290 4
38291 0
38292 14
38293 2
38294 2
38295 1
38296 0
38297 9
38298 8
38299 8
38300 13
38301 11
38302 11
38303 0
38304 14
38305 2
38306 13
38307 11
38308 14
38309 4
38310 7
38311 13
38312 12
38313 7
38314 11
38315 12
38316 0
38317 3
38318 8
38319 2
38320 7
38321 14
38322 9
38323 14
38324 3
38325 3
38326 11
38327 11
38328 9
38329 11
38330 6
38331 1
38332 10
38333 6
38334 10
38335 9
38336 10
38337 14
38338 14
38339 14
38340 3
38341 8
38342 12
38343 0
38344 5
38345 11
38346 3
38347 6
38348 3
38349 10
38350 0
38351 14
38352 2
38353 3
38354 6
38355 10
38356 10
38357 14
38358 6
38359 1
38360 11
38361 10
38362 3
38363 8
38364 8
38365 2
38366 14
38367 4
38368 11
38369 6
38370 2
38371 7
38372 11
38373 1
38374 11
38375 12
38376 14
38377 3
38378 3
38379 9
38380 0
38381 10
38382 5
38383 3
38384 10
38385 14
38386 14
38387 10
38388 14
38389 2
38390 8
38391 4
38392 10
38393 9
38394 13
38395 4
38396 12
38397 14
38398 13
38399 3
38400 3
38401 7
38402 10
38403 14
38404 11
38405 3
38406 14
38407 14
38408 13
38409 12
38410 7
38411 2
38412 10
38413 14
38414 3
38415 5
38416 7
38417 10
38418 3
38419 4
38420 5
38421 14
38422 8
38423 0
38424 4
38425 5
38426 1
38427 7
38428 9
38429 10
38430 5
38431 3
38432 13
38433 13
38434 14
38435 12
38436 14
38437 8
38438 1
38439 5
38440 4
38441 5
38442 14
38443 14
38444 11
38445 8
38446 8
38447 4
38448 11
38449 11
38450 4
38451 5
38452 11
38453 8
38454 14
38455 5
38456 5
38457 5
38458 11
38459 4
38460 5
38461 5
38462 14
38463 5
38464 14
38465 4
38466 1
38467 8
38468 14
38469 14
38470 11
38471 8
38472 9
38473 5
38474 8
38475 14
38476 4
38477 14
38478 4
38479 7
38480 8
38481 3
38482 0
38483 14
38484 4
38485 14
38486 14
38487 12
38488 2
38489 14
38490 14
38491 9
38492 11
38493 0
38494 13
38495 14
38496 14
38497 4
38498 2
38499 2
38500 11
38501 6
38502 4
38503 12
38504 9
38505 6
38506 5
38507 5
38508 7
38509 14
38510 4
38511 9
38512 13
38513 5
38514 14
38515 0
38516 9
38517 14
38518 14
38519 11
38520 4
38521 14
38522 4
38523 8
38524 11
38525 5
38526 4
38527 2
38528 4
38529 14
38530 14
38531 6
38532 5
38533 8
38534 8
38535 14
38536 7
38537 7
38538 9
38539 14
38540 12
38541 14
38542 9
38543 5
38544 10
38545 9
38546 1
38547 13
38548 5
38549 9
38550 11
38551 8
38552 12
38553 13
38554 14
38555 14
38556 4
38557 10
38558 14
38559 5
38560 9
38561 10
38562 14
38563 14
38564 0
38565 12
38566 5
38567 5
38568 7
38569 4
38570 9
38571 3
38572 4
38573 5
38574 11
38575 4
38576 8
38577 5
38578 7
38579 5
38580 6
38581 5
38582 5
38583 8
38584 12
38585 3
38586 3
38587 6
38588 9
38589 5
38590 14
38591 12
38592 5
38593 5
38594 2
38595 5
38596 8
38597 5
38598 5
38599 14
38600 5
38601 8
38602 14
38603 8
38604 5
38605 0
38606 14
38607 14
38608 11
38609 14
38610 9
38611 5
38612 13
38613 5
38614 5
38615 7
38616 5
38617 7
38618 7
38619 5
38620 1
38621 2
38622 4
38623 6
38624 4
38625 14
38626 1
38627 13
38628 5
38629 5
38630 5
38631 10
38632 5
38633 11
38634 12
38635 5
38636 11
38637 4
38638 9
38639 5
38640 14
38641 4
38642 4
38643 10
38644 14
38645 14
38646 2
38647 2
38648 2
38649 4
38650 2
38651 5
38652 11
38653 14
38654 2
38655 8
38656 4
38657 4
38658 5
38659 4
38660 5
38661 14
38662 4
38663 11
38664 13
38665 2
38666 13
38667 5
38668 5
38669 12
38670 5
38671 11
38672 8
38673 8
38674 11
38675 14
38676 5
38677 4
38678 7
38679 5
38680 5
38681 5
38682 5
38683 10
38684 7
38685 11
38686 7
38687 13
38688 5
38689 2
38690 14
38691 13
38692 5
38693 9
38694 11
38695 5
38696 5
38697 13
38698 5
38699 10
38700 14
38701 5
38702 12
38703 4
38704 4
38705 2
38706 4
38707 12
38708 11
38709 13
38710 3
38711 4
38712 13
38713 10
38714 0
38715 7
38716 4
38717 4
38718 2
38719 4
38720 5
38721 1
38722 5
38723 5
38724 4
38725 6
38726 5
38727 4
38728 5
38729 5
38730 4
38731 9
38732 5
38733 1
38734 2
38735 11
38736 12
38737 0
38738 5
38739 12
38740 1
38741 2
38742 4
38743 4
38744 4
38745 4
38746 5
38747 5
38748 5
38749 3
38750 5
38751 4
38752 5
38753 13
38754 11
38755 4
38756 1
38757 3
38758 4
38759 5
38760 11
38761 11
38762 3
38763 6
38764 3
38765 9
38766 9
38767 11
38768 7
38769 10
38770 3
38771 8
38772 9
38773 9
38774 3
38775 14
38776 8
38777 7
38778 11
38779 4
38780 14
38781 4
38782 7
38783 4
38784 14
38785 5
38786 7
38787 5
38788 11
38789 9
38790 4
38791 13
38792 4
38793 14
38794 10
38795 8
38796 4
38797 11
38798 8
38799 9
38800 8
38801 2
38802 8
38803 4
38804 8
38805 7
38806 7
38807 14
38808 12
38809 11
38810 10
38811 13
38812 9
38813 8
38814 5
38815 14
38816 12
38817 10
38818 14
38819 14
38820 3
38821 11
38822 6
38823 0
38824 3
38825 10
38826 11
38827 11
38828 4
38829 14
38830 7
38831 14
38832 4
38833 9
38834 8
38835 11
38836 7
38837 5
38838 3
38839 7
38840 4
38841 4
38842 3
38843 9
38844 6
38845 6
38846 11
38847 7
38848 10
38849 9
38850 4
38851 7
38852 8
38853 9
38854 7
38855 4
38856 4
38857 7
38858 8
38859 11
38860 14
38861 8
38862 9
38863 9
38864 9
38865 12
38866 4
38867 3
38868 4
38869 5
38870 4
38871 5
38872 1
38873 5
38874 5
38875 7
38876 12
38877 9
38878 5
38879 6
38880 2
38881 7
38882 12
38883 2
38884 0
38885 2
38886 0
38887 0
38888 2
38889 7
38890 11
38891 0
38892 0
38893 2
38894 0
38895 0
38896 8
38897 2
38898 2
38899 2
38900 0
38901 2
38902 8
38903 3
38904 13
38905 6
38906 4
38907 2
38908 3
38909 13
38910 7
38911 11
38912 3
38913 2
38914 5
38915 6
38916 2
38917 0
38918 14
38919 2
38920 2
38921 6
38922 6
38923 14
38924 7
38925 14
38926 7
38927 3
38928 2
38929 6
38930 0
38931 12
38932 2
38933 0
38934 8
38935 0
38936 2
38937 2
38938 6
38939 7
38940 7
38941 5
38942 2
38943 2
38944 6
38945 3
38946 0
38947 2
38948 14
38949 0
38950 7
38951 0
38952 2
38953 3
38954 0
38955 3
38956 7
38957 0
38958 0
38959 0
38960 12
38961 12
38962 7
38963 2
38964 7
38965 11
38966 2
38967 2
38968 3
38969 3
38970 8
38971 8
38972 6
38973 0
38974 0
38975 0
38976 6
38977 2
38978 0
38979 0
38980 8
38981 9
38982 7
38983 2
38984 2
38985 2
38986 7
38987 7
38988 11
38989 0
38990 11
38991 2
38992 2
38993 12
38994 8
38995 8
38996 2
38997 2
38998 3
38999 0
39000 7
39001 2
39002 2
39003 0
39004 11
39005 2
39006 3
39007 0
39008 2
39009 2
39010 3
39011 0
39012 8
39013 2
39014 2
39015 0
39016 0
39017 0
39018 0
39019 11
39020 0
39021 0
39022 3
39023 2
39024 2
39025 2
39026 8
39027 0
39028 0
39029 8
39030 7
39031 0
39032 0
39033 2
39034 0
39035 0
39036 2
39037 0
39038 2
39039 3
39040 0
39041 0
39042 7
39043 0
39044 0
39045 6
39046 0
39047 0
39048 0
39049 2
39050 3
39051 2
39052 2
39053 0
39054 5
39055 3
39056 6
39057 7
39058 3
39059 2
39060 2
39061 2
39062 2
39063 7
39064 7
39065 0
39066 2
39067 2
39068 0
39069 2
39070 5
39071 0
39072 2
39073 2
39074 0
39075 6
39076 0
39077 2
39078 3
39079 2
39080 11
39081 2
39082 0
39083 0
39084 3
39085 6
39086 2
39087 0
39088 8
39089 7
39090 2
39091 2
39092 11
39093 2
39094 0
39095 2
39096 6
39097 2
39098 3
39099 2
39100 2
39101 2
39102 0
39103 12
39104 7
39105 2
39106 2
39107 2
39108 2
39109 2
39110 2
39111 0
39112 2
39113 7
39114 2
39115 0
39116 6
39117 7
39118 0
39119 2
39120 2
39121 2
39122 0
39123 0
39124 3
39125 0
39126 2
39127 2
39128 8
39129 2
39130 3
39131 0
39132 2
39133 0
39134 0
39135 0
39136 0
39137 0
39138 14
39139 11
39140 6
39141 5
39142 14
39143 3
39144 0
39145 11
39146 2
39147 0
39148 11
39149 6
39150 2
39151 7
39152 2
39153 14
39154 0
39155 0
39156 7
39157 2
39158 5
39159 2
39160 7
39161 11
39162 2
39163 2
39164 8
39165 12
39166 12
39167 2
39168 2
39169 3
39170 6
39171 14
39172 2
39173 11
39174 3
39175 8
39176 7
39177 2
39178 2
39179 3
39180 3
39181 14
39182 0
39183 7
39184 11
39185 2
39186 7
39187 2
39188 2
39189 3
39190 6
39191 0
39192 8
39193 8
39194 2
39195 7
39196 0
39197 0
39198 2
39199 2
39200 2
39201 3
39202 2
39203 2
39204 2
39205 2
39206 2
39207 6
39208 0
39209 11
39210 0
39211 2
39212 2
39213 3
39214 8
39215 0
39216 3
39217 7
39218 2
39219 0
39220 7
39221 2
39222 6
39223 2
39224 2
39225 4
39226 2
39227 2
39228 7
39229 2
39230 12
39231 3
39232 11
39233 6
39234 6
39235 2
39236 2
39237 2
39238 0
39239 0
39240 2
39241 5
39242 3
39243 2
39244 7
39245 7
39246 8
39247 2
39248 2
39249 3
39250 2
39251 11
39252 0
39253 3
39254 0
39255 7
39256 3
39257 2
39258 7
39259 7
39260 6
39261 7
39262 2
39263 2
39264 7
39265 10
39266 7
39267 6
39268 6
39269 8
39270 6
39271 2
39272 0
39273 3
39274 0
39275 2
39276 7
39277 10
39278 6
39279 2
39280 2
39281 6
39282 0
39283 7
39284 0
39285 2
39286 2
39287 0
39288 0
39289 0
39290 2
39291 2
39292 6
39293 7
39294 6
39295 7
39296 2
39297 2
39298 3
39299 2
39300 6
39301 3
39302 5
39303 2
39304 11
39305 2
39306 2
39307 7
39308 7
39309 2
39310 2
39311 7
39312 7
39313 2
39314 7
39315 2
39316 6
39317 2
39318 2
39319 6
39320 2
39321 2
39322 12
39323 7
39324 2
39325 7
39326 0
39327 3
39328 7
39329 2
39330 3
39331 7
39332 7
39333 6
39334 3
39335 11
39336 7
39337 7
39338 2
39339 6
39340 10
39341 2
39342 3
39343 2
39344 8
39345 11
39346 8
39347 7
39348 3
39349 2
39350 2
39351 11
39352 2
39353 3
39354 8
39355 8
39356 7
39357 6
39358 11
39359 3
39360 7
39361 6
39362 8
39363 7
39364 2
39365 2
39366 2
39367 11
39368 3
39369 0
39370 2
39371 2
39372 2
39373 0
39374 7
39375 2
39376 0
39377 2
39378 0
39379 6
39380 0
39381 0
39382 0
39383 3
39384 2
39385 2
39386 2
39387 0
39388 2
39389 0
39390 2
39391 12
39392 10
39393 6
39394 2
39395 2
39396 0
39397 11
39398 0
39399 0
39400 2
39401 2
39402 7
39403 2
39404 3
39405 7
39406 2
39407 2
39408 3
39409 2
39410 3
39411 2
39412 2
39413 2
39414 3
39415 0
39416 0
39417 2
39418 0
39419 2
39420 0
39421 11
39422 0
39423 2
39424 2
39425 0
39426 2
39427 2
39428 3
39429 3
39430 0
39431 2
39432 0
39433 0
39434 0
39435 0
39436 2
39437 2
39438 7
39439 3
39440 6
39441 2
39442 3
39443 5
39444 2
39445 2
39446 0
39447 2
39448 2
39449 2
39450 2
39451 2
39452 2
39453 3
39454 3
39455 2
39456 2
39457 2
39458 3
39459 0
39460 3
39461 3
39462 8
39463 7
39464 2
39465 2
39466 11
39467 2
39468 12
39469 3
39470 7
39471 6
39472 4
39473 3
39474 2
39475 2
39476 2
39477 2
39478 2
39479 3
39480 2
39481 2
39482 0
39483 2
39484 2
39485 2
39486 2
39487 2
39488 6
39489 2
39490 10
39491 7
39492 2
39493 3
39494 3
39495 12
39496 2
39497 12
39498 7
39499 0
39500 7
39501 2
39502 2
39503 3
39504 2
39505 0
39506 0
39507 2
39508 11
39509 10
39510 0
39511 2
39512 0
39513 2
39514 0
39515 2
39516 2
39517 2
39518 0
39519 0
39520 8
39521 2
39522 3
39523 2
39524 0
39525 2
39526 0
39527 2
39528 2
39529 2
39530 7
39531 0
39532 2
39533 0
39534 0
39535 8
39536 2
39537 3
39538 7
39539 3
39540 2
39541 2
39542 3
39543 2
39544 2
39545 7
39546 0
39547 0
39548 0
39549 3
39550 7
39551 8
39552 7
39553 8
39554 0
39555 6
39556 2
39557 10
39558 2
39559 7
39560 0
39561 8
39562 2
39563 2
39564 2
39565 3
39566 2
39567 2
39568 0
39569 7
39570 0
39571 0
39572 0
39573 2
39574 0
39575 3
39576 0
39577 0
39578 2
39579 2
39580 3
39581 3
39582 2
39583 0
39584 0
39585 0
39586 8
39587 2
39588 2
39589 0
39590 0
39591 0
39592 2
39593 2
39594 3
39595 0
39596 2
39597 2
39598 2
39599 2
39600 8
39601 0
39602 2
39603 2
39604 3
39605 2
39606 2
39607 2
39608 2
39609 0
39610 0
39611 0
39612 2
39613 0
39614 0
39615 2
39616 2
39617 11
39618 2
39619 3
39620 2
39621 2
39622 2
39623 3
39624 2
39625 7
39626 2
39627 2
39628 7
39629 0
39630 7
39631 3
39632 2
39633 2
39634 0
39635 3
39636 2
39637 2
39638 2
39639 0
39640 0
39641 2
39642 0
39643 2
39644 0
39645 0
39646 0
39647 0
39648 0
39649 0
39650 11
39651 2
39652 3
39653 7
39654 2
39655 3
39656 2
39657 3
39658 2
39659 2
39660 2
39661 8
39662 3
39663 0
39664 2
39665 3
39666 2
39667 2
39668 2
39669 2
39670 0
39671 3
39672 2
39673 2
39674 2
39675 11
39676 8
39677 2
39678 2
39679 0
39680 0
39681 0
39682 0
39683 2
39684 0
39685 0
39686 0
39687 2
39688 0
39689 0
39690 2
39691 7
39692 2
39693 0
39694 0
39695 7
39696 3
39697 6
39698 0
39699 0
39700 0
39701 0
39702 0
39703 0
39704 0
39705 0
39706 2
39707 0
39708 0
39709 2
39710 0
39711 0
39712 0
39713 0
39714 7
39715 6
39716 0
39717 2
39718 3
39719 2
39720 2
39721 0
39722 2
39723 3
39724 3
39725 2
39726 7
39727 0
39728 2
39729 6
39730 0
39731 2
39732 2
39733 2
39734 2
39735 0
39736 0
39737 0
39738 12
39739 0
39740 3
39741 7
39742 2
39743 0
39744 2
39745 0
39746 11
39747 2
39748 2
39749 6
39750 12
39751 2
39752 2
39753 0
39754 3
39755 3
39756 3
39757 7
39758 6
39759 2
39760 2
39761 0
39762 3
39763 11
39764 3
39765 7
39766 2
39767 3
39768 2
39769 2
39770 5
39771 0
39772 6
39773 0
39774 6
39775 0
39776 2
39777 2
39778 7
39779 6
39780 2
39781 3
39782 0
39783 7
39784 0
39785 0
39786 14
39787 2
39788 3
39789 2
39790 1
39791 11
39792 0
39793 3
39794 0
39795 7
39796 7
39797 2
39798 0
39799 0
39800 0
39801 0
39802 0
39803 2
39804 2
39805 7
39806 7
39807 5
39808 14
39809 12
39810 2
39811 6
39812 10
39813 2
39814 11
39815 11
39816 3
39817 2
39818 1
39819 2
39820 4
39821 11
39822 12
39823 7
39824 6
39825 8
39826 6
39827 12
39828 6
39829 7
39830 5
39831 6
39832 2
39833 6
39834 6
39835 2
39836 11
39837 2
39838 6
39839 2
39840 12
39841 3
39842 12
39843 2
39844 2
39845 2
39846 0
39847 6
39848 3
39849 2
39850 2
39851 7
39852 0
39853 2
39854 0
39855 2
39856 2
39857 0
39858 0
39859 7
39860 0
39861 0
39862 0
39863 2
39864 10
39865 7
39866 11
39867 0
39868 3
39869 2
39870 2
39871 2
39872 0
39873 7
39874 2
39875 0
39876 0
39877 0
39878 6
39879 6
39880 3
39881 2
39882 3
39883 0
39884 2
39885 0
39886 2
39887 0
39888 0
39889 0
39890 0
39891 2
39892 0
39893 11
39894 2
39895 0
39896 2
39897 0
39898 0
39899 2
39900 0
39901 2
39902 0
39903 0
39904 7
39905 0
39906 0
39907 7
39908 3
39909 0
39910 2
39911 2
39912 0
39913 0
39914 0
39915 0
39916 2
39917 0
39918 2
39919 0
39920 0
39921 2
39922 0
39923 8
39924 2
39925 3
39926 0
39927 0
39928 2
39929 0
39930 3
39931 2
39932 0
39933 0
39934 3
39935 2
39936 0
39937 7
39938 0
39939 0
39940 2
39941 8
39942 2
39943 3
39944 3
39945 3
39946 3
39947 2
39948 2
39949 2
39950 0
39951 2
39952 0
39953 0
39954 2
39955 6
39956 0
39957 6
39958 2
39959 2
39960 0
39961 0
39962 0
39963 0
39964 7
39965 3
39966 0
39967 2
39968 3
39969 0
39970 2
39971 11
39972 2
39973 2
39974 0
39975 2
39976 2
39977 3
39978 7
39979 0
39980 0
39981 2
39982 2
39983 0
39984 2
39985 2
39986 11
39987 0
39988 2
39989 0
39990 0
39991 2
39992 0
39993 0
39994 0
39995 0
39996 0
39997 2
39998 2
39999 0
40000 2
40001 0
40002 2
40003 2
40004 0
40005 2
40006 0
40007 8
40008 0
40009 0
40010 2
40011 2
40012 2
40013 0
40014 6
40015 0
40016 7
40017 7
40018 6
40019 2
40020 2
40021 14
40022 0
40023 2
40024 8
40025 2
40026 2
40027 7
40028 2
40029 2
40030 0
40031 3
40032 2
40033 0
40034 8
40035 3
40036 3
40037 8
40038 2
40039 0
40040 0
40041 0
40042 2
40043 0
40044 0
40045 2
40046 6
40047 0
40048 2
40049 2
40050 0
40051 7
40052 0
40053 0
40054 2
40055 0
40056 8
40057 0
40058 0
40059 11
40060 2
40061 0
40062 0
40063 2
40064 0
40065 3
40066 6
40067 0
40068 2
40069 0
40070 0
40071 0
40072 2
40073 0
40074 0
40075 0
40076 3
40077 2
40078 2
40079 0
40080 0
40081 3
40082 0
40083 0
40084 0
40085 0
40086 3
40087 0
40088 0
40089 6
40090 0
40091 0
40092 7
40093 8
40094 3
40095 2
40096 2
40097 0
40098 2
40099 0
40100 2
40101 2
40102 0
40103 2
40104 2
40105 0
40106 6
40107 0
40108 2
40109 2
40110 2
40111 6
40112 0
40113 2
40114 2
40115 5
40116 6
40117 14
40118 7
40119 3
40120 7
40121 3
40122 3
40123 8
40124 8
40125 2
40126 3
40127 3
40128 0
40129 6
40130 7
40131 2
40132 2
40133 0
40134 7
40135 0
40136 2
40137 3
40138 7
40139 11
40140 6
40141 6
40142 0
40143 2
40144 2
40145 2
40146 7
40147 2
40148 6
40149 2
40150 6
40151 7
40152 2
40153 2
40154 0
40155 3
40156 0
40157 0
40158 3
40159 0
40160 0
40161 0
40162 0
40163 3
40164 2
40165 2
40166 3
40167 3
40168 2
40169 2
40170 3
40171 2
40172 0
40173 2
40174 2
40175 0
40176 6
40177 3
40178 2
40179 8
40180 7
40181 2
40182 0
40183 0
40184 0
40185 2
40186 10
40187 0
40188 0
40189 2
40190 2
40191 7
40192 2
40193 0
40194 0
40195 2
40196 8
40197 0
40198 6
40199 0
40200 2
40201 2
40202 0
40203 2
40204 3
40205 0
40206 2
40207 2
40208 3
40209 0
40210 0
40211 0
40212 0
40213 3
40214 2
40215 3
40216 2
40217 0
40218 2
40219 10
40220 7
40221 2
40222 12
40223 2
40224 2
40225 2
40226 2
40227 2
40228 11
40229 2
40230 0
40231 0
40232 3
40233 2
40234 3
40235 0
40236 7
40237 9
40238 2
40239 2
40240 7
40241 7
40242 7
40243 2
40244 2
40245 7
40246 12
40247 8
40248 2
40249 10
40250 2
40251 2
40252 2
40253 8
40254 7
40255 2
40256 2
40257 2
40258 2
40259 2
40260 2
40261 11
40262 7
40263 2
40264 3
40265 7
40266 2
40267 0
40268 2
40269 0
40270 2
40271 14
40272 3
40273 2
40274 2
40275 8
40276 2
40277 2
40278 3
40279 2
40280 0
40281 6
40282 5
40283 2
40284 7
40285 7
40286 2
40287 0
40288 8
40289 0
40290 6
40291 0
40292 0
40293 7
40294 2
40295 6
40296 0
40297 2
40298 7
40299 2
40300 2
40301 0
40302 0
40303 0
40304 0
40305 7
40306 2
40307 2
40308 0
40309 3
40310 7
40311 0
40312 2
40313 7
40314 2
40315 11
40316 2
40317 0
40318 6
40319 2
40320 2
40321 2
40322 0
40323 7
40324 0
40325 0
40326 7
40327 2
40328 0
40329 2
40330 0
40331 2
40332 0
40333 2
40334 2
40335 0
40336 2
40337 0
40338 2
40339 2
40340 2
40341 0
40342 0
40343 0
40344 0
40345 2
40346 2
40347 8
40348 7
40349 2
40350 2
40351 3
40352 2
40353 0
40354 6
40355 2
40356 0
40357 0
40358 2
40359 2
40360 0
40361 0
40362 0
40363 2
40364 7
40365 3
40366 0
40367 0
40368 0
40369 3
40370 0
40371 2
40372 2
40373 7
40374 8
40375 6
40376 2
40377 0
40378 0
40379 2
40380 0
40381 0
40382 2
40383 7
40384 2
40385 2
40386 11
40387 0
40388 7
40389 2
40390 0
40391 10
40392 2
40393 2
40394 8
40395 8
40396 7
40397 3
40398 2
40399 6
40400 3
40401 0
40402 2
40403 0
40404 0
40405 2
40406 2
40407 2
40408 2
40409 0
40410 6
40411 3
40412 2
40413 7
40414 0
40415 0
40416 0
40417 0
40418 3
40419 2
40420 11
40421 0
40422 2
40423 5
40424 2
40425 2
40426 2
40427 8
40428 2
40429 3
40430 2
40431 0
40432 0
40433 0
40434 8
40435 0
40436 11
40437 2
40438 6
40439 2
40440 0
40441 8
40442 7
40443 0
40444 0
40445 2
40446 10
40447 3
40448 11
40449 0
40450 0
40451 2
40452 0
40453 0
40454 3
40455 3
40456 0
40457 0
40458 0
40459 2
40460 2
40461 2
40462 2
40463 7
40464 0
40465 3
40466 0
40467 2
40468 7
40469 2
40470 6
40471 0
40472 3
40473 0
40474 0
40475 0
40476 0
40477 2
40478 0
40479 0
40480 0
40481 0
40482 6
40483 0
40484 0
40485 2
40486 2
40487 0
40488 0
40489 2
40490 2
40491 0
40492 2
40493 2
40494 2
40495 0
40496 2
40497 0
40498 2
40499 2
40500 2
40501 8
40502 7
40503 3
40504 2
40505 2
40506 2
40507 0
40508 0
40509 2
40510 2
40511 0
40512 2
40513 0
40514 0
40515 2
40516 2
40517 0
40518 2
40519 2
40520 2
40521 2
40522 0
40523 2
40524 2
40525 2
40526 0
40527 2
40528 0
40529 7
40530 0
40531 0
40532 0
40533 0
40534 0
40535 0
40536 2
40537 0
40538 2
40539 0
40540 0
40541 2
40542 2
40543 2
40544 3
40545 2
40546 2
40547 2
40548 2
40549 2
40550 3
40551 2
40552 0
40553 0
40554 7
40555 0
40556 0
40557 0
40558 0
40559 0
40560 2
40561 0
40562 0
40563 0
40564 0
40565 6
40566 0
40567 0
40568 0
40569 0
40570 0
40571 0
40572 0
40573 0
40574 0
40575 0
40576 0
40577 0
40578 0
40579 0
40580 2
40581 2
40582 7
40583 0
40584 0
40585 3
40586 0
40587 2
40588 6
40589 0
40590 0
40591 0
40592 7
40593 0
40594 0
40595 0
40596 0
40597 0
40598 0
40599 6
40600 0
40601 0
40602 2
40603 6
40604 6
40605 2
40606 2
40607 3
40608 3
40609 0
40610 2
40611 2
40612 2
40613 0
40614 2
40615 3
40616 6
40617 6
40618 2
40619 0
40620 3
40621 0
40622 2
40623 0
40624 2
40625 2
40626 2
40627 7
40628 11
40629 0
40630 7
40631 7
40632 0
40633 8
40634 11
40635 2
40636 3
40637 2
40638 6
40639 2
40640 0
40641 0
40642 2
40643 0
40644 0
40645 0
40646 2
40647 2
40648 3
40649 10
40650 3
40651 2
40652 2
40653 2
40654 0
40655 0
40656 2
40657 0
40658 0
40659 0
40660 0
40661 0
40662 6
40663 0
40664 0
40665 2
40666 0
40667 6
40668 0
40669 0
40670 0
40671 0
40672 0
40673 0
40674 2
40675 0
40676 2
40677 0
40678 0
40679 0
40680 0
40681 0
40682 0
40683 0
40684 0
40685 2
40686 7
40687 0
40688 0
40689 3
40690 2
40691 8
40692 3
40693 0
40694 2
40695 2
40696 6
40697 10
40698 0
40699 0
40700 0
40701 2
40702 2
40703 3
40704 0
40705 2
40706 0
40707 2
40708 0
40709 0
40710 2
40711 2
40712 2
40713 0
40714 0
40715 3
40716 2
40717 2
40718 0
40719 7
40720 0
40721 0
40722 0
40723 0
40724 0
40725 0
40726 2
40727 0
40728 2
40729 7
40730 0
40731 14
40732 2
40733 7
40734 3
40735 11
40736 2
40737 2
40738 2
40739 2
40740 2
40741 0
40742 0
40743 2
40744 2
40745 0
40746 0
40747 2
40748 7
40749 0
40750 7
40751 2
40752 2
40753 6
40754 6
40755 11
40756 7
40757 3
40758 0
40759 11
40760 11
40761 14
40762 2
40763 2
40764 0
40765 0
40766 11
40767 2
40768 2
40769 2
40770 2
40771 2
40772 0
40773 6
40774 0
40775 0
40776 0
40777 3
40778 0
40779 0
40780 0
40781 7
40782 2
40783 0
40784 2
40785 2
40786 2
40787 0
40788 2
40789 2
40790 2
40791 0
40792 2
40793 2
40794 0
40795 3
40796 0
40797 2
40798 0
40799 2
40800 2
40801 0
40802 0
40803 3
40804 2
40805 2
40806 2
40807 2
40808 2
40809 7
40810 6
40811 6
40812 3
40813 8
40814 7
40815 0
40816 3
40817 0
40818 2
40819 2
40820 0
40821 2
40822 2
40823 0
40824 3
40825 0
40826 2
40827 0
40828 3
40829 2
40830 0
40831 2
40832 0
40833 0
40834 0
40835 2
40836 2
40837 3
40838 0
40839 2
40840 0
40841 0
40842 0
40843 0
40844 2
40845 0
40846 0
40847 2
40848 0
40849 2
40850 3
40851 2
40852 0
40853 0
40854 0
40855 2
40856 0
40857 0
40858 2
40859 2
40860 0
40861 0
40862 2
40863 0
40864 0
40865 10
40866 0
40867 8
40868 2
40869 2
40870 0
40871 0
40872 2
40873 2
40874 7
40875 7
40876 0
40877 2
40878 0
40879 2
40880 2
40881 2
40882 2
40883 8
40884 6
40885 7
40886 2
40887 2
40888 7
40889 0
40890 6
40891 3
40892 2
40893 2
40894 0
40895 0
40896 0
40897 2
40898 2
40899 2
40900 0
40901 7
40902 2
40903 0
40904 0
40905 7
40906 0
40907 2
40908 8
40909 0
40910 6
40911 2
40912 0
40913 2
40914 2
40915 2
40916 0
40917 0
40918 0
40919 2
40920 2
40921 0
40922 2
40923 2
40924 0
40925 0
40926 2
40927 0
40928 0
40929 0
40930 7
40931 0
40932 0
40933 2
40934 0
40935 0
40936 0
40937 0
40938 0
40939 0
40940 0
40941 0
40942 0
40943 0
40944 0
40945 0
40946 0
40947 0
40948 0
40949 0
40950 6
40951 0
40952 2
40953 2
40954 2
40955 0
40956 0
40957 0
40958 0
40959 3
40960 0
40961 0
40962 2
40963 2
40964 0
40965 2
40966 0
40967 2
40968 0
40969 0
40970 7
40971 2
40972 0
40973 0
40974 3
40975 0
40976 0
40977 0
40978 0
40979 0
40980 0
40981 0
40982 2
40983 7
40984 0
40985 3
40986 0
40987 2
40988 0
40989 3
40990 2
40991 7
40992 0
40993 3
40994 0
40995 7
40996 2
40997 0
40998 2
40999 0
41000 14
41001 6
41002 7
41003 2
41004 3
41005 2
41006 2
41007 8
41008 2
41009 3
41010 2
41011 2
41012 0
41013 6
41014 11
41015 0
41016 2
41017 3
41018 0
41019 2
41020 7
41021 0
41022 0
41023 0
41024 2
41025 0
41026 2
41027 0
41028 3
41029 0
41030 0
41031 0
41032 0
41033 2
41034 0
41035 2
41036 2
41037 7
41038 0
41039 0
41040 8
41041 2
41042 2
41043 2
41044 0
41045 2
41046 8
41047 3
41048 0
41049 2
41050 2
41051 2
41052 0
41053 2
41054 11
41055 2
41056 2
41057 7
41058 7
41059 2
41060 6
41061 3
41062 2
41063 0
41064 6
41065 14
41066 2
41067 3
41068 0
41069 7
41070 0
41071 2
41072 3
41073 3
41074 5
41075 2
41076 2
41077 0
41078 2
41079 3
41080 2
41081 7
41082 2
41083 3
41084 0
41085 0
41086 2
41087 2
41088 0
41089 2
41090 0
41091 2
41092 0
41093 0
41094 0
41095 3
41096 0
41097 7
41098 2
41099 2
41100 3
41101 0
41102 2
41103 0
41104 2
41105 0
41106 0
41107 2
41108 7
41109 0
41110 0
41111 0
41112 0
41113 3
41114 2
41115 0
41116 3
41117 3
41118 0
41119 0
41120 0
41121 0
41122 0
41123 0
41124 2
41125 2
41126 7
41127 2
41128 2
41129 0
41130 7
41131 7
41132 7
41133 3
41134 2
41135 7
41136 2
41137 6
41138 3
41139 2
41140 3
41141 6
41142 0
41143 0
41144 0
41145 3
41146 0
41147 0
41148 2
41149 6
41150 3
41151 3
41152 7
41153 1
41154 7
41155 2
41156 2
41157 2
41158 8
41159 2
41160 2
41161 2
41162 2
41163 0
41164 0
41165 2
41166 2
41167 0
41168 3
41169 2
41170 2
41171 2
41172 2
41173 3
41174 3
41175 2
41176 2
41177 3
41178 3
41179 7
41180 0
41181 2
41182 2
41183 0
41184 11
41185 0
41186 0
41187 2
41188 2
41189 2
41190 0
41191 0
41192 2
41193 0
41194 2
41195 3
41196 6
41197 0
41198 2
41199 0
41200 3
41201 3
41202 2
41203 2
41204 0
41205 2
41206 2
41207 8
41208 0
41209 2
41210 2
41211 2
41212 7
41213 3
41214 2
41215 0
41216 0
41217 2
41218 7
41219 7
41220 0
41221 8
41222 2
41223 0
41224 0
41225 2
41226 6
41227 3
41228 0
41229 2
41230 0
41231 0
41232 2
41233 0
41234 2
41235 0
41236 2
41237 3
41238 2
41239 2
41240 2
41241 0
41242 8
41243 7
41244 2
41245 0
41246 2
41247 6
41248 0
41249 0
41250 7
41251 0
41252 2
41253 2
41254 0
41255 0
41256 6
41257 2
41258 0
41259 0
41260 0
41261 2
41262 0
41263 2
41264 2
41265 0
41266 0
41267 7
41268 8
41269 2
41270 0
41271 2
41272 0
41273 8
41274 0
41275 2
41276 2
41277 3
41278 0
41279 0
41280 0
41281 6
41282 0
41283 0
41284 0
41285 0
41286 2
41287 0
41288 0
41289 2
41290 3
41291 2
41292 2
41293 0
41294 2
41295 2
41296 0
41297 2
41298 0
41299 0
41300 3
41301 0
41302 0
41303 0
41304 0
41305 6
41306 2
41307 2
41308 0
41309 0
41310 0
41311 0
41312 0
41313 3
41314 2
41315 2
41316 2
41317 2
41318 11
41319 2
41320 6
41321 2
41322 7
41323 0
41324 2
41325 0
41326 6
41327 2
41328 2
41329 2
41330 2
41331 2
41332 2
41333 0
41334 11
41335 0
41336 2
41337 2
41338 8
41339 0
41340 11
41341 2
41342 2
41343 2
41344 0
41345 2
41346 2
41347 0
41348 0
41349 0
41350 2
41351 7
41352 2
41353 2
41354 2
41355 2
41356 0
41357 3
41358 3
41359 0
41360 0
41361 0
41362 2
41363 0
41364 2
41365 2
41366 2
41367 0
41368 7
41369 2
41370 0
41371 2
41372 0
41373 0
41374 2
41375 0
41376 12
41377 2
41378 3
41379 2
41380 0
41381 7
41382 0
41383 0
41384 6
41385 0
41386 2
41387 0
41388 2
41389 7
41390 2
41391 6
41392 2
41393 2
41394 0
41395 2
41396 0
41397 0
41398 3
41399 0
41400 2
41401 0
41402 2
41403 7
41404 2
41405 2
41406 0
41407 2
41408 2
41409 8
41410 2
41411 0
41412 2
41413 0
41414 2
41415 3
41416 2
41417 3
41418 2
41419 0
41420 2
41421 0
41422 2
41423 0
41424 0
41425 0
41426 0
41427 0
41428 0
41429 0
41430 2
41431 2
41432 0
41433 2
41434 3
41435 2
41436 2
41437 0
41438 2
41439 2
41440 0
41441 0
41442 2
41443 2
41444 0
41445 2
41446 0
41447 2
41448 0
41449 2
41450 0
41451 2
41452 2
41453 0
41454 2
41455 0
41456 0
41457 2
41458 2
41459 2
41460 0
41461 0
41462 0
41463 0
41464 2
41465 2
41466 2
41467 6
41468 7
41469 3
41470 7
41471 2
41472 0
41473 0
41474 2
41475 7
41476 10
41477 0
41478 7
41479 0
41480 0
41481 2
41482 2
41483 7
41484 8
41485 11
41486 2
41487 7
41488 11
41489 12
41490 2
41491 10
41492 5
41493 7
41494 14
41495 7
41496 12
41497 2
41498 10
41499 7
41500 7
41501 11
41502 2
41503 11
41504 7
41505 7
41506 2
41507 7
41508 0
41509 2
41510 11
41511 10
41512 2
41513 7
41514 2
41515 6
41516 6
41517 6
41518 7
41519 12
41520 6
41521 7
41522 3
41523 2
41524 2
41525 14
41526 6
41527 11
41528 12
41529 13
41530 0
41531 2
41532 0
41533 6
41534 6
41535 6
41536 2
41537 6
41538 6
41539 7
41540 6
41541 6
41542 6
41543 6
41544 13
41545 6
41546 6
41547 12
41548 6
41549 11
41550 11
41551 10
41552 6
41553 6
41554 8
41555 8
41556 6
41557 11
41558 10
41559 5
41560 4
41561 6
41562 2
41563 12
41564 6
41565 6
41566 12
41567 14
41568 6
41569 3
41570 2
41571 6
41572 6
41573 12
41574 12
41575 12
41576 6
41577 8
41578 12
41579 7
41580 2
41581 5
41582 10
41583 3
41584 2
41585 11
41586 3
41587 10
41588 12
41589 0
41590 3
41591 7
41592 3
41593 3
41594 8
41595 2
41596 3
41597 2
41598 6
41599 10
41600 3
41601 3
41602 2
41603 8
41604 11
41605 11
41606 8
41607 7
41608 11
41609 2
41610 10
41611 2
41612 3
41613 11
41614 3
41615 0
41616 2
41617 2
41618 7
41619 3
41620 8
41621 7
41622 10
41623 11
41624 2
41625 10
41626 5
41627 0
41628 2
41629 2
41630 0
41631 2
41632 3
41633 3
41634 2
41635 3
41636 0
41637 7
41638 2
41639 0
41640 3
41641 3
41642 2
41643 0
41644 8
41645 7
41646 2
41647 0
41648 0
41649 0
41650 0
41651 7
41652 2
41653 6
41654 10
41655 11
41656 2
41657 12
41658 6
41659 10
41660 7
41661 2
41662 2
41663 2
41664 2
41665 0
41666 2
41667 7
41668 2
41669 3
41670 2
41671 10
41672 2
41673 2
41674 2
41675 14
41676 2
41677 2
41678 6
41679 14
41680 2
41681 7
41682 11
41683 11
41684 5
41685 7
41686 3
41687 12
41688 2
41689 3
41690 10
41691 3
41692 3
41693 7
41694 6
41695 2
41696 6
41697 14
41698 7
41699 0
41700 3
41701 3
41702 7
41703 2
41704 14
41705 12
41706 4
41707 3
41708 6
41709 3
41710 7
41711 8
41712 8
41713 12
41714 7
41715 7
41716 6
41717 3
41718 2
41719 2
41720 2
41721 10
41722 2
41723 11
41724 9
41725 2
41726 6
41727 8
41728 7
41729 2
41730 2
41731 11
41732 2
41733 2
41734 7
41735 3
41736 2
41737 14
41738 2
41739 6
41740 6
41741 3
41742 6
41743 2
41744 2
41745 2
41746 7
41747 7
41748 0
41749 11
41750 0
41751 8
41752 2
41753 3
41754 2
41755 3
41756 2
41757 2
41758 3
41759 2
41760 3
41761 2
41762 10
41763 11
41764 2
41765 0
41766 7
41767 5
41768 0
41769 3
41770 0
41771 11
41772 0
41773 0
41774 2
41775 0
41776 2
41777 2
41778 0
41779 2
41780 2
41781 0
41782 0
41783 8
41784 12
41785 3
41786 7
41787 6
41788 6
41789 7
41790 6
41791 6
41792 10
41793 3
41794 12
41795 6
41796 12
41797 12
41798 7
41799 14
41800 12
41801 12
41802 12
41803 6
41804 11
41805 6
41806 14
41807 11
41808 6
41809 7
41810 6
41811 7
41812 6
41813 11
41814 3
41815 12
41816 8
41817 6
41818 11
41819 3
41820 3
41821 7
41822 10
41823 6
41824 6
41825 3
41826 6
41827 5
41828 11
41829 2
41830 7
41831 4
41832 6
41833 12
41834 8
41835 12
41836 10
41837 11
41838 11
41839 6
41840 6
41841 3
41842 6
41843 2
41844 2
41845 1
41846 3
41847 7
41848 12
41849 13
41850 12
41851 2
41852 11
41853 11
41854 8
41855 7
41856 2
41857 11
41858 7
41859 12
41860 12
41861 7
41862 10
41863 12
41864 2
41865 6
41866 12
41867 10
41868 6
41869 2
41870 6
41871 9
41872 8
41873 8
41874 3
41875 3
41876 0
41877 10
41878 3
41879 11
41880 2
41881 12
41882 0
41883 2
41884 12
41885 3
41886 6
41887 2
41888 3
41889 11
41890 5
41891 2
41892 6
41893 6
41894 3
41895 10
41896 3
41897 8
41898 1
41899 14
41900 8
41901 8
41902 6
41903 12
41904 8
41905 7
41906 11
41907 7
41908 12
41909 5
41910 2
41911 2
41912 11
41913 2
41914 2
41915 2
41916 0
41917 2
41918 0
41919 0
41920 0
41921 2
41922 3
41923 6
41924 2
41925 3
41926 2
41927 2
41928 2
41929 3
41930 0
41931 0
41932 7
41933 2
41934 2
41935 0
41936 2
41937 0
41938 0
41939 2
41940 7
41941 8
41942 7
41943 6
41944 0
41945 2
41946 8
41947 3
41948 3
41949 12
41950 0
41951 2
41952 2
41953 0
41954 0
41955 7
41956 2
41957 2
41958 0
41959 3
41960 2
41961 0
41962 2
41963 2
41964 2
41965 2
41966 2
41967 0
41968 2
41969 3
41970 3
41971 7
41972 5
41973 12
41974 2
41975 2
41976 11
41977 10
41978 6
41979 3
41980 8
41981 7
41982 2
41983 8
41984 2
41985 3
41986 2
41987 11
41988 3
41989 7
41990 4
41991 3
41992 12
41993 2
41994 7
41995 2
41996 11
41997 14
41998 5
41999 6
42000 3
42001 7
42002 11
42003 3
42004 2
42005 11
42006 2
42007 3
42008 11
42009 3
42010 2
42011 5
42012 3
42013 2
42014 6
42015 9
42016 3
42017 10
42018 7
42019 3
42020 3
42021 14
42022 7
42023 12
42024 3
42025 2
42026 2
42027 11
42028 2
42029 2
42030 2
42031 0
42032 2
42033 0
42034 2
42035 0
42036 2
42037 3
42038 2
42039 2
42040 2
42041 11
42042 6
42043 7
42044 0
42045 3
42046 0
42047 3
42048 0
42049 3
42050 0
42051 2
42052 0
42053 0
42054 2
42055 2
42056 0
42057 2
42058 2
42059 2
42060 2
42061 2
42062 2
42063 7
42064 14
42065 2
42066 7
42067 3
42068 11
42069 2
42070 6
42071 0
42072 0
42073 2
42074 2
42075 0
42076 2
42077 0
42078 2
42079 3
42080 3
42081 2
42082 3
42083 2
42084 0
42085 2
42086 2
42087 2
42088 2
42089 0
42090 2
42091 2
42092 3
42093 0
42094 2
42095 7
42096 2
42097 0
42098 7
42099 0
42100 2
42101 2
42102 0
42103 0
42104 0
42105 0
42106 0
42107 0
42108 7
42109 0
42110 0
42111 0
42112 0
42113 2
42114 0
42115 0
42116 0
42117 0
42118 2
42119 2
42120 2
42121 2
42122 2
42123 0
42124 0
42125 7
42126 8
42127 2
42128 6
42129 2
42130 2
42131 2
42132 2
42133 0
42134 0
42135 0
42136 3
42137 0
42138 2
42139 0
42140 0
42141 2
42142 0
42143 3
42144 2
42145 0
42146 2
42147 3
42148 7
42149 3
42150 2
42151 0
42152 2
42153 2
42154 0
42155 0
42156 2
42157 6
42158 6
42159 0
42160 13
42161 0
42162 11
42163 2
42164 2
42165 0
42166 2
42167 2
42168 0
42169 7
42170 0
42171 7
42172 0
42173 11
42174 2
42175 3
42176 7
42177 0
42178 0
42179 0
42180 2
42181 0
42182 6
42183 2
42184 0
42185 0
42186 3
42187 3
42188 2
42189 2
42190 0
42191 0
42192 2
42193 2
42194 3
42195 2
42196 0
42197 0
42198 0
42199 2
42200 2
42201 3
42202 2
42203 0
42204 2
42205 3
42206 8
42207 7
42208 0
42209 3
42210 2
42211 2
42212 7
42213 0
42214 2
42215 6
42216 11
42217 3
42218 0
42219 2
42220 8
42221 0
42222 0
42223 7
42224 0
42225 0
42226 0
42227 2
42228 2
42229 0
42230 0
42231 8
42232 0
42233 0
42234 0
42235 0
42236 0
42237 0
42238 0
42239 0
42240 0
42241 11
42242 8
42243 2
42244 0
42245 0
42246 0
42247 0
42248 0
42249 2
42250 3
42251 0
42252 0
42253 11
42254 2
42255 2
42256 0
42257 7
42258 2
42259 2
42260 0
42261 0
42262 2
42263 2
42264 2
42265 3
42266 0
42267 2
42268 0
42269 0
42270 0
42271 0
42272 0
42273 2
42274 0
42275 0
42276 0
42277 0
42278 6
42279 2
42280 0
42281 0
42282 7
42283 0
42284 0
42285 0
42286 0
42287 0
42288 0
42289 0
42290 0
42291 0
42292 0
42293 0
42294 0
42295 2
42296 0
42297 0
42298 0
42299 0
42300 0
42301 2
42302 0
42303 3
42304 2
42305 0
42306 2
42307 0
42308 3
42309 2
42310 2
42311 0
42312 11
42313 0
42314 2
42315 2
42316 2
42317 7
42318 0
42319 0
42320 2
42321 2
42322 2
42323 3
42324 2
42325 7
42326 0
42327 7
42328 3
42329 3
42330 2
42331 2
42332 11
42333 2
42334 2
42335 2
42336 8
42337 3
42338 3
42339 2
42340 8
42341 2
42342 12
42343 6
42344 3
42345 2
42346 7
42347 2
42348 2
42349 0
42350 0
42351 3
42352 2
42353 3
42354 2
42355 7
42356 2
42357 2
42358 6
42359 6
42360 2
42361 3
42362 2
42363 0
42364 3
42365 3
42366 3
42367 3
42368 0
42369 2
42370 7
42371 2
42372 0
42373 6
42374 3
42375 2
42376 2
42377 2
42378 3
42379 7
42380 6
42381 0
42382 0
42383 2
42384 3
42385 0
42386 3
42387 0
42388 0
42389 2
42390 0
42391 2
42392 2
42393 2
42394 0
42395 2
42396 2
42397 0
42398 2
42399 3
42400 7
42401 2
42402 2
42403 2
42404 2
42405 0
42406 2
42407 2
42408 2
42409 7
42410 2
42411 2
42412 2
42413 0
42414 11
42415 2
42416 2
42417 2
42418 7
42419 10
42420 2
42421 3
42422 2
42423 2
42424 3
42425 2
42426 2
42427 2
42428 3
42429 0
42430 0
42431 2
42432 0
42433 2
42434 2
42435 2
42436 8
42437 0
42438 8
42439 2
42440 2
42441 2
42442 7
42443 11
42444 14
42445 2
42446 2
42447 2
42448 8
42449 2
42450 7
42451 2
42452 7
42453 0
42454 2
42455 2
42456 2
42457 2
42458 7
42459 2
42460 0
42461 7
42462 0
42463 8
42464 0
42465 0
42466 2
42467 2
42468 2
42469 2
42470 3
42471 2
42472 2
42473 0
42474 7
42475 2
42476 7
42477 0
42478 0
42479 2
42480 0
42481 2
42482 2
42483 2
42484 0
42485 6
42486 2
42487 2
42488 12
42489 2
42490 2
42491 11
42492 3
42493 3
42494 0
42495 8
42496 5
42497 2
42498 6
42499 0
42500 2
42501 3
42502 7
42503 6
42504 2
42505 6
42506 0
42507 0
42508 3
42509 0
42510 2
42511 0
42512 0
42513 2
42514 2
42515 0
42516 2
42517 2
42518 7
42519 2
42520 0
42521 2
42522 7
42523 3
42524 0
42525 2
42526 0
42527 2
42528 0
42529 6
42530 3
42531 3
42532 6
42533 7
42534 2
42535 8
42536 6
42537 0
42538 0
42539 11
42540 14
42541 0
42542 3
42543 2
42544 7
42545 2
42546 2
42547 2
42548 3
42549 3
42550 0
42551 8
42552 10
42553 6
42554 1
42555 8
42556 11
42557 10
42558 3
42559 7
42560 8
42561 11
42562 2
42563 14
42564 3
42565 12
42566 3
42567 0
42568 2
42569 6
42570 0
42571 2
42572 7
42573 3
42574 3
42575 11
42576 3
42577 6
42578 3
42579 2
42580 2
42581 6
42582 11
42583 7
42584 2
42585 7
42586 2
42587 7
42588 11
42589 3
42590 3
42591 6
42592 6
42593 3
42594 5
42595 10
42596 14
42597 3
42598 2
42599 2
42600 2
42601 2
42602 6
42603 2
42604 2
42605 2
42606 3
42607 11
42608 3
42609 2
42610 2
42611 2
42612 0
42613 2
42614 2
42615 3
42616 2
42617 3
42618 0
42619 8
42620 6
42621 2
42622 10
42623 3
42624 9
42625 2
42626 6
42627 10
42628 3
42629 4
42630 12
42631 11
42632 2
42633 6
42634 7
42635 0
42636 12
42637 10
42638 12
42639 12
42640 3
42641 7
42642 11
42643 6
42644 6
42645 3
42646 6
42647 2
42648 9
42649 3
42650 3
42651 7
42652 2
42653 7
42654 10
42655 10
42656 3
42657 2
42658 7
42659 3
42660 2
42661 7
42662 2
42663 12
42664 11
42665 1
42666 3
42667 2
42668 7
42669 2
42670 10
42671 1
42672 3
42673 7
42674 0
42675 7
42676 2
42677 7
42678 6
42679 2
42680 10
42681 9
42682 3
42683 9
42684 12
42685 6
42686 6
42687 8
42688 10
42689 1
42690 3
42691 6
42692 8
42693 12
42694 10
42695 12
42696 7
42697 2
42698 2
42699 2
42700 3
42701 11
42702 1
42703 12
42704 6
42705 8
42706 12
42707 12
42708 3
42709 10
42710 4
42711 1
42712 2
42713 12
42714 8
42715 5
42716 7
42717 8
42718 3
42719 12
42720 12
42721 9
42722 10
42723 7
42724 12
42725 7
42726 2
42727 10
42728 3
42729 2
42730 7
42731 10
42732 12
42733 3
42734 8
42735 11
42736 2
42737 2
42738 7
42739 1
42740 12
42741 10
42742 12
42743 0
42744 6
42745 10
42746 7
42747 6
42748 6
42749 11
42750 3
42751 11
42752 3
42753 14
42754 1
42755 10
42756 2
42757 7
42758 2
42759 14
42760 11
42761 7
42762 2
42763 2
42764 1
42765 3
42766 10
42767 3
42768 3
42769 8
42770 12
42771 8
42772 14
42773 12
42774 2
42775 5
42776 2
42777 3
42778 2
42779 12
42780 12
42781 12
42782 12
42783 3
42784 10
42785 2
42786 6
42787 7
42788 2
42789 0
42790 8
42791 8
42792 0
42793 2
42794 12
42795 2
42796 5
42797 6
42798 2
42799 5
42800 2
42801 12
42802 3
42803 0
42804 2
42805 8
42806 11
42807 9
42808 4
42809 7
42810 7
42811 2
42812 2
42813 3
42814 10
42815 5
42816 2
42817 6
42818 3
42819 2
42820 3
42821 8
42822 3
42823 2
42824 7
42825 11
42826 2
42827 3
42828 7
42829 3
42830 7
42831 3
42832 8
42833 2
42834 2
42835 2
42836 3
42837 6
42838 8
42839 2
42840 2
42841 3
42842 3
42843 6
42844 6
42845 3
42846 3
42847 2
42848 2
42849 7
42850 11
42851 5
42852 3
42853 6
42854 3
42855 3
42856 2
42857 2
42858 14
42859 7
42860 3
42861 2
42862 0
42863 10
42864 3
42865 3
42866 2
42867 2
42868 8
42869 2
42870 2
42871 2
42872 2
42873 2
42874 3
42875 3
42876 6
42877 2
42878 2
42879 3
42880 2
42881 3
42882 2
42883 2
42884 2
42885 3
42886 7
42887 2
42888 14
42889 7
42890 2
42891 3
42892 0
42893 3
42894 7
42895 0
42896 7
42897 12
42898 3
42899 3
42900 3
42901 2
42902 0
42903 2
42904 3
42905 7
42906 0
42907 2
42908 2
42909 0
42910 0
42911 1
42912 2
42913 0
42914 11
42915 3
42916 0
42917 8
42918 2
42919 11
42920 11
42921 2
42922 11
42923 3
42924 6
42925 12
42926 12
42927 2
42928 2
42929 0
42930 0
42931 7
42932 12
42933 6
42934 12
42935 12
42936 2
42937 6
42938 1
42939 10
42940 3
42941 7
42942 9
42943 12
42944 6
42945 10
42946 5
42947 12
42948 5
42949 7
42950 12
42951 7
42952 10
42953 6
42954 3
42955 9
42956 12
42957 3
42958 12
42959 6
42960 12
42961 6
42962 14
42963 6
42964 8
42965 6
42966 12
42967 12
42968 10
42969 5
42970 6
42971 6
42972 11
42973 12
42974 9
42975 12
42976 3
42977 6
42978 6
42979 3
42980 10
42981 7
42982 4
42983 12
42984 0
42985 6
42986 6
42987 6
42988 6
42989 2
42990 6
42991 11
42992 12
42993 6
42994 2
42995 6
42996 6
42997 6
42998 6
42999 6
43000 10
43001 6
43002 10
43003 9
43004 8
43005 12
43006 2
43007 6
43008 12
43009 3
43010 12
43011 11
43012 12
43013 11
43014 6
43015 12
43016 1
43017 5
43018 10
43019 10
43020 2
43021 4
43022 12
43023 10
43024 11
43025 7
43026 2
43027 0
43028 10
43029 6
43030 12
43031 14
43032 8
43033 7
43034 2
43035 1
43036 2
43037 2
43038 3
43039 11
43040 7
43041 2
43042 3
43043 2
43044 3
43045 2
43046 3
43047 3
43048 8
43049 7
43050 2
43051 0
43052 2
43053 11
43054 3
43055 2
43056 2
43057 3
43058 11
43059 3
43060 8
43061 2
43062 3
43063 7
43064 2
43065 3
43066 7
43067 12
43068 6
43069 7
43070 14
43071 3
43072 2
43073 3
43074 7
43075 1
43076 3
43077 2
43078 5
43079 2
43080 8
43081 7
43082 3
43083 2
43084 2
43085 6
43086 6
43087 3
43088 2
43089 7
43090 6
43091 2
43092 8
43093 2
43094 7
43095 6
43096 2
43097 2
43098 11
43099 6
43100 2
43101 2
43102 4
43103 7
43104 6
43105 6
43106 7
43107 3
43108 12
43109 12
43110 3
43111 4
43112 12
43113 12
43114 6
43115 8
43116 12
43117 2
43118 2
43119 7
43120 11
43121 12
43122 2
43123 12
43124 12
43125 7
43126 6
43127 3
43128 10
43129 2
43130 12
43131 7
43132 6
43133 2
43134 6
43135 12
43136 6
43137 7
43138 11
43139 12
43140 14
43141 11
43142 6
43143 12
43144 12
43145 6
43146 7
43147 3
43148 12
43149 2
43150 10
43151 12
43152 8
43153 13
43154 12
43155 7
43156 2
43157 11
43158 10
43159 12
43160 12
43161 14
43162 3
43163 7
43164 12
43165 1
43166 5
43167 3
43168 6
43169 12
43170 12
43171 14
43172 12
43173 14
43174 12
43175 12
43176 6
43177 2
43178 6
43179 6
43180 12
43181 12
43182 12
43183 6
43184 7
43185 14
43186 11
43187 12
43188 12
43189 5
43190 12
43191 12
43192 11
43193 12
43194 6
43195 14
43196 14
43197 11
43198 6
43199 8
43200 12
43201 6
43202 3
43203 10
43204 7
43205 12
43206 12
43207 12
43208 7
43209 6
43210 2
43211 3
43212 7
43213 6
43214 11
43215 3
43216 2
43217 2
43218 6
43219 6
43220 12
43221 3
43222 11
43223 12
43224 12
43225 6
43226 1
43227 2
43228 12
43229 6
43230 12
43231 3
43232 12
43233 6
43234 6
43235 6
43236 12
43237 6
43238 12
43239 6
43240 12
43241 7
43242 10
43243 6
43244 5
43245 12
43246 12
43247 12
43248 12
43249 3
43250 12
43251 10
43252 10
43253 6
43254 6
43255 7
43256 6
43257 12
43258 2
43259 10
43260 7
43261 12
43262 3
43263 12
43264 14
43265 0
43266 11
43267 6
43268 6
43269 12
43270 12
43271 6
43272 10
43273 12
43274 8
43275 11
43276 9
43277 12
43278 7
43279 6
43280 6
43281 5
43282 12
43283 6
43284 3
43285 12
43286 6
43287 12
43288 8
43289 7
43290 3
43291 12
43292 11
43293 11
43294 5
43295 12
43296 11
43297 12
43298 12
43299 14
43300 12
43301 12
43302 6
43303 12
43304 12
43305 12
43306 14
43307 6
43308 7
43309 12
43310 0
43311 3
43312 12
43313 12
43314 9
43315 12
43316 12
43317 6
43318 3
43319 11
43320 3
43321 6
43322 6
43323 8
43324 11
43325 7
43326 7
43327 1
43328 5
43329 8
43330 8
43331 7
43332 10
43333 7
43334 11
43335 2
43336 7
43337 2
43338 2
43339 3
43340 11
43341 12
43342 3
43343 14
43344 3
43345 0
43346 3
43347 0
43348 2
43349 2
43350 3
43351 6
43352 8
43353 7
43354 8
43355 3
43356 11
43357 5
43358 1
43359 0
43360 3
43361 7
43362 8
43363 12
43364 2
43365 12
43366 12
43367 5
43368 12
43369 3
43370 0
43371 2
43372 8
43373 2
43374 14
43375 2
43376 7
43377 2
43378 7
43379 12
43380 3
43381 12
43382 6
43383 2
43384 8
43385 2
43386 0
43387 2
43388 2
43389 3
43390 2
43391 0
43392 0
43393 0
43394 7
43395 0
43396 0
43397 2
43398 3
43399 10
43400 0
43401 2
43402 6
43403 0
43404 3
43405 2
43406 2
43407 2
43408 2
43409 0
43410 2
43411 0
43412 10
43413 0
43414 6
43415 12
43416 12
43417 11
43418 0
43419 2
43420 0
43421 2
43422 0
43423 2
43424 0
43425 0
43426 0
43427 14
43428 0
43429 8
43430 3
43431 0
43432 2
43433 11
43434 2
43435 11
43436 3
43437 12
43438 14
43439 10
43440 12
43441 6
43442 6
43443 12
43444 12
43445 12
43446 12
43447 5
43448 6
43449 12
43450 0
43451 7
43452 12
43453 12
43454 8
43455 7
43456 11
43457 12
43458 12
43459 6
43460 10
43461 5
43462 11
43463 12
43464 12
43465 6
43466 11
43467 12
43468 11
43469 8
43470 6
43471 8
43472 6
43473 6
43474 6
43475 7
43476 11
43477 6
43478 14
43479 10
43480 12
43481 12
43482 12
43483 11
43484 12
43485 12
43486 2
43487 11
43488 12
43489 6
43490 6
43491 12
43492 8
43493 11
43494 11
43495 12
43496 12
43497 11
43498 6
43499 7
43500 6
43501 9
43502 2
43503 2
43504 7
43505 2
43506 2
43507 0
43508 10
43509 11
43510 8
43511 2
43512 6
43513 3
43514 10
43515 8
43516 10
43517 12
43518 0
43519 11
43520 1
43521 6
43522 12
43523 12
43524 12
43525 12
43526 5
43527 12
43528 2
43529 12
43530 7
43531 3
43532 3
43533 6
43534 0
43535 10
43536 3
43537 2
43538 10
43539 12
43540 12
43541 11
43542 6
43543 0
43544 6
43545 6
43546 12
43547 8
43548 12
43549 12
43550 3
43551 11
43552 11
43553 6
43554 2
43555 10
43556 8
43557 12
43558 4
43559 3
43560 3
43561 12
43562 12
43563 14
43564 5
43565 6
43566 9
43567 10
43568 7
43569 11
43570 7
43571 6
43572 11
43573 1
43574 12
43575 14
43576 7
43577 12
43578 2
43579 12
43580 12
43581 3
43582 9
43583 12
43584 6
43585 3
43586 8
43587 6
43588 12
43589 7
43590 8
43591 12
43592 6
43593 1
43594 12
43595 6
43596 10
43597 6
43598 12
43599 12
43600 6
43601 6
43602 6
43603 7
43604 12
43605 3
43606 14
43607 11
43608 12
43609 12
43610 12
43611 2
43612 3
43613 7
43614 12
43615 3
43616 7
43617 5
43618 12
43619 11
43620 7
43621 8
43622 12
43623 12
43624 10
43625 6
43626 14
43627 7
43628 12
43629 11
43630 12
43631 12
43632 6
43633 8
43634 10
43635 6
43636 2
43637 11
43638 9
43639 6
43640 12
43641 6
43642 12
43643 12
43644 3
43645 10
43646 6
43647 12
43648 7
43649 6
43650 3
43651 1
43652 12
43653 2
43654 14
43655 0
43656 6
43657 7
43658 8
43659 12
43660 12
43661 6
43662 8
43663 1
43664 5
43665 5
43666 14
43667 12
43668 6
43669 6
43670 6
43671 12
43672 11
43673 7
43674 6
43675 6
43676 12
43677 6
43678 7
43679 12
43680 8
43681 2
43682 6
43683 6
43684 6
43685 7
43686 12
43687 7
43688 12
43689 12
43690 3
43691 12
43692 8
43693 3
43694 3
43695 2
43696 3
43697 7
43698 5
43699 6
43700 3
43701 12
43702 12
43703 3
43704 7
43705 7
43706 7
43707 10
43708 7
43709 5
43710 12
43711 3
43712 6
43713 10
43714 5
43715 12
43716 12
43717 8
43718 3
43719 6
43720 8
43721 7
43722 5
43723 7
43724 5
43725 11
43726 11
43727 14
43728 6
43729 6
43730 6
43731 11
43732 6
43733 12
43734 7
43735 1
43736 12
43737 12
43738 6
43739 12
43740 11
43741 10
43742 12
43743 8
43744 6
43745 2
43746 6
43747 2
43748 11
43749 7
43750 14
43751 3
43752 6
43753 7
43754 7
43755 6
43756 10
43757 8
43758 7
43759 12
43760 14
43761 6
43762 12
43763 0
43764 4
43765 2
43766 6
43767 12
43768 7
43769 1
43770 8
43771 7
43772 10
43773 6
43774 2
43775 2
43776 4
43777 11
43778 2
43779 12
43780 6
43781 6
43782 5
43783 6
43784 8
43785 9
43786 12
43787 8
43788 6
43789 12
43790 12
43791 3
43792 11
43793 7
43794 7
43795 8
43796 2
43797 7
43798 10
43799 3
43800 3
43801 6
43802 12
43803 1
43804 6
43805 11
43806 11
43807 2
43808 2
43809 6
43810 2
43811 6
43812 3
43813 2
43814 7
43815 3
43816 11
43817 3
43818 8
43819 2
43820 7
43821 2
43822 0
43823 6
43824 0
43825 3
43826 10
43827 2
43828 11
43829 10
43830 12
43831 6
43832 14
43833 0
43834 2
43835 1
43836 6
43837 14
43838 2
43839 2
43840 6
43841 12
43842 12
43843 6
43844 10
43845 10
43846 1
43847 0
43848 2
43849 6
43850 3
43851 8
43852 11
43853 12
43854 10
43855 8
43856 3
43857 5
43858 2
43859 10
43860 3
43861 11
43862 11
43863 5
43864 9
43865 10
43866 12
43867 2
43868 10
43869 9
43870 3
43871 3
43872 9
43873 10
43874 7
43875 12
43876 10
43877 7
43878 7
43879 2
43880 6
43881 3
43882 14
43883 8
43884 5
43885 6
43886 7
43887 4
43888 12
43889 12
43890 14
43891 11
43892 14
43893 7
43894 3
43895 3
43896 0
43897 11
43898 10
43899 3
43900 10
43901 7
43902 10
43903 0
43904 7
43905 11
43906 2
43907 6
43908 0
43909 12
43910 2
43911 6
43912 12
43913 12
43914 12
43915 2
43916 7
43917 6
43918 6
43919 2
43920 5
43921 11
43922 7
43923 12
43924 11
43925 3
43926 12
43927 3
43928 11
43929 6
43930 0
43931 10
43932 0
43933 12
43934 6
43935 11
43936 2
43937 12
43938 12
43939 14
43940 6
43941 12
43942 1
43943 8
43944 2
43945 8
43946 12
43947 2
43948 6
43949 12
43950 10
43951 6
43952 6
43953 7
43954 3
43955 7
43956 12
43957 11
43958 14
43959 12
43960 3
43961 10
43962 7
43963 7
43964 6
43965 12
43966 11
43967 10
43968 7
43969 7
43970 3
43971 2
43972 10
43973 12
43974 12
43975 7
43976 12
43977 2
43978 12
43979 3
43980 7
43981 12
43982 12
43983 1
43984 2
43985 14
43986 6
43987 3
43988 6
43989 11
43990 2
43991 3
43992 12
43993 12
43994 7
43995 12
43996 11
43997 5
43998 7
43999 12
44000 3
44001 10
44002 7
44003 12
44004 7
44005 3
44006 8
44007 12
44008 3
44009 2
44010 2
44011 5
44012 7
44013 7
44014 7
44015 14
44016 8
44017 3
44018 11
44019 10
44020 10
44021 11
44022 10
44023 14
44024 12
44025 12
44026 11
44027 11
44028 7
44029 12
44030 6
44031 10
44032 12
44033 3
44034 2
44035 6
44036 7
44037 2
44038 8
44039 7
44040 3
44041 3
44042 2
44043 12
44044 5
44045 12
44046 13
44047 5
44048 7
44049 6
44050 6
44051 12
44052 2
44053 6
44054 10
44055 12
44056 3
44057 12
44058 2
44059 3
44060 7
44061 11
44062 7
44063 7
44064 10
44065 6
44066 9
44067 4
44068 11
44069 10
44070 12
44071 3
44072 8
44073 8
44074 11
44075 10
44076 6
44077 11
44078 12
44079 10
44080 12
44081 12
44082 6
44083 11
44084 9
44085 8
44086 10
44087 7
44088 10
44089 6
44090 9
44091 6
44092 12
44093 8
44094 7
44095 8
44096 12
44097 3
44098 6
44099 12
44100 2
44101 1
44102 7
44103 6
44104 12
44105 3
44106 12
44107 3
44108 8
44109 12
44110 3
44111 13
44112 12
44113 12
44114 2
44115 1
44116 12
44117 12
44118 7
44119 3
44120 6
44121 2
44122 0
44123 2
44124 2
44125 0
44126 2
44127 2
44128 2
44129 0
44130 0
44131 0
44132 0
44133 2
44134 2
44135 0
44136 0
44137 0
44138 2
44139 6
44140 3
44141 0
44142 2
44143 0
44144 0
44145 2
44146 0
44147 0
44148 0
44149 2
44150 7
44151 7
44152 11
44153 6
44154 12
44155 9
44156 6
44157 6
44158 6
44159 14
44160 8
44161 6
44162 2
44163 8
44164 3
44165 4
44166 3
44167 3
44168 4
44169 3
44170 2
44171 0
44172 12
44173 10
44174 2
44175 3
44176 7
44177 12
44178 12
44179 12
44180 0
44181 3
44182 7
44183 0
44184 0
44185 4
44186 2
44187 6
44188 10
44189 3
44190 8
44191 1
44192 8
44193 12
44194 10
44195 6
44196 8
44197 2
44198 2
44199 7
44200 3
44201 2
44202 3
44203 11
44204 0
44205 0
44206 2
44207 0
44208 2
44209 11
44210 2
44211 10
44212 8
44213 3
44214 5
44215 5
44216 3
44217 6
44218 6
44219 0
44220 0
44221 2
44222 12
44223 1
44224 8
44225 0
44226 3
44227 0
44228 2
44229 2
44230 0
44231 2
44232 2
44233 3
44234 3
44235 0
44236 0
44237 0
44238 6
44239 0
44240 0
44241 0
44242 0
44243 0
44244 2
44245 2
44246 2
44247 6
44248 2
44249 0
44250 2
44251 2
44252 0
44253 3
44254 0
44255 0
44256 2
44257 2
44258 0
44259 0
44260 2
44261 0
44262 2
44263 0
44264 0
44265 2
44266 2
44267 2
44268 0
44269 2
44270 0
44271 0
44272 0
44273 2
44274 0
44275 0
44276 0
44277 0
44278 2
44279 5
44280 0
44281 2
44282 0
44283 0
44284 0
44285 2
44286 0
44287 0
44288 3
44289 5
44290 0
44291 2
44292 2
44293 0
44294 3
44295 0
44296 2
44297 0
44298 0
44299 0
44300 7
44301 0
44302 2
44303 0
44304 2
44305 2
44306 0
44307 0
44308 2
44309 0
44310 0
44311 2
44312 0
44313 3
44314 0
44315 0
44316 2
44317 0
44318 0
44319 0
44320 3
44321 7
44322 0
44323 6
44324 11
44325 7
44326 2
44327 3
44328 8
44329 3
44330 0
44331 2
44332 3
44333 2
44334 1
44335 2
44336 7
44337 6
44338 2
44339 7
44340 11
44341 12
44342 8
44343 7
44344 7
44345 0
44346 2
44347 6
44348 10
44349 3
44350 10
44351 6
44352 0
44353 0
44354 11
44355 0
44356 0
44357 0
44358 0
44359 0
44360 0
44361 2
44362 2
44363 0
44364 0
44365 0
44366 2
44367 3
44368 8
44369 6
44370 11
44371 2
44372 3
44373 2
44374 0
44375 0
44376 3
44377 0
44378 6
44379 2
44380 0
44381 0
44382 0
44383 8
44384 2
44385 7
44386 2
44387 0
44388 2
44389 2
44390 11
44391 3
44392 0
44393 6
44394 0
44395 0
44396 6
44397 0
44398 0
44399 8
44400 0
44401 0
44402 0
44403 0
44404 6
44405 2
44406 0
44407 0
44408 0
44409 0
44410 0
44411 2
44412 0
44413 0
44414 2
44415 2
44416 0
44417 2
44418 0
44419 12
44420 2
44421 2
44422 6
44423 0
44424 0
44425 0
44426 7
44427 2
44428 2
44429 7
44430 0
44431 0
44432 11
44433 0
44434 0
44435 0
44436 0
44437 0
44438 0
44439 0
44440 0
44441 0
44442 6
44443 0
44444 0
44445 0
44446 0
44447 0
44448 8
44449 0
44450 0
44451 2
44452 2
44453 2
44454 2
44455 0
44456 2
44457 2
44458 0
44459 0
44460 0
44461 0
44462 0
44463 3
44464 0
44465 2
44466 0
44467 0
44468 2
44469 3
44470 2
44471 0
44472 0
44473 6
44474 0
44475 6
44476 0
44477 0
44478 0
44479 2
44480 0
44481 2
44482 0
44483 0
44484 0
44485 2
44486 3
44487 3
44488 7
44489 2
44490 2
44491 0
44492 0
44493 7
44494 0
44495 0
44496 0
44497 6
44498 2
44499 3
44500 3
44501 3
44502 2
44503 2
44504 0
44505 2
44506 2
44507 0
44508 0
44509 0
44510 2
44511 0
44512 0
44513 6
44514 0
44515 0
44516 0
44517 0
44518 0
44519 0
44520 2
44521 0
44522 0
44523 2
44524 2
44525 2
44526 0
44527 0
44528 0
44529 0
44530 0
44531 2
44532 0
44533 0
44534 0
44535 2
44536 11
44537 0
44538 0
44539 0
44540 0
44541 0
44542 0
44543 2
44544 0
44545 0
44546 0
44547 2
44548 2
44549 0
44550 0
44551 3
44552 0
44553 2
44554 0
44555 7
44556 2
44557 0
44558 0
44559 11
44560 3
44561 0
44562 2
44563 0
44564 0
44565 7
44566 0
44567 0
44568 0
44569 0
44570 0
44571 3
44572 0
44573 2
44574 0
44575 0
44576 0
44577 0
44578 0
44579 0
44580 0
44581 7
44582 2
44583 0
44584 0
44585 0
44586 2
44587 3
44588 0
44589 0
44590 0
44591 0
44592 0
44593 2
44594 0
44595 0
44596 0
44597 3
44598 0
44599 0
44600 0
44601 0
44602 0
44603 0
44604 2
44605 0
44606 7
44607 0
44608 0
44609 2
44610 0
44611 2
44612 0
44613 0
44614 0
44615 0
44616 0
44617 0
44618 0
44619 0
44620 0
44621 2
44622 0
44623 2
44624 2
44625 0
44626 0
44627 0
44628 2
44629 6
44630 2
44631 0
44632 0
44633 0
44634 7
44635 0
44636 0
44637 0
44638 0
44639 3
44640 2
44641 0
44642 2
44643 0
44644 2
44645 0
44646 2
44647 0
44648 2
44649 3
44650 2
44651 2
44652 2
44653 11
44654 2
44655 2
44656 6
44657 0
44658 0
44659 2
44660 0
44661 3
44662 2
44663 0
44664 0
44665 2
44666 3
44667 2
44668 2
44669 8
44670 11
44671 0
44672 7
44673 7
44674 2
44675 6
44676 6
44677 2
44678 3
44679 3
44680 3
44681 2
44682 3
44683 2
44684 7
44685 3
44686 3
44687 8
44688 0
44689 0
44690 0
44691 0
44692 2
44693 2
44694 2
44695 0
44696 0
44697 0
44698 0
44699 0
44700 8
44701 8
44702 2
44703 0
44704 0
44705 0
44706 0
44707 3
44708 0
44709 0
44710 2
44711 3
44712 8
44713 7
44714 2
44715 2
44716 7
44717 2
44718 11
44719 6
44720 3
44721 0
44722 2
44723 0
44724 3
44725 0
44726 11
44727 0
44728 0
44729 0
44730 3
44731 0
44732 2
44733 2
44734 0
44735 0
44736 2
44737 0
44738 7
44739 0
44740 3
44741 2
44742 0
44743 2
44744 2
44745 0
44746 0
44747 0
44748 0
44749 0
44750 2
44751 0
44752 0
44753 0
44754 3
44755 2
44756 2
44757 3
44758 6
44759 0
44760 0
44761 0
44762 8
44763 2
44764 0
44765 2
44766 2
44767 7
44768 0
44769 0
44770 2
44771 0
44772 3
44773 7
44774 0
44775 0
44776 0
44777 2
44778 2
44779 0
44780 0
44781 2
44782 2
44783 0
44784 0
44785 2
44786 2
44787 6
44788 8
44789 2
44790 2
44791 6
44792 8
44793 11
44794 10
44795 2
44796 0
44797 11
44798 7
44799 7
44800 8
44801 3
44802 2
44803 2
44804 2
44805 3
44806 2
44807 11
44808 8
44809 2
44810 3
44811 2
44812 2
44813 3
44814 2
44815 6
44816 7
44817 2
44818 3
44819 11
44820 2
44821 2
44822 2
44823 2
44824 2
44825 2
44826 0
44827 2
44828 2
44829 2
44830 12
44831 0
44832 2
44833 11
44834 2
44835 2
44836 0
44837 0
44838 0
44839 0
44840 0
44841 0
44842 2
44843 0
44844 2
44845 3
44846 2
44847 0
44848 6
44849 7
44850 8
44851 0
44852 2
44853 0
44854 0
44855 6
44856 2
44857 0
44858 7
44859 0
44860 8
44861 0
44862 2
44863 2
44864 6
44865 3
44866 2
44867 2
44868 3
44869 3
44870 2
44871 2
44872 3
44873 2
44874 0
44875 0
44876 2
44877 2
44878 3
44879 3
44880 2
44881 6
44882 7
44883 3
44884 0
44885 7
44886 2
44887 0
44888 0
44889 7
44890 2
44891 2
44892 2
44893 11
44894 2
44895 2
44896 3
44897 2
44898 0
44899 7
44900 0
44901 2
44902 0
44903 11
44904 0
44905 0
44906 0
44907 0
44908 0
44909 0
44910 0
44911 2
44912 0
44913 0
44914 0
44915 0
44916 0
44917 2
44918 7
44919 0
44920 0
44921 2
44922 0
44923 0
44924 2
44925 0
44926 0
44927 2
44928 8
44929 0
44930 0
44931 0
44932 2
44933 0
44934 0
44935 0
44936 0
44937 2
44938 8
44939 0
44940 0
44941 0
44942 2
44943 0
44944 2
44945 7
44946 0
44947 0
44948 0
44949 6
44950 0
44951 0
44952 2
44953 2
44954 7
44955 0
44956 2
44957 0
44958 0
44959 0
44960 0
44961 0
44962 3
44963 0
44964 0
44965 0
44966 0
44967 0
44968 2
44969 11
44970 6
44971 6
44972 11
44973 12
44974 12
44975 3
44976 12
44977 2
44978 6
44979 5
44980 10
44981 14
44982 11
44983 5
44984 11
44985 8
44986 2
44987 12
44988 11
44989 14
44990 7
44991 12
44992 7
44993 7
44994 2
44995 6
44996 2
44997 6
44998 11
44999 12
45000 12
45001 12
45002 12
45003 6
45004 7
45005 7
45006 12
45007 3
45008 3
45009 6
45010 0
45011 2
45012 0
45013 8
45014 8
45015 14
45016 11
45017 8
45018 13
45019 3
45020 3
45021 2
45022 12
45023 7
45024 6
45025 6
45026 1
45027 8
45028 11
45029 11
45030 2
45031 12
45032 10
45033 3
45034 2
45035 2
45036 8
45037 2
45038 8
45039 12
45040 2
45041 7
45042 8
45043 5
45044 4
45045 12
45046 2
45047 3
45048 12
45049 6
45050 14
45051 12
45052 0
45053 1
45054 6
45055 9
45056 7
45057 11
45058 8
45059 12
45060 12
45061 2
45062 7
45063 10
45064 10
45065 11
45066 3
45067 10
45068 12
45069 6
45070 1
45071 6
45072 10
45073 7
45074 10
45075 3
45076 11
45077 2
45078 2
45079 10
45080 12
45081 12
45082 7
45083 10
45084 7
45085 3
45086 10
45087 12
45088 12
45089 9
45090 12
45091 10
45092 12
45093 3
45094 3
45095 8
45096 12
45097 11
45098 12
45099 3
45100 12
45101 3
45102 11
45103 13
45104 11
45105 11
45106 12
45107 6
45108 7
45109 6
45110 6
45111 11
45112 7
45113 8
45114 6
45115 2
45116 5
45117 7
45118 2
45119 12
45120 12
45121 12
45122 11
45123 2
45124 6
45125 3
45126 3
45127 2
45128 7
45129 0
45130 14
45131 11
45132 11
45133 11
45134 7
45135 2
45136 8
45137 3
45138 11
45139 3
45140 12
45141 7
45142 6
45143 12
45144 11
45145 12
45146 12
45147 5
45148 6
45149 12
45150 10
45151 6
45152 12
45153 12
45154 3
45155 4
45156 2
45157 5
45158 11
45159 7
45160 10
45161 3
45162 2
45163 6
45164 3
45165 3
45166 4
45167 6
45168 5
45169 7
45170 5
45171 10
45172 14
45173 2
45174 11
45175 3
45176 6
45177 8
45178 11
45179 12
45180 2
45181 3
45182 5
45183 6
45184 3
45185 12
45186 10
45187 12
45188 2
45189 12
45190 6
45191 8
45192 6
45193 0
45194 6
45195 12
45196 7
45197 11
45198 2
45199 12
45200 8
45201 12
45202 12
45203 3
45204 12
45205 6
45206 2
45207 0
45208 12
45209 12
45210 6
45211 6
45212 6
45213 12
45214 1
45215 2
45216 5
45217 12
45218 7
45219 11
45220 6
45221 2
45222 12
45223 5
45224 2
45225 7
45226 8
45227 6
45228 8
45229 7
45230 12
45231 8
45232 3
45233 12
45234 6
45235 3
45236 6
45237 3
45238 12
45239 2
45240 2
45241 12
45242 7
45243 3
45244 0
45245 6
45246 10
45247 12
45248 10
45249 14
45250 2
45251 6
45252 2
45253 10
45254 10
45255 7
45256 6
45257 12
45258 7
45259 3
45260 11
45261 11
45262 6
45263 7
45264 6
45265 12
45266 11
45267 12
45268 2
45269 6
45270 10
45271 9
45272 12
45273 7
45274 6
45275 0
45276 2
45277 10
45278 14
45279 7
45280 9
45281 11
45282 7
45283 6
45284 3
45285 6
45286 7
45287 6
45288 7
45289 2
45290 2
45291 7
45292 11
45293 6
45294 7
45295 12
45296 10
45297 8
45298 12
45299 6
45300 11
45301 11
45302 0
45303 12
45304 3
45305 8
45306 7
45307 7
45308 13
45309 11
45310 1
45311 8
45312 7
45313 5
45314 4
45315 2
45316 8
45317 8
45318 11
45319 8
45320 6
45321 3
45322 6
45323 7
45324 7
45325 8
45326 7
45327 1
45328 14
45329 9
45330 3
45331 10
45332 2
45333 12
45334 11
45335 8
45336 12
45337 3
45338 6
45339 7
45340 11
45341 11
45342 3
45343 2
45344 6
45345 2
45346 2
45347 6
45348 12
45349 10
45350 3
45351 0
45352 7
45353 12
45354 7
45355 11
45356 6
45357 8
45358 11
45359 7
45360 12
45361 6
45362 11
45363 3
45364 6
45365 3
45366 2
45367 5
45368 14
45369 0
45370 3
45371 0
45372 2
45373 12
45374 7
45375 11
45376 2
45377 11
45378 12
45379 3
45380 2
45381 12
45382 12
45383 3
45384 12
45385 7
45386 8
45387 3
45388 11
45389 6
45390 6
45391 4
45392 6
45393 5
45394 6
45395 6
45396 12
45397 8
45398 11
45399 11
45400 3
45401 8
45402 11
45403 2
45404 1
45405 11
45406 12
45407 0
45408 2
45409 12
45410 12
45411 7
45412 12
45413 10
45414 7
45415 6
45416 11
45417 12
45418 11
45419 12
45420 8
45421 12
45422 0
45423 10
45424 3
45425 10
45426 2
45427 9
45428 4
45429 11
45430 3
45431 6
45432 8
45433 6
45434 6
45435 7
45436 2
45437 2
45438 11
45439 12
45440 7
45441 7
45442 6
45443 12
45444 6
45445 11
45446 6
45447 4
45448 12
45449 11
45450 12
45451 12
45452 10
45453 6
45454 7
45455 3
45456 7
45457 7
45458 10
45459 7
45460 11
45461 0
45462 12
45463 3
45464 7
45465 1
45466 11
45467 10
45468 8
45469 12
45470 12
45471 11
45472 3
45473 11
45474 7
45475 8
45476 11
45477 0
45478 11
45479 7
45480 7
45481 2
45482 12
45483 7
45484 12
45485 10
45486 11
45487 12
45488 9
45489 5
45490 3
45491 3
45492 8
45493 7
45494 7
45495 2
45496 3
45497 9
45498 10
45499 3
45500 11
45501 8
45502 3
45503 3
45504 10
45505 11
45506 6
45507 12
45508 0
45509 5
45510 2
45511 6
45512 6
45513 2
45514 7
45515 3
45516 0
45517 0
45518 0
45519 0
45520 0
45521 0
45522 0
45523 0
45524 0
45525 2
45526 0
45527 0
45528 0
45529 11
45530 0
45531 0
45532 0
45533 0
45534 0
45535 2
45536 0
45537 0
45538 0
45539 3
45540 3
45541 0
45542 2
45543 0
45544 3
45545 0
45546 2
45547 7
45548 0
45549 0
45550 0
45551 2
45552 0
45553 0
45554 0
45555 0
45556 2
45557 2
45558 2
45559 8
45560 0
45561 0
45562 0
45563 3
45564 2
45565 0
45566 2
45567 0
45568 11
45569 0
45570 0
45571 2
45572 0
45573 2
45574 2
45575 0
45576 14
45577 2
45578 2
45579 2
45580 0
45581 0
45582 0
45583 0
45584 3
45585 2
45586 2
45587 0
45588 0
45589 6
45590 2
45591 7
45592 2
45593 0
45594 0
45595 0
45596 0
45597 2
45598 0
45599 0
45600 0
45601 0
45602 0
45603 0
45604 0
45605 2
45606 2
45607 0
45608 2
45609 0
45610 3
45611 0
45612 0
45613 2
45614 0
45615 2
45616 0
45617 0
45618 0
45619 0
45620 3
45621 3
45622 2
45623 2
45624 0
45625 0
45626 2
45627 0
45628 0
45629 0
45630 0
45631 2
45632 0
45633 7
45634 2
45635 2
45636 11
45637 0
45638 0
45639 0
45640 2
45641 3
45642 7
45643 2
45644 0
45645 0
45646 0
45647 3
45648 2
45649 7
45650 2
45651 2
45652 2
45653 2
45654 0
45655 8
45656 0
45657 0
45658 0
45659 7
45660 0
45661 2
45662 0
45663 6
45664 0
45665 0
45666 0
45667 0
45668 0
45669 0
45670 0
45671 10
45672 0
45673 0
45674 3
45675 0
45676 2
45677 0
45678 0
45679 0
45680 0
45681 0
45682 0
45683 0
45684 0
45685 0
45686 0
45687 0
45688 0
45689 0
45690 0
45691 0
45692 0
45693 2
45694 0
45695 7
45696 0
45697 0
45698 2
45699 2
45700 0
45701 3
45702 0
45703 0
45704 0
45705 0
45706 0
45707 0
45708 6
45709 6
45710 0
45711 0
45712 0
45713 2
45714 2
45715 7
45716 2
45717 3
45718 2
45719 2
45720 0
45721 3
45722 0
45723 0
45724 0
45725 3
45726 2
45727 0
45728 0
45729 2
45730 0
45731 0
45732 0
45733 0
45734 0
45735 0
45736 0
45737 11
45738 0
45739 6
45740 2
45741 0
45742 0
45743 0
45744 7
45745 3
45746 7
45747 11
45748 6
45749 2
45750 2
45751 0
45752 2
45753 3
45754 12
45755 0
45756 0
45757 0
45758 0
45759 0
45760 0
45761 0
45762 2
45763 3
45764 0
45765 7
45766 11
45767 8
45768 2
45769 14
45770 7
45771 0
45772 11
45773 11
45774 10
45775 11
45776 10
45777 11
45778 6
45779 7
45780 7
45781 3
45782 2
45783 0
45784 0
45785 2
45786 2
45787 2
45788 0
45789 0
45790 0
45791 0
45792 0
45793 0
45794 0
45795 0
45796 0
45797 2
45798 12
45799 8
45800 12
45801 12
45802 12
45803 10
45804 12
45805 7
45806 11
45807 2
45808 10
45809 2
45810 2
45811 2
45812 0
45813 5
45814 2
45815 0
45816 3
45817 14
45818 12
45819 12
45820 12
45821 6
45822 14
45823 12
45824 12
45825 12
45826 12
45827 2
45828 6
45829 2
45830 0
45831 7
45832 7
45833 0
45834 3
45835 2
45836 7
45837 5
45838 2
45839 2
45840 3
45841 2
45842 0
45843 7
45844 0
45845 0
45846 0
45847 0
45848 0
45849 7
45850 14
45851 2
45852 2
45853 0
45854 2
45855 3
45856 0
45857 0
45858 2
45859 3
45860 7
45861 0
45862 3
45863 2
45864 0
45865 3
45866 2
45867 0
45868 0
45869 2
45870 0
45871 2
45872 0
45873 3
45874 0
45875 0
45876 0
45877 11
45878 2
45879 6
45880 0
45881 2
45882 2
45883 0
45884 7
45885 3
45886 0
45887 0
45888 0
45889 0
45890 3
45891 0
45892 0
45893 0
45894 2
45895 0
45896 2
45897 2
45898 2
45899 0
45900 0
45901 2
45902 0
45903 0
45904 2
45905 0
45906 0
45907 0
45908 10
45909 0
45910 3
45911 3
45912 2
45913 0
45914 0
45915 0
45916 0
45917 0
45918 0
45919 2
45920 0
45921 0
45922 0
45923 11
45924 2
45925 0
45926 0
45927 0
45928 7
45929 0
45930 0
45931 2
45932 0
45933 0
45934 2
45935 0
45936 2
45937 2
45938 2
45939 0
45940 0
45941 2
45942 0
45943 2
45944 0
45945 0
45946 0
45947 3
45948 3
45949 0
45950 0
45951 0
45952 0
45953 0
45954 2
45955 0
45956 0
45957 3
45958 2
45959 6
45960 0
45961 3
45962 11
45963 3
45964 3
45965 2
45966 2
45967 2
45968 2
45969 2
45970 7
45971 2
45972 3
45973 0
45974 0
45975 0
45976 2
45977 2
45978 0
45979 3
45980 0
45981 0
45982 0
45983 0
45984 2
45985 2
45986 2
45987 3
45988 0
45989 0
45990 0
45991 2
45992 2
45993 3
45994 0
45995 0
45996 2
45997 2
45998 0
45999 0
46000 0
46001 0
46002 0
46003 0
46004 0
46005 0
46006 0
46007 0
46008 0
46009 8
46010 0
46011 0
46012 0
46013 0
46014 0
46015 0
46016 0
46017 0
46018 0
46019 0
46020 0
46021 0
46022 0
46023 0
46024 0
46025 0
46026 0
46027 0
46028 0
46029 0
46030 0
46031 0
46032 0
46033 0
46034 2
46035 2
46036 0
46037 0
46038 0
46039 0
46040 0
46041 0
46042 2
46043 0
46044 0
46045 2
46046 0
46047 2
46048 2
46049 2
46050 2
46051 3
46052 0
46053 0
46054 2
46055 7
46056 2
46057 2
46058 2
46059 0
46060 0
46061 0
46062 3
46063 0
46064 2
46065 0
46066 3
46067 0
46068 0
46069 0
46070 0
46071 2
46072 7
46073 7
46074 0
46075 0
46076 2
46077 0
46078 2
46079 0
46080 0
46081 8
46082 6
46083 8
46084 2
46085 0
46086 0
46087 3
46088 3
46089 8
46090 3
46091 0
46092 2
46093 8
46094 3
46095 2
46096 9
46097 0
46098 0
46099 0
46100 2
46101 3
46102 3
46103 7
46104 3
46105 2
46106 3
46107 0
46108 3
46109 3
46110 7
46111 6
46112 2
46113 0
46114 2
46115 0
46116 0
46117 8
46118 0
46119 0
46120 2
46121 7
46122 7
46123 0
46124 14
46125 2
46126 8
46127 14
46128 2
46129 7
46130 3
46131 0
46132 6
46133 7
46134 2
46135 0
46136 2
46137 3
46138 0
46139 0
46140 3
46141 2
46142 2
46143 2
46144 2
46145 3
46146 3
46147 2
46148 2
46149 2
46150 3
46151 0
46152 2
46153 2
46154 3
46155 6
46156 0
46157 2
46158 2
46159 2
46160 0
46161 3
46162 0
46163 2
46164 0
46165 0
46166 0
46167 0
46168 3
46169 0
46170 0
46171 0
46172 2
46173 0
46174 2
46175 8
46176 3
46177 2
46178 2
46179 2
46180 2
46181 2
46182 3
46183 2
46184 3
46185 3
46186 2
46187 0
46188 2
46189 0
46190 7
46191 0
46192 8
46193 2
46194 7
46195 0
46196 2
46197 7
46198 0
46199 0
46200 14
46201 2
46202 2
46203 7
46204 0
46205 0
46206 0
46207 2
46208 0
46209 0
46210 2
46211 6
46212 3
46213 0
46214 0
46215 0
46216 2
46217 0
46218 2
46219 0
46220 0
46221 7
46222 7
46223 2
46224 2
46225 0
46226 14
46227 0
46228 0
46229 3
46230 2
46231 0
46232 0
46233 2
46234 0
46235 2
46236 2
46237 3
46238 2
46239 2
46240 8
46241 0
46242 1
46243 6
46244 8
46245 8
46246 11
46247 7
46248 3
46249 11
46250 2
46251 12
46252 8
46253 2
46254 2
46255 0
46256 2
46257 3
46258 0
46259 0
46260 2
46261 0
46262 2
46263 12
46264 11
46265 11
46266 11
46267 12
46268 2
46269 7
46270 7
46271 7
46272 7
46273 2
46274 2
46275 2
46276 0
46277 8
46278 12
46279 11
46280 2
46281 0
46282 6
46283 8
46284 11
46285 7
46286 14
46287 11
46288 2
46289 2
46290 12
46291 2
46292 6
46293 7
46294 2
46295 7
46296 6
46297 12
46298 6
46299 0
46300 0
46301 0
46302 0
46303 0
46304 0
46305 0
46306 3
46307 0
46308 3
46309 2
46310 0
46311 0
46312 0
46313 0
46314 0
46315 2
46316 0
46317 0
46318 2
46319 2
46320 2
46321 0
46322 7
46323 2
46324 7
46325 8
46326 3
46327 2
46328 12
46329 11
46330 3
46331 7
46332 2
46333 0
46334 0
46335 2
46336 2
46337 9
46338 2
46339 11
46340 0
46341 7
46342 2
46343 6
46344 14
46345 2
46346 2
46347 12
46348 8
46349 6
46350 6
46351 12
46352 12
46353 8
46354 3
46355 2
46356 6
46357 6
46358 6
46359 3
46360 11
46361 2
46362 12
46363 6
46364 2
46365 12
46366 6
46367 12
46368 6
46369 3
46370 10
46371 12
46372 11
46373 11
46374 5
46375 12
46376 6
46377 6
46378 2
46379 12
46380 6
46381 12
46382 12
46383 6
46384 11
46385 12
46386 7
46387 7
46388 6
46389 6
46390 6
46391 2
46392 0
46393 2
46394 2
46395 6
46396 2
46397 10
46398 11
46399 3
46400 3
46401 7
46402 3
46403 12
46404 12
46405 14
46406 12
46407 14
46408 6
46409 12
46410 1
46411 10
46412 2
46413 11
46414 7
46415 11
46416 2
46417 13
46418 7
46419 11
46420 12
46421 12
46422 3
46423 0
46424 2
46425 2
46426 0
46427 0
46428 0
46429 0
46430 0
46431 0
46432 0
46433 0
46434 2
46435 0
46436 7
46437 0
46438 0
46439 2
46440 0
46441 3
46442 0
46443 0
46444 0
46445 2
46446 0
46447 6
46448 2
46449 0
46450 0
46451 0
46452 0
46453 2
46454 2
46455 0
46456 0
46457 0
46458 0
46459 2
46460 2
46461 0
46462 0
46463 0
46464 3
46465 0
46466 0
46467 0
46468 2
46469 3
46470 0
46471 0
46472 2
46473 0
46474 2
46475 0
46476 0
46477 2
46478 6
46479 0
46480 0
46481 0
46482 0
46483 2
46484 0
46485 0
46486 2
46487 0
46488 0
46489 11
46490 2
46491 0
46492 0
46493 2
46494 0
46495 0
46496 0
46497 0
46498 0
46499 0
46500 2
46501 0
46502 2
46503 0
46504 2
46505 2
46506 2
46507 0
46508 0
46509 0
46510 0
46511 0
46512 0
46513 2
46514 2
46515 0
46516 0
46517 3
46518 0
46519 0
46520 0
46521 2
46522 0
46523 2
46524 2
46525 0
46526 0
46527 0
46528 0
46529 0
46530 2
46531 2
46532 0
46533 7
46534 11
46535 3
46536 7
46537 3
46538 2
46539 7
46540 2
46541 2
46542 2
46543 2
46544 6
46545 0
46546 0
46547 2
46548 0
46549 3
46550 3
46551 3
46552 0
46553 0
46554 0
46555 3
46556 2
46557 0
46558 0
46559 2
46560 2
46561 7
46562 0
46563 0
46564 0
46565 6
46566 2
46567 0
46568 11
46569 2
46570 0
46571 0
46572 0
46573 0
46574 0
46575 0
46576 0
46577 0
46578 0
46579 8
46580 2
46581 2
46582 2
46583 2
46584 2
46585 0
46586 0
46587 0
46588 0
46589 0
46590 0
46591 0
46592 0
46593 0
46594 0
46595 0
46596 0
46597 0
46598 0
46599 0
46600 12
46601 12
46602 12
46603 11
46604 6
46605 2
46606 2
46607 3
46608 14
46609 2
46610 6
46611 12
46612 12
46613 12
46614 5
46615 8
46616 10
46617 9
46618 2
46619 0
46620 7
46621 12
46622 2
46623 10
46624 12
46625 12
46626 8
46627 2
46628 12
46629 6
46630 3
46631 11
46632 0
46633 12
46634 7
46635 2
46636 2
46637 0
46638 10
46639 0
46640 8
46641 7
46642 9
46643 11
46644 2
46645 7
46646 0
46647 3
46648 2
46649 0
46650 2
46651 3
46652 3
46653 2
46654 2
46655 6
46656 2
46657 2
46658 7
46659 8
46660 2
46661 0
46662 7
46663 8
46664 6
46665 7
46666 12
46667 2
46668 12
46669 10
46670 7
46671 2
46672 8
46673 0
46674 2
46675 2
46676 2
46677 2
46678 2
46679 7
46680 0
46681 0
46682 7
46683 0
46684 0
46685 2
46686 2
46687 0
46688 0
46689 2
46690 0
46691 2
46692 2
46693 0
46694 3
46695 0
46696 2
46697 0
46698 2
46699 0
46700 0
46701 0
46702 2
46703 0
46704 2
46705 2
46706 0
46707 2
46708 3
46709 0
46710 0
46711 2
46712 2
46713 2
46714 0
46715 0
46716 2
46717 0
46718 2
46719 0
46720 2
46721 2
46722 0
46723 0
46724 3
46725 3
46726 0
46727 2
46728 11
46729 12
46730 10
46731 10
46732 6
46733 11
46734 7
46735 2
46736 2
46737 7
46738 6
46739 3
46740 7
46741 11
46742 3
46743 8
46744 2
46745 0
46746 12
46747 2
46748 11
46749 7
46750 0
46751 3
46752 0
46753 0
46754 0
46755 2
46756 2
46757 0
46758 2
46759 2
46760 2
46761 2
46762 2
46763 2
46764 0
46765 0
46766 2
46767 0
46768 2
46769 2
46770 0
46771 3
46772 0
46773 2
46774 0
46775 0
46776 8
46777 2
46778 2
46779 14
46780 2
46781 3
46782 2
46783 2
46784 0
46785 0
46786 2
46787 2
46788 7
46789 5
46790 2
46791 2
46792 2
46793 3
46794 11
46795 2
46796 0
46797 3
46798 2
46799 0
46800 2
46801 0
46802 7
46803 2
46804 2
46805 3
46806 2
46807 2
46808 7
46809 2
46810 2
46811 0
46812 2
46813 0
46814 2
46815 2
46816 0
46817 2
46818 2
46819 2
46820 0
46821 0
46822 0
46823 0
46824 0
46825 0
46826 2
46827 2
46828 0
46829 0
46830 0
46831 0
46832 2
46833 7
46834 0
46835 7
46836 3
46837 2
46838 2
46839 0
46840 0
46841 0
46842 0
46843 0
46844 0
46845 0
46846 0
46847 0
46848 2
46849 0
46850 0
46851 0
46852 0
46853 2
46854 0
46855 0
46856 7
46857 2
46858 3
46859 0
46860 0
46861 0
46862 0
46863 0
46864 0
46865 0
46866 7
46867 0
46868 0
46869 0
46870 0
46871 0
46872 0
46873 0
46874 0
46875 0
46876 0
46877 0
46878 0
46879 0
46880 2
46881 0
46882 0
46883 0
46884 2
46885 2
46886 2
46887 3
46888 0
46889 2
46890 2
46891 2
46892 2
46893 2
46894 11
46895 2
46896 6
46897 0
46898 2
46899 2
46900 2
46901 2
46902 0
46903 3
46904 6
46905 3
46906 0
46907 0
46908 0
46909 0
46910 8
46911 2
46912 3
46913 2
46914 11
46915 12
46916 2
46917 12
46918 0
46919 2
46920 2
46921 7
46922 0
46923 0
46924 0
46925 7
46926 3
46927 0
46928 2
46929 0
46930 2
46931 2
46932 0
46933 0
46934 2
46935 2
46936 0
46937 3
46938 7
46939 11
46940 7
46941 7
46942 2
46943 0
46944 0
46945 2
46946 0
46947 7
46948 7
46949 2
46950 0
46951 7
46952 0
46953 0
46954 2
46955 0
46956 0
46957 2
46958 0
46959 0
46960 0
46961 0
46962 0
46963 0
46964 0
46965 2
46966 7
46967 2
46968 0
46969 0
46970 2
46971 0
46972 0
46973 0
46974 2
46975 0
46976 0
46977 0
46978 0
46979 0
46980 0
46981 0
46982 0
46983 0
46984 0
46985 0
46986 0
46987 0
46988 0
46989 0
46990 0
46991 2
46992 0
46993 0
46994 2
46995 7
46996 0
46997 2
46998 7
46999 2
47000 0
47001 0
47002 0
47003 0
47004 0
47005 0
47006 6
47007 0
47008 2
47009 0
47010 7
47011 0
47012 0
47013 2
47014 2
47015 2
47016 0
47017 0
47018 0
47019 0
47020 7
47021 3
47022 2
47023 2
47024 6
47025 7
47026 0
47027 0
47028 0
47029 0
47030 2
47031 2
47032 2
47033 2
47034 2
47035 2
47036 2
47037 0
47038 7
47039 12
47040 0
47041 3
47042 2
47043 2
47044 2
47045 7
47046 2
47047 0
47048 2
47049 2
47050 2
47051 3
47052 0
47053 0
47054 0
47055 2
47056 2
47057 0
47058 2
47059 2
47060 2
47061 0
47062 2
47063 0
47064 2
47065 2
47066 3
47067 3
47068 2
47069 0
47070 0
47071 2
47072 2
47073 2
47074 2
47075 2
47076 2
47077 0
47078 2
47079 2
47080 2
47081 8
47082 0
47083 0
47084 3
47085 10
47086 3
47087 0
47088 7
47089 7
47090 11
47091 2
47092 0
47093 0
47094 3
47095 2
47096 0
47097 0
47098 6
47099 2
47100 0
47101 3
47102 7
47103 0
47104 0
47105 3
47106 0
47107 0
47108 0
47109 0
47110 2
47111 0
47112 0
47113 7
47114 0
47115 0
47116 11
47117 0
47118 0
47119 2
47120 0
47121 3
47122 3
47123 0
47124 2
47125 0
47126 0
47127 2
47128 3
47129 0
47130 2
47131 0
47132 2
47133 2
47134 0
47135 2
47136 0
47137 0
47138 7
47139 12
47140 12
47141 2
47142 2
47143 12
47144 7
47145 2
47146 6
47147 2
47148 13
47149 2
47150 2
47151 3
47152 12
47153 7
47154 6
47155 7
47156 14
47157 3
47158 12
47159 7
47160 12
47161 3
47162 9
47163 11
47164 0
47165 1
47166 12
47167 3
47168 2
47169 1
47170 0
47171 3
47172 11
47173 2
47174 10
47175 12
47176 2
47177 12
47178 7
47179 12
47180 7
47181 8
47182 7
47183 11
47184 2
47185 6
47186 6
47187 2
47188 2
47189 8
47190 6
47191 6
47192 2
47193 7
47194 2
47195 6
47196 2
47197 11
47198 3
47199 5
47200 12
47201 12
47202 12
47203 2
47204 8
47205 12
47206 11
47207 10
47208 11
47209 12
47210 11
47211 12
47212 6
47213 9
47214 11
47215 3
47216 7
47217 2
47218 7
47219 6
47220 10
47221 0
47222 12
47223 8
47224 12
47225 6
47226 0
47227 12
47228 10
47229 12
47230 7
47231 12
47232 3
47233 6
47234 1
47235 11
47236 11
47237 11
47238 6
47239 7
47240 12
47241 2
47242 6
47243 7
47244 2
47245 8
47246 11
47247 3
47248 6
47249 6
47250 14
47251 6
47252 7
47253 12
47254 13
47255 14
47256 11
47257 6
47258 2
47259 11
47260 2
47261 7
47262 6
47263 11
47264 6
47265 11
47266 7
47267 3
47268 3
47269 10
47270 12
47271 3
47272 11
47273 9
47274 10
47275 12
47276 3
47277 6
47278 2
47279 11
47280 6
47281 3
47282 6
47283 6
47284 14
47285 6
47286 12
47287 6
47288 11
47289 10
47290 4
47291 11
47292 5
47293 2
47294 4
47295 11
47296 2
47297 6
47298 8
47299 11
47300 8
47301 4
47302 0
47303 2
47304 9
47305 12
47306 10
47307 7
47308 10
47309 2
47310 0
47311 12
47312 2
47313 6
47314 6
47315 7
47316 8
47317 10
47318 2
47319 12
47320 12
47321 12
47322 6
47323 11
47324 8
47325 11
47326 1
47327 7
47328 6
47329 8
47330 8
47331 2
47332 7
47333 3
47334 8
47335 7
47336 6
47337 11
47338 3
47339 11
47340 2
47341 11
47342 12
47343 6
47344 12
47345 3
47346 4
47347 3
47348 11
47349 6
47350 5
47351 2
47352 2
47353 6
47354 3
47355 2
47356 2
47357 3
47358 2
47359 2
47360 2
47361 0
47362 6
47363 0
47364 2
47365 7
47366 0
47367 0
47368 3
47369 6
47370 7
47371 7
47372 0
47373 0
47374 14
47375 0
47376 14
47377 6
47378 2
47379 8
47380 0
47381 8
47382 0
47383 0
47384 2
47385 11
47386 0
47387 0
47388 0
47389 2
47390 0
47391 0
47392 12
47393 2
47394 2
47395 12
47396 11
47397 2
47398 2
47399 2
47400 3
47401 2
47402 2
47403 0
47404 0
47405 2
47406 2
47407 10
47408 6
47409 6
47410 7
47411 11
47412 8
47413 0
47414 6
47415 2
47416 6
47417 13
47418 2
47419 2
47420 0
47421 2
47422 2
47423 2
47424 2
47425 2
47426 6
47427 7
47428 2
47429 3
47430 0
47431 0
47432 2
47433 11
47434 2
47435 3
47436 0
47437 2
47438 2
47439 6
47440 0
47441 6
47442 11
47443 8
47444 2
47445 2
47446 0
47447 0
47448 2
47449 0
47450 0
47451 3
47452 0
47453 2
47454 3
47455 2
47456 2
47457 0
47458 6
47459 12
47460 7
47461 14
47462 2
47463 11
47464 7
47465 5
47466 7
47467 7
47468 7
47469 10
47470 6
47471 2
47472 6
47473 12
47474 7
47475 11
47476 9
47477 3
47478 6
47479 2
47480 7
47481 6
47482 3
47483 6
47484 2
47485 2
47486 2
47487 8
47488 8
47489 8
47490 12
47491 5
47492 3
47493 3
47494 2
47495 8
47496 11
47497 7
47498 3
47499 3
47500 7
47501 0
47502 2
47503 5
47504 2
47505 10
47506 6
47507 12
47508 2
47509 14
47510 2
47511 2
47512 2
47513 2
47514 7
47515 10
47516 2
47517 12
47518 14
47519 1
47520 6
47521 6
47522 6
47523 6
47524 7
47525 2
47526 2
47527 0
47528 2
47529 0
47530 2
47531 2
47532 12
47533 2
47534 3
47535 2
47536 6
47537 12
47538 10
47539 2
47540 11
47541 0
47542 2
47543 2
47544 3
47545 3
47546 7
47547 8
47548 3
47549 3
47550 2
47551 3
47552 2
47553 11
47554 6
47555 3
47556 7
47557 10
47558 11
47559 2
47560 2
47561 3
47562 10
47563 0
47564 0
47565 2
47566 2
47567 8
47568 11
47569 12
47570 6
47571 2
47572 14
47573 3
47574 11
47575 2
47576 10
47577 8
47578 3
47579 5
47580 2
47581 11
47582 2
47583 6
47584 2
47585 2
47586 3
47587 2
47588 3
47589 3
47590 8
47591 6
47592 2
47593 6
47594 2
47595 2
47596 2
47597 2
47598 7
47599 0
47600 2
47601 2
47602 14
47603 2
47604 0
47605 7
47606 2
47607 2
47608 7
47609 2
47610 3
47611 2
47612 2
47613 8
47614 0
47615 0
47616 3
47617 0
47618 0
47619 3
47620 7
47621 2
47622 2
47623 2
47624 0
47625 0
47626 2
47627 0
47628 0
47629 0
47630 0
47631 3
47632 3
47633 3
47634 3
47635 6
47636 7
47637 2
47638 2
47639 0
47640 3
47641 3
47642 2
47643 2
47644 11
47645 2
47646 2
47647 3
47648 2
47649 0
47650 2
47651 0
47652 0
47653 2
47654 2
47655 2
47656 2
47657 2
47658 0
47659 6
47660 0
47661 0
47662 2
47663 2
47664 7
47665 10
47666 7
47667 2
47668 6
47669 12
47670 3
47671 10
47672 11
47673 3
47674 2
47675 7
47676 0
47677 6
47678 2
47679 3
47680 2
47681 12
47682 8
47683 12
47684 2
47685 2
47686 9
47687 7
47688 2
47689 3
47690 11
47691 2
47692 6
47693 7
47694 6
47695 2
47696 6
47697 7
47698 0
47699 3
47700 6
47701 3
47702 3
47703 14
47704 6
47705 2
47706 3
47707 0
47708 12
47709 7
47710 2
47711 12
47712 5
47713 6
47714 3
47715 0
47716 3
47717 6
47718 12
47719 7
47720 2
47721 7
47722 0
47723 0
47724 0
47725 2
47726 2
47727 2
47728 0
47729 0
47730 2
47731 2
47732 3
47733 3
47734 11
47735 0
47736 14
47737 12
47738 7
47739 11
47740 0
47741 6
47742 0
47743 2
47744 10
47745 6
47746 5
47747 12
47748 12
47749 12
47750 6
47751 12
47752 8
47753 3
47754 7
47755 1
47756 5
47757 6
47758 6
47759 6
47760 2
47761 2
47762 2
47763 3
47764 11
47765 7
47766 3
47767 0
47768 5
47769 7
47770 4
47771 11
47772 11
47773 7
47774 12
47775 7
47776 3
47777 2
47778 6
47779 0
47780 12
47781 7
47782 5
47783 7
47784 6
47785 2
47786 0
47787 0
47788 3
47789 2
47790 0
47791 7
47792 8
47793 2
47794 0
47795 0
47796 6
47797 2
47798 3
47799 12
47800 7
47801 11
47802 6
47803 11
47804 10
47805 0
47806 7
47807 2
47808 3
47809 8
47810 8
47811 0
47812 0
47813 2
47814 2
47815 0
47816 0
47817 0
47818 8
47819 2
47820 0
47821 2
47822 0
47823 2
47824 2
47825 3
47826 0
47827 0
47828 0
47829 2
47830 0
47831 0
47832 11
47833 2
47834 3
47835 6
47836 2
47837 2
47838 2
47839 2
47840 2
47841 2
47842 3
47843 7
47844 12
47845 3
47846 6
47847 2
47848 8
47849 3
47850 7
47851 3
47852 11
47853 8
47854 3
47855 12
47856 8
47857 10
47858 12
47859 11
47860 11
47861 12
47862 2
47863 6
47864 9
47865 12
47866 8
47867 12
47868 2
47869 8
47870 1
47871 4
47872 6
47873 1
47874 6
47875 12
47876 2
47877 12
47878 9
47879 12
47880 6
47881 12
47882 14
47883 7
47884 7
47885 3
47886 6
47887 9
47888 1
47889 6
47890 0
47891 7
47892 7
47893 3
47894 0
47895 10
47896 3
47897 11
47898 0
47899 7
47900 3
47901 0
47902 3
47903 6
47904 2
47905 2
47906 12
47907 8
47908 0
47909 0
47910 2
47911 2
47912 2
47913 0
47914 0
47915 2
47916 8
47917 0
47918 0
47919 2
47920 11
47921 2
47922 3
47923 7
47924 6
47925 7
47926 2
47927 2
47928 7
47929 2
47930 0
47931 3
47932 2
47933 7
47934 2
47935 11
47936 7
47937 2
47938 0
47939 2
47940 0
47941 2
47942 8
47943 6
47944 3
47945 7
47946 10
47947 2
47948 11
47949 2
47950 2
47951 2
47952 0
47953 3
47954 2
47955 2
47956 2
47957 0
47958 0
47959 2
47960 0
47961 2
47962 6
47963 2
47964 6
47965 0
47966 0
47967 2
47968 3
47969 0
47970 8
47971 2
47972 2
47973 7
47974 2
47975 0
47976 2
47977 3
47978 2
47979 12
47980 2
47981 7
47982 8
47983 11
47984 2
47985 2
47986 3
47987 2
47988 2
47989 2
47990 0
47991 7
47992 2
47993 0
47994 0
47995 2
47996 2
47997 0
47998 0
47999 2
48000 0
48001 3
48002 2
48003 0
48004 0
48005 0
48006 0
48007 0
48008 2
48009 0
48010 7
48011 2
48012 8
48013 2
48014 2
48015 0
48016 0
48017 7
48018 0
48019 0
48020 2
48021 2
48022 2
48023 2
48024 0
48025 0
48026 0
48027 0
48028 2
48029 2
48030 12
48031 0
48032 2
48033 2
48034 0
48035 0
48036 11
48037 0
48038 0
48039 2
48040 2
48041 0
48042 2
48043 0
48044 0
48045 2
48046 2
48047 0
48048 3
48049 7
48050 0
48051 2
48052 2
48053 0
48054 2
48055 7
48056 3
48057 0
48058 2
48059 0
48060 0
48061 0
48062 2
48063 3
48064 0
48065 0
48066 2
48067 2
48068 3
48069 3
48070 2
48071 0
48072 8
48073 0
48074 7
48075 0
48076 2
48077 0
48078 2
48079 2
48080 0
48081 0
48082 0
48083 2
48084 2
48085 3
48086 0
48087 2
48088 0
48089 0
48090 2
48091 0
48092 0
48093 2
48094 11
48095 2
48096 2
48097 2
48098 2
48099 6
48100 0
48101 0
48102 0
48103 2
48104 0
48105 3
48106 0
48107 2
48108 0
48109 6
48110 2
48111 2
48112 0
48113 2
48114 0
48115 7
48116 3
48117 2
48118 3
48119 3
48120 11
48121 2
48122 2
48123 2
48124 0
48125 10
48126 0
48127 0
48128 3
48129 3
48130 3
48131 8
48132 2
48133 12
48134 0
48135 2
48136 2
48137 0
48138 2
48139 11
48140 8
48141 7
48142 0
48143 2
48144 6
48145 2
48146 6
48147 2
48148 1
48149 11
48150 2
48151 2
48152 3
48153 3
48154 2
48155 2
48156 8
48157 14
48158 2
48159 0
48160 0
48161 6
48162 2
48163 2
48164 2
48165 3
48166 2
48167 6
48168 12
48169 11
48170 2
48171 10
48172 12
48173 2
48174 7
48175 2
48176 2
48177 0
48178 7
48179 2
48180 2
48181 3
48182 10
48183 2
48184 2
48185 3
48186 3
48187 11
48188 3
48189 7
48190 2
48191 2
48192 6
48193 0
48194 2
48195 7
48196 2
48197 2
48198 3
48199 6
48200 2
48201 8
48202 7
48203 2
48204 2
48205 7
48206 0
48207 2
48208 0
48209 2
48210 3
48211 3
48212 3
48213 2
48214 6
48215 11
48216 7
48217 3
48218 14
48219 5
48220 12
48221 8
48222 6
48223 2
48224 2
48225 0
48226 0
48227 0
48228 3
48229 0
48230 2
48231 0
48232 7
48233 0
48234 0
48235 2
48236 2
48237 2
48238 0
48239 2
48240 0
48241 0
48242 0
48243 0
48244 12
48245 0
48246 2
48247 13
48248 0
48249 0
48250 0
48251 2
48252 13
48253 2
48254 0
48255 0
48256 2
48257 2
48258 3
48259 2
48260 2
48261 2
48262 0
48263 2
48264 2
48265 2
48266 0
48267 2
48268 3
48269 6
48270 0
48271 0
48272 6
48273 2
48274 3
48275 0
48276 2
48277 2
48278 0
48279 3
48280 0
48281 2
48282 7
48283 2
48284 2
48285 7
48286 3
48287 0
48288 0
48289 2
48290 2
48291 3
48292 2
48293 6
48294 3
48295 0
48296 3
48297 0
48298 2
48299 7
48300 8
48301 3
48302 8
48303 3
48304 7
48305 7
48306 12
48307 0
48308 8
48309 12
48310 2
48311 0
48312 7
48313 2
48314 12
48315 12
48316 2
48317 2
48318 0
48319 2
48320 11
48321 2
48322 2
48323 2
48324 2
48325 2
48326 8
48327 2
48328 0
48329 2
48330 2
48331 3
48332 6
48333 2
48334 2
48335 7
48336 2
48337 3
48338 2
48339 7
48340 3
48341 2
48342 2
48343 7
48344 7
48345 0
48346 11
48347 11
48348 0
48349 7
48350 7
48351 2
48352 11
48353 0
48354 3
48355 0
48356 0
48357 0
48358 2
48359 0
48360 0
48361 7
48362 2
48363 0
48364 2
48365 0
48366 0
48367 0
48368 3
48369 0
48370 0
48371 0
48372 2
48373 7
48374 7
48375 2
48376 0
48377 2
48378 2
48379 2
48380 2
48381 7
48382 0
48383 2
48384 7
48385 7
48386 3
48387 2
48388 0
48389 11
48390 10
48391 0
48392 2
48393 2
48394 7
48395 12
48396 11
48397 6
48398 10
48399 7
48400 3
48401 2
48402 0
48403 2
48404 2
48405 7
48406 11
48407 0
48408 3
48409 0
48410 0
48411 2
48412 0
48413 2
48414 0
48415 3
48416 0
48417 3
48418 0
48419 0
48420 2
48421 2
48422 0
48423 3
48424 0
48425 0
48426 0
48427 0
48428 0
48429 0
48430 0
48431 0
48432 8
48433 2
48434 0
48435 2
48436 3
48437 6
48438 11
48439 0
48440 12
48441 10
48442 3
48443 8
48444 0
48445 7
48446 11
48447 3
48448 10
48449 2
48450 2
48451 10
48452 9
48453 1
48454 7
48455 1
48456 7
48457 12
48458 7
48459 10
48460 3
48461 6
48462 10
48463 11
48464 6
48465 6
48466 6
48467 6
48468 9
48469 12
48470 7
48471 6
48472 9
48473 2
48474 2
48475 9
48476 5
48477 6
48478 11
48479 2
48480 10
48481 10
48482 7
48483 10
48484 8
48485 2
48486 10
48487 8
48488 12
48489 2
48490 12
48491 12
48492 8
48493 12
48494 2
48495 0
48496 12
48497 6
48498 12
48499 1
48500 12
48501 8
48502 1
48503 7
48504 5
48505 6
48506 6
48507 7
48508 11
48509 3
48510 0
48511 10
48512 11
48513 12
48514 14
48515 12
48516 3
48517 9
48518 0
48519 8
48520 8
48521 3
48522 11
48523 2
48524 11
48525 6
48526 12
48527 10
48528 10
48529 1
48530 12
48531 8
48532 6
48533 2
48534 11
48535 2
48536 0
48537 0
48538 0
48539 0
48540 3
48541 0
48542 2
48543 2
48544 2
48545 3
48546 3
48547 3
48548 2
48549 2
48550 3
48551 5
48552 2
48553 2
48554 0
48555 7
48556 2
48557 2
48558 0
48559 7
48560 0
48561 0
48562 0
48563 2
48564 2
48565 2
48566 2
48567 3
48568 2
48569 2
48570 6
48571 2
48572 6
48573 8
48574 2
48575 2
48576 11
48577 12
48578 0
48579 6
48580 10
48581 2
48582 2
48583 12
48584 8
48585 6
48586 2
48587 11
48588 10
48589 11
48590 8
48591 7
48592 0
48593 3
48594 7
48595 0
48596 0
48597 0
48598 6
48599 6
48600 0
48601 0
48602 0
48603 0
48604 2
48605 2
48606 8
48607 0
48608 3
48609 2
48610 7
48611 11
48612 2
48613 3
48614 2
48615 7
48616 2
48617 3
48618 7
48619 2
48620 2
48621 2
48622 6
48623 2
48624 6
48625 8
48626 8
48627 7
48628 7
48629 11
48630 3
48631 6
48632 2
48633 0
48634 0
48635 0
48636 8
48637 2
48638 7
48639 7
48640 8
48641 10
48642 11
48643 3
48644 2
48645 3
48646 10
48647 7
48648 2
48649 6
48650 0
48651 7
48652 8
48653 8
48654 4
48655 8
48656 7
48657 6
48658 10
48659 0
48660 8
48661 5
48662 14
48663 11
48664 10
48665 8
48666 10
48667 3
48668 11
48669 3
48670 10
48671 14
48672 11
48673 7
48674 2
48675 3
48676 14
48677 12
48678 12
48679 0
48680 12
48681 6
48682 3
48683 8
48684 12
48685 2
48686 12
48687 12
48688 6
48689 7
48690 12
48691 12
48692 2
48693 2
48694 6
48695 3
48696 7
48697 11
48698 6
48699 12
48700 7
48701 2
48702 2
48703 6
48704 6
48705 2
48706 2
48707 11
48708 2
48709 2
48710 2
48711 2
48712 2
48713 9
48714 12
48715 6
48716 3
48717 2
48718 3
48719 6
48720 12
48721 10
48722 9
48723 3
48724 12
48725 7
48726 6
48727 8
48728 12
48729 2
48730 2
48731 6
48732 7
48733 3
48734 12
48735 2
48736 7
48737 7
48738 2
48739 2
48740 3
48741 3
48742 2
48743 2
48744 3
48745 2
48746 7
48747 6
48748 5
48749 2
48750 3
48751 11
48752 8
48753 7
48754 2
48755 6
48756 6
48757 11
48758 11
48759 6
48760 2
48761 9
48762 3
48763 8
48764 12
48765 2
48766 11
48767 7
48768 12
48769 9
48770 3
48771 3
48772 14
48773 14
48774 2
48775 7
48776 11
48777 8
48778 3
48779 12
48780 12
48781 2
48782 7
48783 11
48784 12
48785 14
48786 7
48787 0
48788 2
48789 0
48790 9
48791 12
48792 3
48793 10
48794 12
48795 3
48796 8
48797 5
48798 8
48799 11
48800 8
48801 10
48802 0
48803 12
48804 2
48805 1
48806 2
48807 12
48808 3
48809 5
48810 7
48811 14
48812 2
48813 6
48814 1
48815 11
48816 3
48817 8
48818 3
48819 9
48820 4
48821 6
48822 9
48823 8
48824 2
48825 12
48826 14
48827 4
48828 10
48829 11
48830 2
48831 12
48832 12
48833 2
48834 2
48835 12
48836 12
48837 11
48838 12
48839 2
48840 8
48841 3
48842 1
48843 12
48844 6
48845 12
48846 3
48847 12
48848 7
48849 14
48850 12
48851 10
48852 6
48853 12
48854 3
48855 12
48856 2
48857 12
48858 10
48859 12
48860 12
48861 2
48862 2
48863 12
48864 10
48865 7
48866 6
48867 12
48868 5
48869 3
48870 7
48871 10
48872 8
48873 0
48874 2
48875 2
48876 6
48877 10
48878 10
48879 3
48880 6
48881 6
48882 5
48883 6
48884 6
48885 0
48886 11
48887 12
48888 12
48889 14
48890 10
48891 6
48892 6
48893 7
48894 7
48895 6
48896 12
48897 11
48898 2
48899 3
48900 7
48901 3
48902 3
48903 6
48904 0
48905 6
48906 12
48907 4
48908 8
48909 6
48910 3
48911 7
48912 6
48913 2
48914 11
48915 4
48916 7
48917 8
48918 12
48919 8
48920 7
48921 6
48922 8
48923 3
48924 0
48925 2
48926 6
48927 8
48928 12
48929 6
48930 3
48931 10
48932 10
48933 7
48934 7
48935 2
48936 5
48937 7
48938 6
48939 3
48940 10
48941 13
48942 3
48943 11
48944 7
48945 7
48946 7
48947 11
48948 5
48949 7
48950 9
48951 2
48952 8
48953 9
48954 3
48955 2
48956 8
48957 2
48958 7
48959 6
48960 10
48961 6
48962 7
48963 1
48964 12
48965 7
48966 14
48967 6
48968 7
48969 14
48970 7
48971 12
48972 13
48973 6
48974 11
48975 12
48976 2
48977 8
48978 14
48979 6
48980 2
48981 11
48982 12
48983 7
48984 6
48985 11
48986 7
48987 2
48988 3
48989 7
48990 12
48991 3
48992 11
48993 0
48994 7
48995 6
48996 11
48997 0
48998 5
48999 6
49000 11
49001 12
49002 2
49003 2
49004 5
49005 10
49006 7
49007 12
49008 12
49009 6
49010 6
49011 2
49012 7
49013 6
49014 4
49015 7
49016 11
49017 12
49018 6
49019 8
49020 7
49021 12
49022 5
49023 12
49024 12
49025 12
49026 10
49027 6
49028 10
49029 3
49030 2
49031 12
49032 11
49033 8
49034 7
49035 7
49036 11
49037 1
49038 5
49039 5
49040 14
49041 12
49042 7
49043 12
49044 5
49045 4
49046 2
49047 3
49048 10
49049 7
49050 12
49051 8
49052 5
49053 11
49054 3
49055 12
49056 2
49057 2
49058 7
49059 0
49060 3
49061 12
49062 6
49063 6
49064 3
49065 6
49066 11
49067 12
49068 6
49069 11
49070 2
49071 3
49072 6
49073 0
49074 10
49075 12
49076 2
49077 7
49078 2
49079 2
49080 0
49081 0
49082 6
49083 2
49084 7
49085 0
49086 12
49087 12
49088 7
49089 7
49090 11
49091 4
49092 2
49093 8
49094 0
49095 9
49096 7
49097 2
49098 3
49099 12
49100 11
49101 7
49102 2
49103 2
49104 2
49105 3
49106 8
49107 6
49108 7
49109 2
49110 2
49111 2
49112 2
49113 0
49114 2
49115 2
49116 2
49117 0
49118 0
49119 0
49120 2
49121 2
49122 2
49123 2
49124 0
49125 11
49126 2
49127 3
49128 2
49129 2
49130 11
49131 2
49132 0
49133 3
49134 2
49135 2
49136 2
49137 0
49138 2
49139 8
49140 7
49141 0
49142 7
49143 0
49144 0
49145 6
49146 2
49147 0
49148 2
49149 0
49150 0
49151 0
49152 0
49153 0
49154 7
49155 2
49156 0
49157 0
49158 6
49159 2
49160 7
49161 5
49162 0
49163 2
49164 2
49165 6
49166 2
49167 2
49168 2
49169 2
49170 8
49171 2
49172 3
49173 11
49174 6
49175 0
49176 2
49177 2
49178 0
49179 4
49180 0
49181 7
49182 0
49183 6
49184 2
49185 2
49186 6
49187 2
49188 11
49189 0
49190 6
49191 3
49192 2
49193 8
49194 10
49195 8
49196 7
49197 3
49198 3
49199 7
49200 7
49201 7
49202 0
49203 7
49204 2
49205 0
49206 0
49207 0
49208 0
49209 0
49210 0
49211 0
49212 0
49213 0
49214 2
49215 3
49216 0
49217 0
49218 0
49219 0
49220 0
49221 0
49222 0
49223 0
49224 0
49225 2
49226 0
49227 0
49228 2
49229 7
49230 2
49231 0
49232 6
49233 0
49234 2
49235 11
49236 0
49237 7
49238 2
49239 0
49240 0
49241 0
49242 0
49243 11
49244 7
49245 3
49246 11
49247 11
49248 2
49249 0
49250 0
49251 0
49252 0
49253 0
49254 0
49255 0
49256 0
49257 2
49258 0
49259 0
49260 2
49261 0
49262 2
49263 2
49264 0
49265 0
49266 0
49267 0
49268 0
49269 2
49270 0
49271 0
49272 2
49273 2
49274 2
49275 2
49276 2
49277 0
49278 2
49279 2
49280 8
49281 0
49282 2
49283 6
49284 2
49285 0
49286 3
49287 2
49288 0
49289 7
49290 0
49291 0
49292 0
49293 2
49294 2
49295 0
49296 7
49297 2
49298 2
49299 6
49300 3
49301 0
49302 3
49303 7
49304 2
49305 2
49306 10
49307 2
49308 2
49309 2
49310 6
49311 2
49312 10
49313 6
49314 2
49315 2
49316 3
49317 2
49318 11
49319 0
49320 6
49321 0
49322 6
49323 2
49324 3
49325 6
49326 3
49327 3
49328 11
49329 7
49330 3
49331 6
49332 2
49333 3
49334 3
49335 11
49336 3
49337 0
49338 2
49339 10
49340 2
49341 7
49342 2
49343 2
49344 8
49345 2
49346 11
49347 7
49348 7
49349 3
49350 0
49351 7
49352 2
49353 7
49354 0
49355 12
49356 2
49357 3
49358 12
49359 6
49360 8
49361 14
49362 6
49363 6
49364 11
49365 0
49366 11
49367 7
49368 3
49369 2
49370 10
49371 9
49372 14
49373 12
49374 2
49375 9
49376 3
49377 10
49378 10
49379 7
49380 7
49381 6
49382 6
49383 7
49384 2
49385 7
49386 3
49387 8
49388 6
49389 2
49390 2
49391 8
49392 3
49393 2
49394 7
49395 12
49396 7
49397 3
49398 14
49399 6
49400 0
49401 12
49402 3
49403 2
49404 3
49405 2
49406 3
49407 2
49408 7
49409 10
49410 2
49411 7
49412 7
49413 7
49414 7
49415 0
49416 7
49417 2
49418 2
49419 6
49420 2
49421 6
49422 3
49423 7
49424 7
49425 2
49426 11
49427 2
49428 11
49429 7
49430 2
49431 3
49432 2
49433 10
49434 11
49435 3
49436 7
49437 10
49438 2
49439 7
49440 3
49441 2
49442 8
49443 6
49444 6
49445 8
49446 7
49447 7
49448 2
49449 6
49450 7
49451 6
49452 7
49453 6
49454 2
49455 2
49456 3
49457 11
49458 3
49459 6
49460 2
49461 6
49462 3
49463 0
49464 2
49465 0
49466 2
49467 12
49468 2
49469 3
49470 3
49471 8
49472 2
49473 8
49474 2
49475 2
49476 0
49477 6
49478 3
49479 6
49480 3
49481 8
49482 2
49483 2
49484 2
49485 10
49486 2
49487 0
49488 2
49489 2
49490 7
49491 8
49492 6
49493 3
49494 2
49495 0
49496 0
49497 7
49498 2
49499 3
49500 13
49501 10
49502 8
49503 10
49504 2
49505 2
49506 2
49507 3
49508 2
49509 3
49510 2
49511 11
49512 2
49513 3
49514 8
49515 2
49516 8
49517 3
49518 2
49519 10
49520 7
49521 6
49522 2
49523 2
49524 7
49525 6
49526 6
49527 3
49528 6
49529 7
49530 6
49531 9
49532 3
49533 0
49534 2
49535 2
49536 6
49537 11
49538 7
49539 2
49540 2
49541 2
49542 7
49543 3
49544 7
49545 3
49546 3
49547 2
49548 3
49549 7
49550 12
49551 6
49552 10
49553 10
49554 2
49555 6
49556 2
49557 0
49558 8
49559 8
49560 3
49561 7
49562 2
49563 2
49564 0
49565 7
49566 7
49567 11
49568 0
49569 2
49570 2
49571 6
49572 2
49573 0
49574 3
49575 2
49576 0
49577 2
49578 2
49579 2
49580 0
49581 0
49582 2
49583 2
49584 0
49585 0
49586 2
49587 2
49588 2
49589 0
49590 3
49591 2
49592 2
49593 0
49594 0
49595 6
49596 0
49597 2
49598 0
49599 0
49600 7
49601 0
49602 2
49603 2
49604 2
49605 0
49606 0
49607 3
49608 2
49609 2
49610 2
49611 0
49612 2
49613 2
49614 0
49615 7
49616 10
49617 0
49618 0
49619 0
49620 0
49621 0
49622 0
49623 0
49624 0
49625 0
49626 0
49627 7
49628 0
49629 0
49630 0
49631 0
49632 2
49633 0
49634 0
49635 7
49636 7
49637 2
49638 14
49639 2
49640 7
49641 2
49642 2
49643 3
49644 3
49645 2
49646 0
49647 0
49648 7
49649 2
49650 0
49651 2
49652 7
49653 3
49654 2
49655 7
49656 7
49657 2
49658 0
49659 0
49660 2
49661 3
49662 7
49663 11
49664 3
49665 14
49666 2
49667 0
49668 0
49669 0
49670 7
49671 2
49672 2
49673 2
49674 0
49675 2
49676 2
49677 6
49678 2
49679 2
49680 6
49681 2
49682 2
49683 2
49684 2
49685 0
49686 2
49687 0
49688 6
49689 7
49690 2
49691 3
49692 6
49693 2
49694 6
49695 7
49696 2
49697 8
49698 2
49699 4
49700 7
49701 3
49702 0
49703 7
49704 2
49705 2
49706 0
49707 2
49708 2
49709 2
49710 2
49711 0
49712 2
49713 2
49714 2
49715 7
49716 2
49717 2
49718 0
49719 7
49720 2
49721 2
49722 2
49723 6
49724 2
49725 2
49726 0
49727 2
49728 2
49729 0
49730 7
49731 0
49732 6
49733 2
49734 2
49735 2
49736 2
49737 10
49738 0
49739 2
49740 7
49741 0
49742 11
49743 2
49744 3
49745 3
49746 0
49747 2
49748 0
49749 2
49750 8
49751 2
49752 3
49753 0
49754 2
49755 7
49756 3
49757 2
49758 2
49759 2
49760 2
49761 0
49762 2
49763 0
49764 3
49765 2
49766 6
49767 14
49768 2
49769 2
49770 2
49771 2
49772 6
49773 6
49774 0
49775 2
49776 7
49777 0
49778 6
49779 3
49780 0
49781 2
49782 2
49783 0
49784 0
49785 2
49786 0
49787 0
49788 2
49789 0
49790 0
49791 2
49792 2
49793 7
49794 2
49795 0
49796 8
49797 0
49798 2
49799 2
49800 2
49801 2
49802 3
49803 2
49804 3
49805 0
49806 0
49807 2
49808 3
49809 6
49810 7
49811 6
49812 0
49813 2
49814 6
49815 2
49816 11
49817 2
49818 2
49819 11
49820 7
49821 2
49822 7
49823 2
49824 3
49825 0
49826 6
49827 2
49828 3
49829 14
49830 10
49831 0
49832 0
49833 2
49834 2
49835 7
49836 7
49837 7
49838 2
49839 11
49840 8
49841 6
49842 8
49843 6
49844 8
49845 2
49846 7
49847 3
49848 7
49849 6
49850 6
49851 2
49852 8
49853 2
49854 6
49855 3
49856 7
49857 11
49858 2
49859 6
49860 2
49861 7
49862 7
49863 2
49864 9
49865 2
49866 11
49867 7
49868 6
49869 2
49870 2
49871 6
49872 2
49873 3
49874 11
49875 5
49876 2
49877 2
49878 2
49879 7
49880 3
49881 7
49882 2
49883 6
49884 0
49885 0
49886 7
49887 2
49888 0
49889 0
49890 2
49891 0
49892 2
49893 8
49894 2
49895 3
49896 0
49897 2
49898 0
49899 2
49900 7
49901 11
49902 0
49903 2
49904 3
49905 8
49906 2
49907 7
49908 6
49909 0
49910 0
49911 0
49912 6
49913 2
49914 2
49915 2
49916 2
49917 2
49918 0
49919 7
49920 2
49921 3
49922 3
49923 6
49924 2
49925 2
49926 7
49927 2
49928 7
49929 2
49930 11
49931 3
49932 3
49933 11
49934 2
49935 2
49936 0
49937 3
49938 7
49939 7
49940 7
49941 7
49942 2
49943 7
49944 3
49945 6
49946 2
49947 0
49948 3
49949 2
49950 0
49951 2
49952 7
49953 0
49954 2
49955 2
49956 2
49957 2
49958 6
49959 0
49960 2
49961 0
49962 3
49963 0
49964 2
49965 0
49966 7
49967 0
49968 7
49969 0
49970 7
49971 0
49972 2
49973 2
49974 2
49975 2
49976 2
49977 0
49978 0
49979 6
49980 2
49981 0
49982 3
49983 0
49984 2
49985 0
49986 2
49987 3
49988 2
49989 2
49990 2
49991 11
49992 0
49993 2
49994 2
49995 2
49996 2
49997 2
49998 0
49999 11
50000 2
50001 2
50002 2
50003 11
50004 0
50005 0
50006 2
50007 3
50008 2
50009 8
50010 2
50011 2
50012 3
50013 0
50014 2
50015 7
50016 7
50017 2
50018 2
50019 2
50020 0
50021 2
50022 2
50023 2
50024 0
50025 2
50026 0
50027 2
50028 0
50029 7
50030 2
50031 0
50032 2
50033 2
50034 2
50035 0
50036 0
50037 2
50038 6
50039 2
50040 2
50041 2
50042 2
50043 10
50044 11
50045 2
50046 0
50047 6
50048 0
50049 0
50050 2
50051 0
50052 2
50053 6
50054 0
50055 2
50056 2
50057 0
50058 2
50059 2
50060 7
50061 7
50062 0
50063 0
50064 2
50065 7
50066 2
50067 2
50068 3
50069 3
50070 3
50071 2
50072 0
50073 11
50074 0
50075 0
50076 0
50077 2
50078 2
50079 0
50080 0
50081 0
50082 2
50083 2
50084 2
50085 2
50086 2
50087 2
50088 11
50089 0
50090 7
50091 3
50092 2
50093 2
50094 2
50095 2
50096 2
50097 2
50098 0
50099 3
50100 7
50101 11
50102 2
50103 2
50104 0
50105 7
50106 2
50107 2
50108 7
50109 0
50110 2
50111 2
50112 0
50113 2
50114 2
50115 3
50116 11
50117 2
50118 0
50119 5
50120 2
50121 11
50122 2
50123 2
50124 2
50125 3
50126 6
50127 0
50128 2
50129 2
50130 2
50131 0
50132 2
50133 11
50134 2
50135 0
50136 0
50137 0
50138 6
50139 2
50140 0
50141 2
50142 2
50143 2
50144 2
50145 2
50146 2
50147 2
50148 0
50149 2
50150 2
50151 0
50152 0
50153 2
50154 2
50155 0
50156 0
50157 0
50158 2
50159 2
50160 2
50161 2
50162 7
50163 3
50164 3
50165 7
50166 2
50167 2
50168 0
50169 7
50170 3
50171 2
50172 2
50173 0
50174 2
50175 2
50176 0
50177 2
50178 3
50179 3
50180 0
50181 0
50182 6
50183 3
50184 0
50185 0
50186 0
50187 2
50188 2
50189 2
50190 2
50191 2
50192 3
50193 0
50194 0
50195 2
50196 2
50197 0
50198 3
50199 2
50200 2
50201 0
50202 3
50203 0
50204 3
50205 2
50206 6
50207 2
50208 2
50209 0
50210 2
50211 2
50212 2
50213 2
50214 2
50215 0
50216 2
50217 7
50218 2
50219 0
50220 7
50221 0
50222 0
50223 2
50224 0
50225 2
50226 2
50227 2
50228 3
50229 7
50230 2
50231 7
50232 2
50233 11
50234 2
50235 0
50236 2
50237 3
50238 11
50239 2
50240 10
50241 2
50242 2
50243 12
50244 11
50245 7
50246 2
50247 5
50248 2
50249 2
50250 3
50251 3
50252 0
50253 8
50254 2
50255 2
50256 3
50257 2
50258 2
50259 2
50260 3
50261 7
50262 4
50263 2
50264 0
50265 2
50266 14
50267 0
50268 2
50269 8
50270 2
50271 7
50272 11
50273 11
50274 7
50275 2
50276 12
50277 14
50278 6
50279 7
50280 2
50281 2
50282 2
50283 12
50284 10
50285 10
50286 4
50287 3
50288 6
50289 11
50290 7
50291 2
50292 6
50293 12
50294 10
50295 5
50296 12
50297 6
50298 6
50299 0
50300 12
50301 7
50302 2
50303 12
50304 3
50305 2
50306 2
50307 4
50308 3
50309 2
50310 8
50311 12
50312 12
50313 2
50314 11
50315 2
50316 12
50317 3
50318 2
50319 2
50320 8
50321 12
50322 3
50323 14
50324 6
50325 2
50326 4
50327 6
50328 2
50329 6
50330 3
50331 11
50332 9
50333 3
50334 14
50335 2
50336 1
50337 6
50338 6
50339 12
50340 3
50341 1
50342 10
50343 2
50344 5
50345 2
50346 11
50347 2
50348 8
50349 7
50350 2
50351 7
50352 2
50353 7
50354 0
50355 11
50356 7
50357 3
50358 2
50359 7
50360 6
50361 6
50362 7
50363 3
50364 2
50365 2
50366 8
50367 0
50368 0
50369 2
50370 2
50371 9
50372 11
50373 11
50374 2
50375 0
50376 2
50377 2
50378 7
50379 2
50380 2
50381 10
50382 0
50383 0
50384 3
50385 2
50386 0
50387 3
50388 7
50389 2
50390 2
50391 0
50392 2
50393 2
50394 7
50395 11
50396 2
50397 8
50398 6
50399 7
50400 8
50401 6
50402 2
50403 2
50404 8
50405 2
50406 7
50407 3
50408 2
50409 10
50410 2
50411 6
50412 11
50413 6
50414 2
50415 2
50416 6
50417 8
50418 2
50419 2
50420 2
50421 2
50422 2
50423 6
50424 6
50425 2
50426 0
50427 2
50428 2
50429 2
50430 2
50431 11
50432 2
50433 2
50434 3
50435 2
50436 2
50437 2
50438 2
50439 11
50440 2
50441 2
50442 11
50443 0
50444 7
50445 2
50446 7
50447 7
50448 0
50449 7
50450 0
50451 2
50452 2
50453 6
50454 0
50455 0
50456 8
50457 2
50458 2
50459 2
50460 2
50461 2
50462 14
50463 8
50464 7
50465 2
50466 8
50467 11
50468 8
50469 2
50470 12
50471 12
50472 2
50473 6
50474 7
50475 3
50476 2
50477 2
50478 2
50479 11
50480 2
50481 3
50482 2
50483 7
50484 0
50485 6
50486 2
50487 2
50488 7
50489 14
50490 12
50491 11
50492 2
50493 3
50494 10
50495 3
50496 5
50497 2
50498 3
50499 6
50500 11
50501 6
50502 12
50503 2
50504 8
50505 7
50506 6
50507 7
50508 2
50509 2
50510 7
50511 11
50512 2
50513 11
50514 10
50515 12
50516 6
50517 3
50518 2
50519 7
50520 5
50521 6
50522 11
50523 2
50524 11
50525 3
50526 6
50527 3
50528 7
50529 2
50530 8
50531 2
50532 7
50533 0
50534 2
50535 10
50536 8
50537 9
50538 12
50539 8
50540 7
50541 11
50542 5
50543 12
50544 2
50545 2
50546 7
50547 12
50548 3
50549 11
50550 6
50551 12
50552 12
50553 6
50554 3
50555 6
50556 0
50557 2
50558 2
50559 2
50560 2
50561 3
50562 8
50563 12
50564 6
50565 5
50566 2
50567 7
50568 2
50569 7
50570 12
50571 12
50572 14
50573 1
50574 12
50575 2
50576 12
50577 13
50578 2
50579 7
50580 12
50581 5
50582 10
50583 11
50584 3
50585 3
50586 5
50587 8
50588 2
50589 7
50590 5
50591 6
50592 7
50593 4
50594 3
50595 7
50596 2
50597 10
50598 3
50599 12
50600 3
50601 11
50602 2
50603 3
50604 6
50605 11
50606 7
50607 8
50608 12
50609 2
50610 7
50611 7
50612 6
50613 6
50614 3
50615 6
50616 10
50617 11
50618 2
50619 2
50620 12
50621 8
50622 3
50623 10
50624 3
50625 6
50626 10
50627 0
50628 6
50629 2
50630 0
50631 0
50632 2
50633 7
50634 6
50635 7
50636 11
50637 3
50638 3
50639 2
50640 6
50641 7
50642 0
50643 2
50644 2
50645 12
50646 7
50647 2
50648 8
50649 7
50650 2
50651 12
50652 6
50653 2
50654 2
50655 6
50656 2
50657 6
50658 1
50659 3
50660 5
50661 3
50662 8
50663 7
50664 7
50665 8
50666 2
50667 6
50668 11
50669 6
50670 2
50671 7
50672 10
50673 7
50674 9
50675 2
50676 3
50677 6
50678 8
50679 3
50680 12
50681 2
50682 2
50683 3
50684 12
50685 6
50686 6
50687 2
50688 3
50689 3
50690 2
50691 8
50692 12
50693 6
50694 0
50695 12
50696 7
50697 8
50698 2
50699 2
50700 10
50701 7
50702 3
50703 13
50704 11
50705 7
50706 6
50707 6
50708 2
50709 0
50710 6
50711 11
50712 3
50713 14
50714 12
50715 2
50716 7
50717 0
50718 2
50719 2
50720 10
50721 2
50722 2
50723 2
50724 2
50725 8
50726 3
50727 6
50728 2
50729 2
50730 3
50731 2
50732 8
50733 2
50734 2
50735 0
50736 2
50737 2
50738 2
50739 0
50740 2
50741 2
50742 2
50743 3
50744 3
50745 8
50746 6
50747 2
50748 0
50749 8
50750 2
50751 2
50752 2
50753 0
50754 2
50755 2
50756 2
50757 2
50758 6
50759 3
50760 8
50761 0
50762 2
50763 2
50764 7
50765 0
50766 2
50767 0
50768 2
50769 2
50770 2
50771 0
50772 7
50773 2
50774 2
50775 0
50776 2
50777 2
50778 2
50779 3
50780 8
50781 7
50782 3
50783 0
50784 2
50785 2
50786 14
50787 2
50788 0
50789 2
50790 2
50791 2
50792 0
50793 0
50794 2
50795 2
50796 6
50797 7
50798 0
50799 2
50800 2
50801 6
50802 2
50803 2
50804 2
50805 2
50806 2
50807 3
50808 8
50809 2
50810 2
50811 11
50812 2
50813 2
50814 0
50815 2
50816 2
50817 2
50818 7
50819 0
50820 2
50821 3
50822 3
50823 2
50824 2
50825 7
50826 11
50827 2
50828 2
50829 2
50830 3
50831 8
50832 0
50833 2
50834 0
50835 2
50836 2
50837 10
50838 0
50839 10
50840 6
50841 2
50842 2
50843 3
50844 11
50845 11
50846 12
50847 6
50848 2
50849 10
50850 11
50851 12
50852 11
50853 2
50854 8
50855 11
50856 5
50857 11
50858 12
50859 6
50860 11
50861 2
50862 6
50863 2
50864 0
50865 12
50866 11
50867 5
50868 12
50869 12
50870 10
50871 12
50872 8
50873 3
50874 6
50875 0
50876 2
50877 0
50878 3
50879 11
50880 3
50881 0
50882 8
50883 3
50884 7
50885 3
50886 0
50887 2
50888 8
50889 6
50890 2
50891 0
50892 6
50893 0
50894 2
50895 2
50896 0
50897 0
50898 3
50899 0
50900 0
50901 6
50902 3
50903 6
50904 0
50905 2
50906 2
50907 2
50908 0
50909 2
50910 0
50911 3
50912 0
50913 2
50914 2
50915 0
50916 0
50917 10
50918 6
50919 2
50920 6
50921 8
50922 2
50923 2
50924 2
50925 2
50926 3
50927 2
50928 3
50929 2
50930 2
50931 6
50932 7
50933 2
50934 2
50935 11
50936 3
50937 7
50938 0
50939 2
50940 2
50941 0
50942 0
50943 2
50944 2
50945 7
50946 3
50947 2
50948 0
50949 8
50950 3
50951 7
50952 2
50953 2
50954 2
50955 0
50956 7
50957 3
50958 2
50959 10
50960 2
50961 0
50962 0
50963 6
50964 2
50965 2
50966 2
50967 2
50968 0
50969 11
50970 3
50971 3
50972 11
50973 2
50974 6
50975 2
50976 10
50977 3
50978 6
50979 12
50980 6
50981 5
50982 12
50983 6
50984 0
50985 2
50986 2
50987 3
50988 3
50989 14
50990 6
50991 12
50992 3
50993 2
50994 11
50995 11
50996 6
50997 1
50998 2
50999 10
51000 11
51001 12
51002 6
51003 2
51004 6
51005 8
51006 14
51007 14
51008 7
51009 3
51010 12
51011 10
51012 6
51013 7
51014 11
51015 12
51016 12
51017 3
51018 11
51019 10
51020 2
51021 7
51022 12
51023 11
51024 3
51025 12
51026 6
51027 6
51028 6
51029 6
51030 2
51031 0
51032 11
51033 2
51034 8
51035 9
51036 7
51037 6
51038 6
51039 8
51040 11
51041 7
51042 11
51043 6
51044 7
51045 11
51046 2
51047 8
51048 4
51049 6
51050 8
51051 12
51052 6
51053 10
51054 11
51055 2
51056 11
51057 3
51058 0
51059 2
51060 2
51061 2
51062 2
51063 11
51064 2
51065 2
51066 6
51067 8
51068 14
51069 2
51070 12
51071 3
51072 12
51073 11
51074 7
51075 11
51076 12
51077 12
51078 11
51079 13
51080 2
51081 2
51082 6
51083 8
51084 2
51085 10
51086 11
51087 12
51088 2
51089 2
51090 12
51091 6
51092 12
51093 7
51094 12
51095 8
51096 2
51097 10
51098 6
51099 9
51100 8
51101 2
51102 7
51103 6
51104 13
51105 7
51106 6
51107 12
51108 8
51109 1
51110 14
51111 7
51112 11
51113 14
51114 7
51115 2
51116 7
51117 3
51118 1
51119 2
51120 0
51121 6
51122 12
51123 2
51124 2
51125 6
51126 10
51127 0
51128 3
51129 0
51130 12
51131 6
51132 6
51133 8
51134 3
51135 3
51136 6
51137 14
51138 7
51139 2
51140 6
51141 2
51142 3
51143 2
51144 2
51145 2
51146 2
51147 6
51148 2
51149 4
51150 5
51151 7
51152 2
51153 3
51154 12
51155 7
51156 7
51157 7
51158 7
51159 7
51160 4
51161 3
51162 7
51163 6
51164 7
51165 6
51166 12
51167 7
51168 8
51169 2
51170 2
51171 2
51172 12
51173 1
51174 12
51175 6
51176 14
51177 1
51178 8
51179 11
51180 2
51181 7
51182 6
51183 6
51184 2
51185 14
51186 5
51187 3
51188 6
51189 5
51190 5
51191 11
51192 2
51193 12
51194 3
51195 12
51196 2
51197 11
51198 11
51199 14
51200 11
51201 14
51202 7
51203 10
51204 6
51205 6
51206 11
51207 12
51208 12
51209 7
51210 6
51211 12
51212 6
51213 3
51214 6
51215 12
51216 12
51217 10
51218 8
51219 5
51220 7
51221 12
51222 7
51223 10
51224 11
51225 10
51226 2
51227 3
51228 12
51229 10
51230 8
51231 12
51232 7
51233 3
51234 11
51235 3
51236 8
51237 10
51238 12
51239 2
51240 11
51241 1
51242 10
51243 2
51244 11
51245 2
51246 3
51247 1
51248 2
51249 12
51250 11
51251 5
51252 2
51253 6
51254 6
51255 11
51256 9
51257 12
51258 3
51259 8
51260 6
51261 2
51262 8
51263 3
51264 0
51265 3
51266 11
51267 3
51268 3
51269 7
51270 2
51271 11
51272 8
51273 4
51274 12
51275 6
51276 10
51277 0
51278 0
51279 2
51280 2
51281 2
51282 2
51283 2
51284 2
51285 7
51286 2
51287 2
51288 2
51289 0
51290 0
51291 0
51292 2
51293 2
51294 2
51295 11
51296 0
51297 0
51298 0
51299 0
51300 2
51301 6
51302 3
51303 3
51304 2
51305 0
51306 3
51307 2
51308 0
51309 2
51310 0
51311 2
51312 6
51313 2
51314 2
51315 3
51316 0
51317 3
51318 0
51319 2
51320 0
51321 0
51322 2
51323 2
51324 0
51325 0
51326 2
51327 0
51328 7
51329 7
51330 0
51331 2
51332 2
51333 3
51334 2
51335 2
51336 2
51337 2
51338 2
51339 7
51340 8
51341 6
51342 7
51343 2
51344 11
51345 8
51346 2
51347 3
51348 6
51349 3
51350 0
51351 0
51352 2
51353 2
51354 3
51355 2
51356 0
51357 2
51358 0
51359 2
51360 0
51361 7
51362 0
51363 3
51364 0
51365 2
51366 0
51367 0
51368 2
51369 0
51370 2
51371 0
51372 2
51373 2
51374 2
51375 11
51376 7
51377 0
51378 2
51379 7
51380 2
51381 2
51382 3
51383 0
51384 0
51385 2
51386 0
51387 14
51388 2
51389 6
51390 2
51391 2
51392 2
51393 2
51394 3
51395 2
51396 2
51397 2
51398 0
51399 0
51400 6
51401 2
51402 2
51403 3
51404 2
51405 0
51406 2
51407 2
51408 0
51409 7
51410 8
51411 2
51412 0
51413 12
51414 3
51415 2
51416 2
51417 2
51418 0
51419 2
51420 2
51421 0
51422 0
51423 11
51424 0
51425 3
51426 2
51427 2
51428 0
51429 3
51430 2
51431 2
51432 0
51433 3
51434 2
51435 6
51436 6
51437 0
51438 2
51439 0
51440 2
51441 0
51442 12
51443 3
51444 3
51445 2
51446 0
51447 2
51448 2
51449 2
51450 0
51451 0
51452 2
51453 0
51454 2
51455 2
51456 2
51457 2
51458 2
51459 0
51460 2
51461 2
51462 0
51463 0
51464 0
51465 2
51466 0
51467 0
51468 2
51469 0
51470 0
51471 2
51472 0
51473 0
51474 7
51475 7
51476 3
51477 2
51478 0
51479 2
51480 2
51481 3
51482 0
51483 6
51484 2
51485 2
51486 2
51487 0
51488 0
51489 0
51490 2
51491 3
51492 2
51493 3
51494 2
51495 3
51496 0
51497 10
51498 2
51499 0
51500 11
51501 2
51502 0
51503 0
51504 3
51505 2
51506 2
51507 2
51508 2
51509 2
51510 2
51511 2
51512 0
51513 2
51514 7
51515 11
51516 12
51517 2
51518 7
51519 3
51520 7
51521 2
51522 3
51523 11
51524 2
51525 2
51526 0
51527 3
51528 2
51529 2
51530 2
51531 2
51532 0
51533 2
51534 5
51535 3
51536 3
51537 2
51538 2
51539 3
51540 0
51541 2
51542 2
51543 2
51544 2
51545 0
51546 2
51547 2
51548 2
51549 0
51550 0
51551 2
51552 7
51553 7
51554 0
51555 7
51556 2
51557 2
51558 3
51559 2
51560 3
51561 3
51562 11
51563 2
51564 2
51565 0
51566 0
51567 2
51568 2
51569 8
51570 2
51571 2
51572 2
51573 0
51574 2
51575 0
51576 2
51577 2
51578 3
51579 8
51580 2
51581 2
51582 0
51583 2
51584 2
51585 2
51586 0
51587 2
51588 0
51589 2
51590 3
51591 2
51592 0
51593 2
51594 2
51595 0
51596 3
51597 0
51598 8
51599 2
51600 7
51601 6
51602 0
51603 8
51604 0
51605 2
51606 2
51607 2
51608 2
51609 0
51610 7
51611 7
51612 0
51613 7
51614 3
51615 0
51616 6
51617 3
51618 0
51619 0
51620 3
51621 0
51622 2
51623 2
51624 6
51625 0
51626 2
51627 0
51628 0
51629 2
51630 0
51631 2
51632 0
51633 2
51634 2
51635 0
51636 0
51637 2
51638 2
51639 0
51640 2
51641 7
51642 2
51643 7
51644 7
51645 2
51646 2
51647 10
51648 2
51649 2
51650 3
51651 3
51652 3
51653 10
51654 6
51655 11
51656 10
51657 4
51658 11
51659 8
51660 3
51661 11
51662 3
51663 0
51664 7
51665 0
51666 2
51667 0
51668 3
51669 2
51670 3
51671 11
51672 2
51673 6
51674 11
51675 2
51676 3
51677 2
51678 2
51679 2
51680 3
51681 0
51682 2
51683 0
51684 2
51685 0
51686 2
51687 2
51688 0
51689 2
51690 0
51691 2
51692 0
51693 0
51694 6
51695 6
51696 6
51697 0
51698 2
51699 8
51700 11
51701 3
51702 0
51703 0
51704 2
51705 0
51706 0
51707 0
51708 0
51709 3
51710 11
51711 2
51712 0
51713 3
51714 7
51715 2
51716 2
51717 2
51718 2
51719 2
51720 2
51721 0
51722 2
51723 11
51724 0
51725 10
51726 6
51727 3
51728 7
51729 2
51730 3
51731 2
51732 3
51733 2
51734 2
51735 0
51736 0
51737 2
51738 2
51739 2
51740 2
51741 0
51742 0
51743 6
51744 7
51745 3
51746 2
51747 2
51748 2
51749 11
51750 12
51751 10
51752 2
51753 6
51754 6
51755 6
51756 6
51757 6
51758 11
51759 2
51760 2
51761 12
51762 11
51763 11
51764 6
51765 8
51766 2
51767 10
51768 0
51769 12
51770 10
51771 14
51772 12
51773 6
51774 2
51775 14
51776 11
51777 6
51778 6
51779 7
51780 7
51781 0
51782 10
51783 2
51784 7
51785 10
51786 12
51787 12
51788 10
51789 12
51790 10
51791 11
51792 6
51793 5
51794 11
51795 7
51796 2
51797 3
51798 3
51799 3
51800 6
51801 6
51802 11
51803 12
51804 0
51805 11
51806 12
51807 2
51808 1
51809 12
51810 6
51811 2
51812 14
51813 6
51814 6
51815 6
51816 2
51817 5
51818 10
51819 6
51820 1
51821 6
51822 12
51823 7
51824 3
51825 6
51826 8
51827 2
51828 0
51829 0
51830 2
51831 0
51832 3
51833 2
51834 0
51835 2
51836 0
51837 10
51838 2
51839 2
51840 7
51841 2
51842 2
51843 0
51844 0
51845 2
51846 2
51847 7
51848 2
51849 3
51850 0
51851 0
51852 3
51853 11
51854 7
51855 2
51856 2
51857 2
51858 2
51859 0
51860 2
51861 0
51862 3
51863 7
51864 2
51865 2
51866 0
51867 7
51868 2
51869 0
51870 0
51871 2
51872 0
51873 2
51874 0
51875 2
51876 2
51877 6
51878 2
51879 0
51880 0
51881 0
51882 2
51883 6
51884 2
51885 3
51886 2
51887 3
51888 11
51889 0
51890 2
51891 7
51892 3
51893 2
51894 3
51895 0
51896 2
51897 8
51898 2
51899 0
51900 0
51901 0
51902 6
51903 2
51904 7
51905 2
51906 7
51907 2
51908 2
51909 2
51910 2
51911 12
51912 3
51913 7
51914 12
51915 7
51916 0
51917 2
51918 6
51919 12
51920 12
51921 6
51922 12
51923 7
51924 3
51925 3
51926 7
51927 5
51928 12
51929 1
51930 3
51931 8
51932 7
51933 12
51934 2
51935 6
51936 6
51937 6
51938 12
51939 4
51940 3
51941 7
51942 6
51943 2
51944 2
51945 7
51946 12
51947 2
51948 6
51949 6
51950 8
51951 3
51952 12
51953 12
51954 6
51955 12
51956 12
51957 6
51958 11
51959 5
51960 7
51961 8
51962 2
51963 8
51964 8
51965 8
51966 6
51967 3
51968 1
51969 8
51970 2
51971 6
51972 11
51973 12
51974 14
51975 2
51976 5
51977 10
51978 2
51979 2
51980 1
51981 14
51982 2
51983 2
51984 2
51985 2
51986 7
51987 3
51988 2
51989 8
51990 8
51991 0
51992 2
51993 2
51994 0
51995 3
51996 2
51997 6
51998 6
51999 6
52000 7
52001 10
52002 0
52003 10
52004 6
52005 2
52006 2
52007 9
52008 7
52009 2
52010 2
52011 12
52012 12
52013 6
52014 12
52015 6
52016 6
52017 6
52018 3
52019 2
52020 2
52021 7
52022 7
52023 8
52024 6
52025 3
52026 6
52027 10
52028 7
52029 3
52030 11
52031 12
52032 7
52033 0
52034 3
52035 11
52036 2
52037 2
52038 2
52039 12
52040 9
52041 6
52042 3
52043 11
52044 5
52045 7
52046 1
52047 2
52048 2
52049 10
52050 2
52051 7
52052 2
52053 3
52054 6
52055 9
52056 12
52057 4
52058 7
52059 12
52060 7
52061 8
52062 6
52063 2
52064 8
52065 6
52066 1
52067 2
52068 3
52069 11
52070 1
52071 7
52072 3
52073 5
52074 12
52075 11
52076 11
52077 7
52078 3
52079 6
52080 12
52081 6
52082 12
52083 3
52084 7
52085 10
52086 11
52087 2
52088 2
52089 11
52090 3
52091 0
52092 2
52093 0
52094 2
52095 6
52096 6
52097 7
52098 7
52099 6
52100 10
52101 3
52102 2
52103 11
52104 10
52105 6
52106 0
52107 9
52108 1
52109 2
52110 3
52111 11
52112 6
52113 6
52114 12
52115 1
52116 4
52117 0
52118 11
52119 6
52120 3
52121 2
52122 11
52123 11
52124 3
52125 8
52126 3
52127 2
52128 7
52129 2
52130 11
52131 14
52132 2
52133 2
52134 7
52135 2
52136 2
52137 3
52138 7
52139 2
52140 2
52141 0
52142 2
52143 8
52144 2
52145 3
52146 3
52147 2
52148 0
52149 2
52150 2
52151 3
52152 11
52153 2
52154 6
52155 5
52156 3
52157 2
52158 2
52159 3
52160 2
52161 3
52162 2
52163 2
52164 6
52165 2
52166 2
52167 0
52168 2
52169 3
52170 3
52171 2
52172 2
52173 3
52174 2
52175 2
52176 2
52177 2
52178 2
52179 2
52180 3
52181 3
52182 0
52183 3
52184 2
52185 12
52186 7
52187 7
52188 3
52189 11
52190 11
52191 6
52192 6
52193 0
52194 3
52195 9
52196 8
52197 2
52198 0
52199 11
52200 6
52201 11
52202 3
52203 0
52204 2
52205 2
52206 2
52207 2
52208 2
52209 2
52210 7
52211 0
52212 2
52213 7
52214 2
52215 2
52216 0
52217 2
52218 2
52219 0
52220 3
52221 2
52222 7
52223 2
52224 7
52225 2
52226 3
52227 3
52228 0
52229 2
52230 0
52231 2
52232 0
52233 10
52234 7
52235 5
52236 7
52237 8
52238 3
52239 2
52240 2
52241 2
52242 2
52243 2
52244 2
52245 2
52246 11
52247 2
52248 3
52249 14
52250 2
52251 12
52252 6
52253 2
52254 3
52255 14
52256 9
52257 14
52258 6
52259 12
52260 12
52261 6
52262 11
52263 2
52264 11
52265 6
52266 7
52267 11
52268 12
52269 12
52270 5
52271 0
52272 8
52273 10
52274 14
52275 6
52276 7
52277 6
52278 2
52279 6
52280 3
52281 12
52282 11
52283 12
52284 12
52285 7
52286 5
52287 2
52288 1
52289 6
52290 11
52291 2
52292 6
52293 2
52294 7
52295 5
52296 7
52297 0
52298 0
52299 12
52300 3
52301 6
52302 7
52303 8
52304 2
52305 13
52306 11
52307 2
52308 10
52309 11
52310 2
52311 3
52312 12
52313 12
52314 12
52315 3
52316 10
52317 2
52318 2
52319 0
52320 2
52321 6
52322 2
52323 6
52324 11
52325 7
52326 7
52327 0
52328 0
52329 2
52330 2
52331 2
52332 7
52333 6
52334 11
52335 2
52336 2
52337 2
52338 5
52339 7
52340 14
52341 0
52342 2
52343 2
52344 2
52345 11
52346 0
52347 2
52348 2
52349 2
52350 2
52351 6
52352 2
52353 0
52354 2
52355 8
52356 11
52357 7
52358 2
52359 0
52360 11
52361 2
52362 3
52363 3
52364 12
52365 2
52366 6
52367 11
52368 2
52369 3
52370 3
52371 5
52372 10
52373 13
52374 2
52375 3
52376 14
52377 2
52378 0
52379 2
52380 11
52381 7
52382 7
52383 0
52384 0
52385 2
52386 0
52387 2
52388 11
52389 6
52390 3
52391 7
52392 3
52393 0
52394 5
52395 2
52396 11
52397 3
52398 3
52399 8
52400 2
52401 6
52402 3
52403 0
52404 0
52405 2
52406 0
52407 0
52408 0
52409 2
52410 2
52411 2
52412 11
52413 2
52414 2
52415 0
52416 2
52417 7
52418 3
52419 2
52420 6
52421 2
52422 2
52423 0
52424 2
52425 3
52426 7
52427 2
52428 7
52429 8
52430 3
52431 3
52432 2
52433 0
52434 10
52435 3
52436 3
52437 3
52438 10
52439 0
52440 7
52441 12
52442 6
52443 10
52444 2
52445 1
52446 10
52447 12
52448 5
52449 6
52450 10
52451 0
52452 6
52453 2
52454 10
52455 0
52456 0
52457 0
52458 2
52459 3
52460 14
52461 2
52462 2
52463 11
52464 11
52465 2
52466 0
52467 2
52468 0
52469 2
52470 2
52471 0
52472 0
52473 3
52474 0
52475 0
52476 0
52477 0
52478 0
52479 7
52480 0
52481 2
52482 0
52483 0
52484 2
52485 7
52486 2
52487 0
52488 0
52489 0
52490 0
52491 0
52492 7
52493 3
52494 2
52495 2
52496 0
52497 3
52498 2
52499 3
52500 0
52501 2
52502 2
52503 2
52504 2
52505 2
52506 3
52507 6
52508 2
52509 12
52510 2
52511 7
52512 6
52513 3
52514 8
52515 0
52516 11
52517 2
52518 2
52519 2
52520 2
52521 2
52522 0
52523 11
52524 11
52525 8
52526 11
52527 8
52528 2
52529 2
52530 2
52531 2
52532 5
52533 2
52534 2
52535 4
52536 2
52537 3
52538 2
52539 2
52540 7
52541 2
52542 3
52543 0
52544 2
52545 11
52546 2
52547 2
52548 0
52549 3
52550 0
52551 0
52552 11
52553 0
52554 2
52555 2
52556 7
52557 0
52558 0
52559 2
52560 6
52561 2
52562 7
52563 2
52564 0
52565 0
52566 0
52567 0
52568 2
52569 0
52570 8
52571 2
52572 0
52573 6
52574 2
52575 0
52576 2
52577 9
52578 3
52579 0
52580 9
52581 0
52582 0
52583 2
52584 3
52585 8
52586 2
52587 3
52588 0
52589 2
52590 2
52591 2
52592 2
52593 7
52594 2
52595 2
52596 12
52597 2
52598 2
52599 6
52600 0
52601 2
52602 2
52603 2
52604 2
52605 2
52606 3
52607 2
52608 2
52609 14
52610 3
52611 2
52612 2
52613 2
52614 0
52615 2
52616 2
52617 2
52618 0
52619 8
52620 10
52621 0
52622 3
52623 0
52624 6
52625 7
52626 6
52627 2
52628 8
52629 2
52630 2
52631 0
52632 2
52633 0
52634 2
52635 0
52636 2
52637 2
52638 0
52639 0
52640 0
52641 0
52642 2
52643 0
52644 0
52645 7
52646 2
52647 0
52648 2
52649 2
52650 0
52651 2
52652 2
52653 0
52654 2
52655 2
52656 2
52657 12
52658 2
52659 2
52660 0
52661 11
52662 0
52663 2
52664 2
52665 6
52666 2
52667 2
52668 2
52669 2
52670 2
52671 7
52672 0
52673 2
52674 3
52675 8
52676 0
52677 0
52678 0
52679 0
52680 2
52681 0
52682 2
52683 0
52684 2
52685 2
52686 3
52687 2
52688 2
52689 2
52690 2
52691 0
52692 0
52693 0
52694 2
52695 0
52696 3
52697 2
52698 2
52699 2
52700 3
52701 2
52702 2
52703 0
52704 2
52705 2
52706 12
52707 2
52708 0
52709 7
52710 2
52711 2
52712 2
52713 2
52714 0
52715 2
52716 2
52717 2
52718 3
52719 7
52720 0
52721 2
52722 0
52723 2
52724 2
52725 7
52726 2
52727 0
52728 3
52729 6
52730 0
52731 2
52732 7
52733 2
52734 0
52735 2
52736 0
52737 0
52738 0
52739 2
52740 0
52741 3
52742 0
52743 2
52744 7
52745 0
52746 0
52747 0
52748 0
52749 2
52750 0
52751 0
52752 0
52753 0
52754 0
52755 0
52756 2
52757 11
52758 2
52759 0
52760 2
52761 2
52762 0
52763 0
52764 2
52765 0
52766 0
52767 0
52768 0
52769 2
52770 0
52771 0
52772 0
52773 0
52774 3
52775 2
52776 0
52777 2
52778 2
52779 2
52780 3
52781 2
52782 3
52783 2
52784 3
52785 2
52786 8
52787 2
52788 2
52789 2
52790 0
52791 2
52792 0
52793 0
52794 2
52795 0
52796 0
52797 0
52798 0
52799 2
52800 0
52801 0
52802 2
52803 11
52804 7
52805 3
52806 11
52807 2
52808 0
52809 7
52810 2
52811 2
52812 2
52813 2
52814 2
52815 3
52816 0
52817 0
52818 2
52819 7
52820 0
52821 7
52822 0
52823 2
52824 0
52825 0
52826 0
52827 0
52828 7
52829 3
52830 2
52831 0
52832 0
52833 0
52834 2
52835 2
52836 0
52837 2
52838 0
52839 0
52840 2
52841 2
52842 2
52843 3
52844 2
52845 3
52846 8
52847 2
52848 0
52849 0
52850 0
52851 2
52852 0
52853 3
52854 0
52855 2
52856 2
52857 2
52858 2
52859 0
52860 0
52861 0
52862 0
52863 3
52864 0
52865 0
52866 0
52867 2
52868 0
52869 0
52870 2
52871 0
52872 0
52873 0
52874 0
52875 2
52876 3
52877 2
52878 2
52879 2
52880 2
52881 2
52882 0
52883 0
52884 2
52885 0
52886 2
52887 0
52888 0
52889 2
52890 2
52891 3
52892 2
52893 0
52894 8
52895 2
52896 0
52897 3
52898 3
52899 0
52900 3
52901 7
52902 2
52903 0
52904 2
52905 2
52906 13
52907 0
52908 0
52909 2
52910 2
52911 2
52912 3
52913 3
52914 0
52915 2
52916 3
52917 3
52918 2
52919 0
52920 0
52921 0
52922 2
52923 0
52924 2
52925 2
52926 3
52927 2
52928 2
52929 7
52930 0
52931 0
52932 2
52933 2
52934 2
52935 2
52936 2
52937 3
52938 0
52939 2
52940 2
52941 2
52942 0
52943 0
52944 0
52945 0
52946 11
52947 0
52948 2
52949 2
52950 0
52951 2
52952 0
52953 3
52954 2
52955 0
52956 0
52957 7
52958 2
52959 0
52960 0
52961 2
52962 2
52963 0
52964 2
52965 2
52966 0
52967 2
52968 2
52969 7
52970 0
52971 0
52972 6
52973 3
52974 3
52975 7
52976 2
52977 11
52978 2
52979 2
52980 2
52981 0
52982 0
52983 3
52984 2
52985 3
52986 0
52987 2
52988 3
52989 2
52990 2
52991 2
52992 0
52993 2
52994 3
52995 0
52996 2
52997 0
52998 0
52999 3
53000 0
53001 0
53002 3
53003 0
53004 2
53005 0
53006 0
53007 2
53008 2
53009 0
53010 2
53011 0
53012 2
53013 0
53014 2
53015 0
53016 0
53017 2
53018 0
53019 2
53020 0
53021 0
53022 2
53023 2
53024 0
53025 2
53026 0
53027 2
53028 2
53029 2
53030 3
53031 2
53032 3
53033 0
53034 0
53035 3
53036 0
53037 2
53038 0
53039 2
53040 7
53041 3
53042 2
53043 2
53044 2
53045 3
53046 0
53047 2
53048 2
53049 0
53050 2
53051 0
53052 0
53053 2
53054 0
53055 3
53056 0
53057 0
53058 3
53059 0
53060 2
53061 0
53062 0
53063 2
53064 2
53065 3
53066 0
53067 2
53068 2
53069 2
53070 2
53071 2
53072 0
53073 0
53074 2
53075 2
53076 2
53077 2
53078 0
53079 0
53080 2
53081 2
53082 11
53083 2
53084 0
53085 0
53086 0
53087 2
53088 0
53089 0
53090 0
53091 2
53092 0
53093 8
53094 0
53095 11
53096 7
53097 2
53098 0
53099 3
53100 2
53101 0
53102 0
53103 0
53104 2
53105 2
53106 0
53107 0
53108 2
53109 3
53110 2
53111 0
53112 0
53113 0
53114 0
53115 2
53116 2
53117 0
53118 0
53119 0
53120 0
53121 0
53122 0
53123 3
53124 2
53125 0
53126 0
53127 2
53128 0
53129 3
53130 2
53131 0
53132 0
53133 2
53134 0
53135 0
53136 0
53137 0
53138 2
53139 2
53140 2
53141 2
53142 2
53143 0
53144 7
53145 11
53146 0
53147 2
53148 11
53149 2
53150 0
53151 0
53152 0
53153 8
53154 0
53155 2
53156 3
53157 0
53158 2
53159 0
53160 2
53161 2
53162 0
53163 2
53164 3
53165 0
53166 0
53167 0
53168 2
53169 0
53170 6
53171 0
53172 0
53173 0
53174 0
53175 3
53176 0
53177 2
53178 2
53179 0
53180 2
53181 0
53182 2
53183 2
53184 6
53185 2
53186 0
53187 0
53188 2
53189 0
53190 0
53191 0
53192 2
53193 0
53194 3
53195 2
53196 0
53197 0
53198 2
53199 2
53200 0
53201 10
53202 0
53203 3
53204 0
53205 0
53206 0
53207 0
53208 0
53209 2
53210 0
53211 0
53212 0
53213 0
53214 2
53215 2
53216 0
53217 2
53218 2
53219 2
53220 0
53221 0
53222 0
53223 0
53224 0
53225 2
53226 0
53227 6
53228 2
53229 0
53230 0
53231 2
53232 2
53233 0
53234 3
53235 6
53236 2
53237 0
53238 3
53239 8
53240 0
53241 0
53242 11
53243 0
53244 3
53245 0
53246 2
53247 7
53248 0
53249 2
53250 2
53251 0
53252 3
53253 2
53254 0
53255 3
53256 0
53257 0
53258 3
53259 0
53260 0
53261 2
53262 0
53263 2
53264 7
53265 0
53266 0
53267 2
53268 0
53269 0
53270 0
53271 0
53272 0
53273 0
53274 0
53275 8
53276 0
53277 0
53278 3
53279 2
53280 0
53281 0
53282 0
53283 2
53284 2
53285 3
53286 2
53287 7
53288 0
53289 3
53290 2
53291 0
53292 3
53293 6
53294 0
53295 2
53296 0
53297 2
53298 0
53299 3
53300 2
53301 0
53302 0
53303 7
53304 2
53305 2
53306 2
53307 0
53308 0
53309 0
53310 0
53311 6
53312 2
53313 0
53314 2
53315 2
53316 0
53317 2
53318 3
53319 0
53320 0
53321 2
53322 0
53323 0
53324 0
53325 2
53326 2
53327 0
53328 6
53329 2
53330 2
53331 10
53332 0
53333 2
53334 2
53335 0
53336 0
53337 0
53338 0
53339 2
53340 2
53341 14
53342 7
53343 2
53344 7
53345 10
53346 12
53347 2
53348 7
53349 3
53350 0
53351 8
53352 2
53353 2
53354 3
53355 8
53356 3
53357 2
53358 3
53359 0
53360 0
53361 3
53362 10
53363 11
53364 6
53365 11
53366 3
53367 7
53368 6
53369 14
53370 6
53371 2
53372 8
53373 7
53374 7
53375 2
53376 12
53377 8
53378 2
53379 12
53380 2
53381 6
53382 3
53383 7
53384 6
53385 3
53386 0
53387 11
53388 11
53389 7
53390 11
53391 0
53392 11
53393 2
53394 7
53395 7
53396 0
53397 7
53398 2
53399 14
53400 2
53401 3
53402 14
53403 11
53404 12
53405 11
53406 3
53407 7
53408 7
53409 2
53410 3
53411 2
53412 2
53413 2
53414 3
53415 7
53416 2
53417 8
53418 1
53419 5
53420 8
53421 7
53422 2
53423 1
53424 14
53425 0
53426 0
53427 6
53428 7
53429 8
53430 14
53431 0
53432 14
53433 8
53434 7
53435 3
53436 11
53437 0
53438 6
53439 3
53440 8
53441 11
53442 2
53443 8
53444 2
53445 2
53446 2
53447 2
53448 2
53449 0
53450 6
53451 11
53452 2
53453 2
53454 7
53455 8
53456 2
53457 2
53458 2
53459 2
53460 7
53461 2
53462 3
53463 11
53464 2
53465 3
53466 2
53467 2
53468 2
53469 0
53470 0
53471 2
53472 2
53473 2
53474 0
53475 2
53476 0
53477 2
53478 2
53479 8
53480 0
53481 2
53482 0
53483 8
53484 11
53485 2
53486 2
53487 8
53488 8
53489 0
53490 7
53491 0
53492 0
53493 3
53494 3
53495 10
53496 2
53497 2
53498 0
53499 0
53500 7
53501 2
53502 7
53503 11
53504 3
53505 0
53506 0
53507 2
53508 2
53509 2
53510 2
53511 0
53512 2
53513 2
53514 2
53515 0
53516 2
53517 11
53518 2
53519 2
53520 2
53521 0
53522 0
53523 2
53524 3
53525 7
53526 0
53527 0
53528 2
53529 0
53530 2
53531 3
53532 0
53533 2
53534 2
53535 0
53536 0
53537 0
53538 7
53539 2
53540 2
53541 2
53542 2
53543 3
53544 2
53545 3
53546 2
53547 3
53548 11
53549 2
53550 3
53551 3
53552 2
53553 2
53554 0
53555 2
53556 2
53557 2
53558 4
53559 8
53560 6
53561 11
53562 6
53563 1
53564 6
53565 2
53566 7
53567 2
53568 6
53569 2
53570 2
53571 2
53572 2
53573 7
53574 11
53575 3
53576 2
53577 6
53578 11
53579 12
53580 6
53581 2
53582 3
53583 6
53584 7
53585 7
53586 2
53587 2
53588 2
53589 2
53590 8
53591 6
53592 7
53593 7
53594 11
53595 2
53596 2
53597 7
53598 11
53599 3
53600 2
53601 4
53602 3
53603 7
53604 3
53605 6
53606 2
53607 12
53608 2
53609 3
53610 2
53611 2
53612 2
53613 2
53614 12
53615 3
53616 6
53617 11
53618 2
53619 3
53620 0
53621 2
53622 2
53623 2
53624 2
53625 6
53626 2
53627 2
53628 11
53629 2
53630 0
53631 3
53632 2
53633 2
53634 2
53635 2
53636 3
53637 0
53638 8
53639 10
53640 2
53641 7
53642 10
53643 4
53644 6
53645 2
53646 7
53647 0
53648 8
53649 3
53650 0
53651 2
53652 0
53653 2
53654 0
53655 3
53656 2
53657 0
53658 2
53659 7
53660 0
53661 3
53662 3
53663 2
53664 2
53665 0
53666 2
53667 0
53668 2
53669 0
53670 2
53671 0
53672 2
53673 2
53674 8
53675 0
53676 0
53677 0
53678 2
53679 0
53680 2
53681 7
53682 0
53683 3
53684 2
53685 2
53686 2
53687 3
53688 2
53689 7
53690 7
53691 11
53692 0
53693 3
53694 2
53695 3
53696 2
53697 2
53698 11
53699 6
53700 11
53701 0
53702 11
53703 2
53704 3
53705 7
53706 10
53707 3
53708 7
53709 2
53710 2
53711 11
53712 7
53713 2
53714 7
53715 11
53716 2
53717 3
53718 2
53719 8
53720 7
53721 2
53722 2
53723 2
53724 2
53725 0
53726 2
53727 11
53728 6
53729 6
53730 2
53731 2
53732 0
53733 2
53734 8
53735 2
53736 2
53737 3
53738 2
53739 6
53740 2
53741 2
53742 2
53743 2
53744 6
53745 2
53746 2
53747 0
53748 2
53749 3
53750 2
53751 0
53752 2
53753 2
53754 7
53755 3
53756 0
53757 2
53758 7
53759 0
53760 2
53761 2
53762 2
53763 2
53764 11
53765 8
53766 7
53767 6
53768 0
53769 2
53770 10
53771 2
53772 2
53773 0
53774 3
53775 3
53776 7
53777 2
53778 2
53779 7
53780 2
53781 3
53782 2
53783 2
53784 11
53785 12
53786 2
53787 2
53788 2
53789 2
53790 0
53791 3
53792 2
53793 0
53794 2
53795 2
53796 2
53797 6
53798 0
53799 3
53800 2
53801 0
53802 8
53803 2
53804 2
53805 2
53806 11
53807 7
53808 14
53809 2
53810 11
53811 3
53812 0
53813 2
53814 3
53815 2
53816 2
53817 3
53818 0
53819 12
53820 2
53821 3
53822 2
53823 6
53824 2
53825 6
53826 2
53827 2
53828 7
53829 2
53830 2
53831 3
53832 2
53833 2
53834 2
53835 2
53836 2
53837 7
53838 3
53839 2
53840 2
53841 0
53842 2
53843 0
53844 0
53845 2
53846 0
53847 7
53848 2
53849 0
53850 2
53851 0
53852 3
53853 3
53854 2
53855 3
53856 2
53857 2
53858 0
53859 7
53860 2
53861 8
53862 3
53863 3
53864 2
53865 0
53866 2
53867 0
53868 2
53869 0
53870 7
53871 0
53872 2
53873 0
53874 2
53875 2
53876 7
53877 2
53878 11
53879 0
53880 6
53881 2
53882 12
53883 2
53884 0
53885 3
53886 11
53887 3
53888 3
53889 12
53890 2
53891 7
53892 2
53893 0
53894 2
53895 0
53896 11
53897 2
53898 7
53899 2
53900 2
53901 3
53902 6
53903 0
53904 7
53905 0
53906 2
53907 2
53908 3
53909 0
53910 6
53911 0
53912 2
53913 0
53914 2
53915 2
53916 0
53917 2
53918 2
53919 2
53920 3
53921 6
53922 3
53923 2
53924 3
53925 2
53926 0
53927 2
53928 7
53929 2
53930 3
53931 2
53932 6
53933 7
53934 2
53935 3
53936 2
53937 2
53938 0
53939 2
53940 0
53941 0
53942 11
53943 2
53944 2
53945 2
53946 2
53947 2
53948 7
53949 0
53950 0
53951 8
53952 3
53953 0
53954 2
53955 11
53956 6
53957 2
53958 0
53959 3
53960 0
53961 0
53962 0
53963 3
53964 0
53965 0
53966 0
53967 6
53968 2
53969 0
53970 2
53971 2
53972 6
53973 3
53974 2
53975 3
53976 0
53977 2
53978 0
53979 2
53980 7
53981 7
53982 7
53983 0
53984 2
53985 4
53986 11
53987 2
53988 11
53989 2
53990 2
53991 7
53992 0
53993 0
53994 3
53995 2
53996 3
53997 2
53998 0
53999 7
54000 7
54001 2
54002 2
54003 0
54004 0
54005 2
54006 7
54007 0
54008 0
54009 2
54010 0
54011 0
54012 2
54013 2
54014 2
54015 3
54016 2
54017 3
54018 2
54019 11
54020 8
54021 3
54022 0
54023 0
54024 11
54025 10
54026 2
54027 8
54028 8
54029 2
54030 8
54031 2
54032 7
54033 2
54034 2
54035 2
54036 7
54037 3
54038 2
54039 0
54040 2
54041 2
54042 3
54043 3
54044 2
54045 2
54046 3
54047 0
54048 0
54049 2
54050 10
54051 0
54052 14
54053 0
54054 2
54055 2
54056 2
54057 2
54058 2
54059 2
54060 3
54061 0
54062 14
54063 2
54064 2
54065 7
54066 2
54067 2
54068 3
54069 0
54070 2
54071 2
54072 2
54073 0
54074 0
54075 6
54076 2
54077 2
54078 7
54079 2
54080 2
54081 11
54082 5
54083 2
54084 3
54085 6
54086 2
54087 0
54088 3
54089 2
54090 6
54091 2
54092 2
54093 0
54094 2
54095 0
54096 2
54097 2
54098 0
54099 11
54100 2
54101 7
54102 7
54103 0
54104 3
54105 2
54106 0
54107 0
54108 2
54109 2
54110 0
54111 11
54112 2
54113 8
54114 11
54115 0
54116 0
54117 0
54118 3
54119 0
54120 7
54121 2
54122 2
54123 3
54124 0
54125 0
54126 7
54127 0
54128 3
54129 3
54130 0
54131 0
54132 0
54133 0
54134 0
54135 8
54136 6
54137 3
54138 7
54139 0
54140 7
54141 7
54142 2
54143 7
54144 2
54145 3
54146 2
54147 2
54148 0
54149 11
54150 2
54151 2
54152 2
54153 0
54154 6
54155 2
54156 2
54157 0
54158 2
54159 2
54160 2
54161 7
54162 2
54163 3
54164 2
54165 2
54166 3
54167 2
54168 7
54169 5
54170 11
54171 13
54172 6
54173 2
54174 0
54175 2
54176 2
54177 3
54178 0
54179 0
54180 0
54181 0
54182 0
54183 8
54184 6
54185 2
54186 6
54187 8
54188 3
54189 11
54190 2
54191 2
54192 0
54193 6
54194 14
54195 1
54196 3
54197 3
54198 0
54199 2
54200 6
54201 3
54202 2
54203 2
54204 2
54205 2
54206 7
54207 2
54208 3
54209 2
54210 0
54211 2
54212 0
54213 0
54214 6
54215 2
54216 2
54217 3
54218 2
54219 0
54220 0
54221 2
54222 2
54223 0
54224 0
54225 2
54226 2
54227 2
54228 10
54229 2
54230 2
54231 3
54232 0
54233 0
54234 2
54235 0
54236 2
54237 7
54238 3
54239 2
54240 0
54241 2
54242 2
54243 2
54244 2
54245 0
54246 2
54247 2
54248 2
54249 2
54250 3
54251 2
54252 0
54253 0
54254 0
54255 0
54256 0
54257 7
54258 11
54259 7
54260 2
54261 0
54262 0
54263 0
54264 0
54265 7
54266 0
54267 0
54268 2
54269 0
54270 0
54271 0
54272 2
54273 0
54274 0
54275 0
54276 0
54277 0
54278 0
54279 0
54280 0
54281 0
54282 0
54283 0
54284 2
54285 6
54286 2
54287 3
54288 11
54289 2
54290 3
54291 8
54292 0
54293 2
54294 2
54295 3
54296 0
54297 7
54298 0
54299 2
54300 0
54301 0
54302 2
54303 2
54304 0
54305 2
54306 2
54307 2
54308 2
54309 0
54310 2
54311 2
54312 2
54313 2
54314 2
54315 4
54316 6
54317 3
54318 0
54319 0
54320 2
54321 0
54322 0
54323 0
54324 0
54325 0
54326 0
54327 0
54328 3
54329 2
54330 0
54331 0
54332 2
54333 2
54334 0
54335 8
54336 8
54337 3
54338 2
54339 2
54340 2
54341 0
54342 14
54343 3
54344 2
54345 0
54346 0
54347 2
54348 14
54349 2
54350 3
54351 8
54352 2
54353 6
54354 0
54355 2
54356 2
54357 3
54358 3
54359 3
54360 0
54361 7
54362 2
54363 2
54364 0
54365 0
54366 2
54367 2
54368 7
54369 0
54370 3
54371 2
54372 0
54373 2
54374 0
54375 2
54376 11
54377 2
54378 0
54379 0
54380 0
54381 0
54382 2
54383 3
54384 2
54385 6
54386 2
54387 0
54388 0
54389 0
54390 3
54391 3
54392 7
54393 2
54394 0
54395 0
54396 2
54397 0
54398 0
54399 3
54400 2
54401 2
54402 2
54403 0
54404 0
54405 2
54406 14
54407 0
54408 3
54409 0
54410 2
54411 2
54412 2
54413 2
54414 0
54415 0
54416 2
54417 3
54418 2
54419 0
54420 11
54421 0
54422 0
54423 0
54424 0
54425 7
54426 2
54427 0
54428 0
54429 2
54430 6
54431 0
54432 0
54433 0
54434 0
54435 0
54436 0
54437 2
54438 0
54439 14
54440 2
54441 0
54442 0
54443 3
54444 7
54445 3
54446 0
54447 2
54448 3
54449 2
54450 2
54451 0
54452 2
54453 2
54454 3
54455 0
54456 0
54457 0
54458 2
54459 2
54460 2
54461 0
54462 0
54463 7
54464 2
54465 2
54466 0
54467 0
54468 0
54469 0
54470 11
54471 0
54472 3
54473 0
54474 3
54475 2
54476 7
54477 2
54478 2
54479 11
54480 2
54481 2
54482 2
54483 2
54484 2
54485 2
54486 10
54487 2
54488 0
54489 0
54490 7
54491 0
54492 2
54493 0
54494 8
54495 0
54496 0
54497 3
54498 0
54499 0
54500 2
54501 0
54502 2
54503 3
54504 7
54505 2
54506 6
54507 8
54508 2
54509 0
54510 0
54511 3
54512 2
54513 0
54514 3
54515 2
54516 2
54517 0
54518 0
54519 0
54520 0
54521 0
54522 0
54523 2
54524 7
54525 3
54526 2
54527 0
54528 0
54529 2
54530 2
54531 0
54532 0
54533 0
54534 0
54535 0
54536 0
54537 7
54538 0
54539 2
54540 0
54541 0
54542 0
54543 3
54544 0
54545 2
54546 2
54547 8
54548 2
54549 2
54550 3
54551 0
54552 0
54553 0
54554 0
54555 0
54556 0
54557 0
54558 0
54559 7
54560 3
54561 2
54562 0
54563 6
54564 3
54565 2
54566 2
54567 2
54568 2
54569 2
54570 0
54571 2
54572 0
54573 0
54574 2
54575 2
54576 0
54577 7
54578 0
54579 0
54580 0
54581 0
54582 7
54583 7
54584 3
54585 2
54586 3
54587 0
54588 0
54589 0
54590 3
54591 7
54592 3
54593 0
54594 0
54595 2
54596 3
54597 2
54598 8
54599 2
54600 3
54601 0
54602 0
54603 2
54604 3
54605 0
54606 0
54607 0
54608 2
54609 0
54610 0
54611 0
54612 0
54613 0
54614 2
54615 0
54616 0
54617 0
54618 0
54619 0
54620 0
54621 2
54622 0
54623 0
54624 0
54625 0
54626 0
54627 2
54628 2
54629 0
54630 0
54631 2
54632 0
54633 0
54634 2
54635 7
54636 2
54637 0
54638 2
54639 0
54640 2
54641 0
54642 3
54643 0
54644 0
54645 0
54646 2
54647 2
54648 2
54649 0
54650 7
54651 7
54652 2
54653 0
54654 2
54655 0
54656 2
54657 0
54658 0
54659 0
54660 0
54661 0
54662 0
54663 3
54664 2
54665 0
54666 0
54667 2
54668 2
54669 7
54670 2
54671 2
54672 2
54673 11
54674 0
54675 0
54676 7
54677 6
54678 2
54679 0
54680 0
54681 0
54682 6
54683 0
54684 2
54685 2
54686 2
54687 7
54688 2
54689 7
54690 7
54691 2
54692 3
54693 0
54694 0
54695 3
54696 2
54697 2
54698 0
54699 2
54700 0
54701 0
54702 0
54703 0
54704 2
54705 0
54706 0
54707 2
54708 0
54709 0
54710 2
54711 0
54712 0
54713 2
54714 2
54715 2
54716 2
54717 0
54718 0
54719 2
54720 0
54721 2
54722 0
54723 3
54724 2
54725 10
54726 2
54727 6
54728 8
54729 0
54730 11
54731 0
54732 2
54733 0
54734 0
54735 0
54736 11
54737 11
54738 2
54739 2
54740 0
54741 3
54742 0
54743 2
54744 0
54745 0
54746 0
54747 2
54748 3
54749 0
54750 0
54751 0
54752 2
54753 0
54754 0
54755 0
54756 2
54757 2
54758 0
54759 0
54760 0
54761 2
54762 0
54763 0
54764 0
54765 3
54766 8
54767 7
54768 2
54769 3
54770 14
54771 0
54772 3
54773 3
54774 0
54775 7
54776 2
54777 2
54778 5
54779 2
54780 2
54781 0
54782 0
54783 2
54784 2
54785 2
54786 2
54787 7
54788 0
54789 2
54790 0
54791 2
54792 11
54793 2
54794 7
54795 0
54796 0
54797 2
54798 7
54799 0
54800 0
54801 2
54802 0
54803 0
54804 0
54805 2
54806 0
54807 0
54808 0
54809 2
54810 0
54811 3
54812 2
54813 2
54814 7
54815 0
54816 2
54817 0
54818 2
54819 2
54820 2
54821 0
54822 0
54823 0
54824 7
54825 0
54826 7
54827 6
54828 0
54829 0
54830 0
54831 2
54832 2
54833 0
54834 6
54835 7
54836 2
54837 0
54838 0
54839 2
54840 0
54841 0
54842 0
54843 2
54844 0
54845 0
54846 2
54847 0
54848 3
54849 2
54850 11
54851 2
54852 0
54853 0
54854 2
54855 2
54856 2
54857 11
54858 7
54859 3
54860 7
54861 2
54862 2
54863 2
54864 2
54865 2
54866 2
54867 2
54868 3
54869 0
54870 2
54871 2
54872 2
54873 8
54874 2
54875 0
54876 2
54877 2
54878 0
54879 2
54880 3
54881 8
54882 2
54883 2
54884 2
54885 3
54886 2
54887 2
54888 0
54889 7
54890 2
54891 2
54892 0
54893 3
54894 2
54895 0
54896 3
54897 2
54898 0
54899 0
54900 2
54901 0
54902 2
54903 3
54904 7
54905 2
54906 2
54907 0
54908 0
54909 2
54910 2
54911 7
54912 7
54913 2
54914 0
54915 3
54916 0
54917 2
54918 2
54919 2
54920 11
54921 2
54922 0
54923 0
54924 2
54925 2
54926 0
54927 2
54928 0
54929 0
54930 0
54931 2
54932 0
54933 2
54934 2
54935 0
54936 0
54937 0
54938 2
54939 0
54940 0
54941 0
54942 2
54943 0
54944 0
54945 0
54946 0
54947 6
54948 0
54949 0
54950 0
54951 0
54952 0
54953 7
54954 0
54955 0
54956 2
54957 2
54958 0
54959 0
54960 2
54961 2
54962 2
54963 0
54964 2
54965 3
54966 0
54967 2
54968 0
54969 7
54970 2
54971 7
54972 2
54973 2
54974 0
54975 0
54976 0
54977 8
54978 2
54979 2
54980 6
54981 3
54982 0
54983 2
54984 2
54985 0
54986 3
54987 2
54988 2
54989 2
54990 0
54991 0
54992 2
54993 2
54994 2
54995 0
54996 0
54997 0
54998 2
54999 2
55000 2
55001 2
55002 0
55003 0
55004 2
55005 0
55006 0
55007 3
55008 2
55009 2
55010 2
55011 2
55012 0
55013 3
55014 0
55015 12
55016 2
55017 2
55018 2
55019 2
55020 3
55021 2
55022 2
55023 13
55024 2
55025 0
55026 0
55027 0
55028 2
55029 0
55030 2
55031 2
55032 3
55033 0
55034 0
55035 0
55036 2
55037 0
55038 2
55039 0
55040 2
55041 0
55042 0
55043 0
55044 0
55045 0
55046 0
55047 0
55048 2
55049 0
55050 0
55051 0
55052 0
55053 2
55054 0
55055 0
55056 0
55057 2
55058 11
55059 2
55060 2
55061 0
55062 0
55063 0
55064 2
55065 2
55066 0
55067 0
55068 2
55069 0
55070 2
55071 0
55072 3
55073 3
55074 0
55075 0
55076 2
55077 0
55078 0
55079 2
55080 0
55081 3
55082 7
55083 2
55084 3
55085 0
55086 2
55087 3
55088 2
55089 2
55090 2
55091 6
55092 0
55093 2
55094 2
55095 0
55096 0
55097 0
55098 2
55099 7
55100 0
55101 7
55102 0
55103 6
55104 2
55105 2
55106 2
55107 0
55108 0
55109 0
55110 2
55111 2
55112 0
55113 0
55114 2
55115 2
55116 10
55117 2
55118 2
55119 2
55120 0
55121 0
55122 0
55123 2
55124 2
55125 2
55126 6
55127 6
55128 0
55129 2
55130 7
55131 3
55132 0
55133 0
55134 2
55135 2
55136 2
55137 2
55138 11
55139 0
55140 2
55141 7
55142 0
55143 2
55144 2
55145 2
55146 7
55147 3
55148 2
55149 7
55150 7
55151 6
55152 3
55153 3
55154 11
55155 3
55156 8
55157 7
55158 6
55159 11
55160 0
55161 3
55162 2
55163 0
55164 2
55165 0
55166 0
55167 2
55168 3
55169 2
55170 7
55171 0
55172 2
55173 3
55174 7
55175 11
55176 2
55177 3
55178 2
55179 2
55180 2
55181 2
55182 3
55183 0
55184 2
55185 5
55186 2
55187 7
55188 2
55189 6
55190 3
55191 3
55192 2
55193 7
55194 2
55195 2
55196 3
55197 3
55198 0
55199 0
55200 3
55201 2
55202 2
55203 3
55204 2
55205 2
55206 6
55207 0
55208 3
55209 3
55210 2
55211 11
55212 2
55213 3
55214 11
55215 2
55216 6
55217 6
55218 2
55219 3
55220 3
55221 2
55222 0
55223 2
55224 2
55225 2
55226 3
55227 7
55228 2
55229 2
55230 7
55231 2
55232 0
55233 3
55234 0
55235 7
55236 2
55237 0
55238 11
55239 2
55240 0
55241 0
55242 7
55243 7
55244 6
55245 7
55246 2
55247 0
55248 2
55249 0
55250 3
55251 2
55252 2
55253 2
55254 0
55255 8
55256 2
55257 0
55258 2
55259 0
55260 7
55261 2
55262 2
55263 2
55264 2
55265 3
55266 2
55267 9
55268 2
55269 11
55270 6
55271 2
55272 8
55273 0
55274 2
55275 2
55276 0
55277 2
55278 2
55279 2
55280 11
55281 2
55282 0
55283 2
55284 0
55285 0
55286 2
55287 3
55288 7
55289 7
55290 7
55291 2
55292 0
55293 0
55294 3
55295 3
55296 0
55297 0
55298 0
55299 6
55300 2
55301 3
55302 3
55303 7
55304 0
55305 2
55306 2
55307 2
55308 0
55309 0
55310 0
55311 0
55312 2
55313 0
55314 0
55315 3
55316 0
55317 0
55318 3
55319 2
55320 0
55321 2
55322 2
55323 2
55324 7
55325 0
55326 8
55327 2
55328 0
55329 11
55330 0
55331 0
55332 3
55333 0
55334 0
55335 6
55336 2
55337 0
55338 2
55339 7
55340 0
55341 0
55342 2
55343 0
55344 0
55345 2
55346 0
55347 0
55348 0
55349 0
55350 3
55351 5
55352 3
55353 2
55354 2
55355 7
55356 3
55357 3
55358 2
55359 2
55360 2
55361 0
55362 14
55363 0
55364 0
55365 0
55366 2
55367 0
55368 0
55369 0
55370 0
55371 0
55372 0
55373 0
55374 3
55375 2
55376 2
55377 0
55378 2
55379 8
55380 2
55381 0
55382 3
55383 3
55384 0
55385 0
55386 2
55387 3
55388 0
55389 0
55390 0
55391 2
55392 0
55393 2
55394 3
55395 7
55396 0
55397 0
55398 0
55399 7
55400 11
55401 0
55402 2
55403 3
55404 2
55405 2
55406 0
55407 11
55408 7
55409 0
55410 2
55411 2
55412 2
55413 2
55414 0
55415 2
55416 3
55417 12
55418 2
55419 2
55420 2
55421 2
55422 8
55423 0
55424 0
55425 0
55426 2
55427 3
55428 2
55429 2
55430 2
55431 0
55432 0
55433 7
55434 0
55435 3
55436 2
55437 2
55438 2
55439 0
55440 2
55441 2
55442 2
55443 2
55444 2
55445 6
55446 2
55447 3
55448 2
55449 3
55450 2
55451 7
55452 0
55453 0
55454 2
55455 0
55456 0
55457 7
55458 2
55459 6
55460 0
55461 3
55462 6
55463 7
55464 2
55465 2
55466 2
55467 2
55468 0
55469 2
55470 2
55471 2
55472 0
55473 11
55474 2
55475 0
55476 2
55477 11
55478 2
55479 2
55480 2
55481 0
55482 0
55483 3
55484 2
55485 2
55486 2
55487 2
55488 0
55489 0
55490 0
55491 2
55492 7
55493 2
55494 7
55495 0
55496 2
55497 2
55498 0
55499 3
55500 2
55501 0
55502 12
55503 6
55504 2
55505 7
55506 10
55507 3
55508 2
55509 2
55510 0
55511 0
55512 0
55513 0
55514 0
55515 6
55516 2
55517 7
55518 2
55519 2
55520 0
55521 2
55522 2
55523 0
55524 0
55525 3
55526 2
55527 2
55528 6
55529 2
55530 2
55531 2
55532 2
55533 2
55534 2
55535 0
55536 2
55537 2
55538 2
55539 0
55540 0
55541 3
55542 0
55543 0
55544 0
55545 7
55546 0
55547 2
55548 0
55549 2
55550 0
55551 3
55552 2
55553 3
55554 3
55555 3
55556 2
55557 7
55558 2
55559 3
55560 2
55561 3
55562 3
55563 2
55564 7
55565 3
55566 2
55567 0
55568 2
55569 0
55570 7
55571 0
55572 2
55573 0
55574 0
55575 12
55576 2
55577 0
55578 0
55579 0
55580 0
55581 2
55582 2
55583 0
55584 2
55585 2
55586 0
55587 7
55588 0
55589 0
55590 0
55591 2
55592 0
55593 3
55594 0
55595 0
55596 7
55597 2
55598 7
55599 0
55600 2
55601 0
55602 2
55603 0
55604 0
55605 7
55606 2
55607 2
55608 7
55609 2
55610 2
55611 2
55612 0
55613 0
55614 2
55615 2
55616 0
55617 3
55618 3
55619 2
55620 0
55621 0
55622 0
55623 6
55624 2
55625 0
55626 8
55627 0
55628 7
55629 0
55630 2
55631 2
55632 0
55633 2
55634 7
55635 0
55636 2
55637 0
55638 2
55639 0
55640 0
55641 0
55642 2
55643 0
55644 0
55645 0
55646 2
55647 2
55648 2
55649 0
55650 3
55651 2
55652 0
55653 0
55654 3
55655 7
55656 2
55657 0
55658 0
55659 0
55660 0
55661 2
55662 0
55663 2
55664 0
55665 3
55666 11
55667 7
55668 0
55669 7
55670 2
55671 2
55672 7
55673 2
55674 3
55675 2
55676 2
55677 2
55678 2
55679 2
55680 2
55681 2
55682 7
55683 6
55684 2
55685 2
55686 0
55687 2
55688 0
55689 3
55690 0
55691 2
55692 2
55693 7
55694 6
55695 2
55696 2
55697 7
55698 2
55699 3
55700 8
55701 2
55702 2
55703 0
55704 0
55705 11
55706 2
55707 0
55708 2
55709 2
55710 7
55711 2
55712 0
55713 0
55714 2
55715 2
55716 0
55717 7
55718 2
55719 8
55720 2
55721 2
55722 2
55723 0
55724 2
55725 2
55726 2
55727 7
55728 2
55729 2
55730 2
55731 0
55732 0
55733 2
55734 3
55735 2
55736 3
55737 2
55738 6
55739 2
55740 2
55741 8
55742 0
55743 3
55744 0
55745 2
55746 0
55747 2
55748 2
55749 2
55750 10
55751 2
55752 2
55753 2
55754 2
55755 0
55756 0
55757 2
55758 0
55759 7
55760 0
55761 2
55762 2
55763 0
55764 2
55765 0
55766 2
55767 7
55768 2
55769 7
55770 2
55771 2
55772 0
55773 2
55774 8
55775 0
55776 2
55777 2
55778 8
55779 8
55780 7
55781 6
55782 2
55783 0
55784 2
55785 6
55786 2
55787 2
55788 2
55789 2
55790 0
55791 2
55792 2
55793 2
55794 2
55795 3
55796 0
55797 0
55798 0
55799 0
55800 2
55801 6
55802 0
55803 2
55804 0
55805 2
55806 3
55807 2
55808 0
55809 2
55810 0
55811 2
55812 0
55813 0
55814 2
55815 2
55816 0
55817 0
55818 0
55819 2
55820 2
55821 2
55822 0
55823 0
55824 2
55825 7
55826 2
55827 6
55828 6
55829 2
55830 2
55831 0
55832 12
55833 6
55834 11
55835 2
55836 2
55837 2
55838 2
55839 2
55840 2
55841 3
55842 11
55843 3
55844 2
55845 0
55846 0
55847 3
55848 13
55849 0
55850 3
55851 0
55852 0
55853 0
55854 0
55855 2
55856 3
55857 2
55858 0
55859 0
55860 7
55861 11
55862 7
55863 0
55864 0
55865 0
55866 2
55867 3
55868 0
55869 3
55870 0
55871 3
55872 0
55873 6
55874 2
55875 11
55876 7
55877 11
55878 0
55879 2
55880 7
55881 0
55882 2
55883 0
55884 3
55885 12
55886 14
55887 2
55888 0
55889 2
55890 2
55891 6
55892 11
55893 0
55894 0
55895 0
55896 2
55897 3
55898 2
55899 2
55900 7
55901 2
55902 2
55903 6
55904 2
55905 2
55906 7
55907 2
55908 2
55909 7
55910 0
55911 2
55912 2
55913 0
55914 8
55915 2
55916 0
55917 12
55918 6
55919 7
55920 2
55921 2
55922 3
55923 2
55924 8
55925 0
55926 2
55927 8
55928 6
55929 2
55930 2
55931 2
55932 2
55933 2
55934 2
55935 2
55936 2
55937 6
55938 0
55939 2
55940 2
55941 2
55942 3
55943 0
55944 2
55945 2
55946 2
55947 2
55948 3
55949 2
55950 10
55951 2
55952 2
55953 2
55954 2
55955 0
55956 3
55957 2
55958 7
55959 2
55960 7
55961 0
55962 11
55963 2
55964 3
55965 2
55966 0
55967 2
55968 3
55969 3
55970 6
55971 11
55972 3
55973 2
55974 7
55975 6
55976 0
55977 7
55978 0
55979 2
55980 2
55981 2
55982 2
55983 2
55984 6
55985 2
55986 0
55987 0
55988 11
55989 7
55990 0
55991 8
55992 0
55993 6
55994 0
55995 11
55996 0
55997 7
55998 2
55999 6
56000 2
56001 7
56002 0
56003 2
56004 0
56005 2
56006 2
56007 2
56008 0
56009 11
56010 2
56011 2
56012 0
56013 0
56014 2
56015 2
56016 2
56017 2
56018 2
56019 2
56020 2
56021 2
56022 6
56023 3
56024 0
56025 2
56026 7
56027 3
56028 0
56029 0
56030 11
56031 3
56032 3
56033 2
56034 14
56035 0
56036 7
56037 0
56038 2
56039 3
56040 0
56041 2
56042 11
56043 2
56044 6
56045 10
56046 6
56047 2
56048 0
56049 2
56050 0
56051 3
56052 3
56053 11
56054 6
56055 3
56056 12
56057 2
56058 0
56059 9
56060 7
56061 2
56062 2
56063 7
56064 11
56065 0
56066 2
56067 11
56068 11
56069 7
56070 11
56071 8
56072 0
56073 2
56074 2
56075 2
56076 11
56077 12
56078 11
56079 2
56080 11
56081 2
56082 0
56083 7
56084 11
56085 0
56086 10
56087 11
56088 11
56089 2
56090 0
56091 7
56092 0
56093 2
56094 2
56095 2
56096 2
56097 11
56098 0
56099 8
56100 2
56101 2
56102 7
56103 7
56104 7
56105 0
56106 0
56107 2
56108 2
56109 2
56110 0
56111 3
56112 2
56113 3
56114 6
56115 2
56116 6
56117 7
56118 2
56119 14
56120 2
56121 3
56122 7
56123 0
56124 2
56125 2
56126 14
56127 2
56128 2
56129 3
56130 2
56131 7
56132 2
56133 6
56134 2
56135 2
56136 2
56137 11
56138 3
56139 0
56140 2
56141 2
56142 3
56143 2
56144 7
56145 8
56146 2
56147 6
56148 14
56149 2
56150 2
56151 2
56152 2
56153 0
56154 3
56155 0
56156 2
56157 7
56158 3
56159 2
56160 2
56161 2
56162 2
56163 2
56164 0
56165 2
56166 11
56167 0
56168 0
56169 0
56170 3
56171 3
56172 2
56173 0
56174 2
56175 2
56176 2
56177 10
56178 3
56179 14
56180 3
56181 6
56182 2
56183 0
56184 2
56185 14
56186 12
56187 5
56188 6
56189 12
56190 6
56191 6
56192 12
56193 7
56194 6
56195 1
56196 10
56197 10
56198 6
56199 3
56200 11
56201 2
56202 2
56203 2
56204 7
56205 12
56206 5
56207 2
56208 6
56209 10
56210 10
56211 5
56212 10
56213 13
56214 7
56215 13
56216 6
56217 13
56218 14
56219 10
56220 12
56221 14
56222 2
56223 3
56224 7
56225 3
56226 8
56227 3
56228 7
56229 8
56230 7
56231 7
56232 14
56233 2
56234 10
56235 12
56236 10
56237 6
56238 9
56239 3
56240 7
56241 6
56242 10
56243 2
56244 1
56245 10
56246 7
56247 5
56248 6
56249 10
56250 9
56251 12
56252 14
56253 6
56254 3
56255 7
56256 12
56257 8
56258 8
56259 1
56260 7
56261 10
56262 4
56263 7
56264 12
56265 11
56266 12
56267 4
56268 3
56269 11
56270 14
56271 1
56272 3
56273 4
56274 2
56275 3
56276 11
56277 10
56278 12
56279 8
56280 2
56281 2
56282 7
56283 13
56284 0
56285 8
56286 12
56287 12
56288 0
56289 12
56290 3
56291 10
56292 11
56293 12
56294 10
56295 11
56296 14
56297 3
56298 8
56299 2
56300 8
56301 13
56302 9
56303 1
56304 14
56305 10
56306 8
56307 13
56308 0
56309 7
56310 8
56311 11
56312 10
56313 9
56314 10
56315 8
56316 10
56317 9
56318 12
56319 8
56320 10
56321 6
56322 4
56323 13
56324 14
56325 14
56326 3
56327 12
56328 9
56329 0
56330 11
56331 2
56332 10
56333 6
56334 8
56335 6
56336 5
56337 10
56338 4
56339 12
56340 2
56341 4
56342 6
56343 10
56344 9
56345 12
56346 14
56347 9
56348 6
56349 10
56350 5
56351 0
56352 10
56353 6
56354 10
56355 3
56356 10
56357 14
56358 6
56359 8
56360 5
56361 10
56362 7
56363 5
56364 14
56365 9
56366 14
56367 10
56368 5
56369 8
56370 9
56371 10
56372 9
56373 3
56374 0
56375 9
56376 9
56377 2
56378 2
56379 11
56380 10
56381 7
56382 12
56383 9
56384 6
56385 14
56386 6
56387 2
56388 6
56389 12
56390 13
56391 2
56392 3
56393 4
56394 13
56395 9
56396 6
56397 11
56398 6
56399 2
56400 11
56401 5
56402 2
56403 10
56404 9
56405 7
56406 11
56407 1
56408 10
56409 12
56410 10
56411 3
56412 10
56413 8
56414 3
56415 7
56416 10
56417 10
56418 8
56419 6
56420 8
56421 1
56422 10
56423 8
56424 12
56425 7
56426 3
56427 3
56428 8
56429 5
56430 6
56431 3
56432 3
56433 8
56434 9
56435 12
56436 3
56437 11
56438 5
56439 12
56440 7
56441 6
56442 3
56443 9
56444 3
56445 14
56446 3
56447 8
56448 4
56449 2
56450 11
56451 14
56452 2
56453 5
56454 3
56455 8
56456 8
56457 12
56458 3
56459 7
56460 0
56461 13
56462 9
56463 2
56464 13
56465 3
56466 10
56467 12
56468 3
56469 12
56470 13
56471 14
56472 2
56473 3
56474 10
56475 14
56476 14
56477 6
56478 8
56479 8
56480 11
56481 8
56482 10
56483 12
56484 11
56485 7
56486 3
56487 10
56488 3
56489 8
56490 12
56491 11
56492 2
56493 8
56494 8
56495 11
56496 3
56497 2
56498 11
56499 7
56500 3
56501 7
56502 2
56503 7
56504 2
56505 2
56506 8
56507 2
56508 0
56509 1
56510 3
56511 2
56512 3
56513 6
56514 6
56515 8
56516 2
56517 10
56518 10
56519 2
56520 10
56521 2
56522 2
56523 0
56524 7
56525 2
56526 6
56527 12
56528 11
56529 12
56530 10
56531 12
56532 2
56533 8
56534 2
56535 1
56536 9
56537 14
56538 5
56539 3
56540 7
56541 2
56542 2
56543 2
56544 10
56545 7
56546 6
56547 7
56548 0
56549 11
56550 6
56551 12
56552 11
56553 3
56554 7
56555 7
56556 2
56557 6
56558 3
56559 12
56560 12
56561 10
56562 8
56563 12
56564 9
56565 14
56566 12
56567 6
56568 10
56569 11
56570 12
56571 2
56572 11
56573 7
56574 11
56575 5
56576 10
56577 10
56578 1
56579 8
56580 7
56581 2
56582 2
56583 1
56584 12
56585 6
56586 12
56587 9
56588 7
56589 3
56590 1
56591 7
56592 6
56593 10
56594 11
56595 12
56596 2
56597 11
56598 6
56599 12
56600 8
56601 11
56602 12
56603 2
56604 2
56605 9
56606 3
56607 8
56608 11
56609 3
56610 7
56611 6
56612 12
56613 2
56614 9
56615 12
56616 7
56617 2
56618 12
56619 4
56620 10
56621 7
56622 12
56623 12
56624 3
56625 12
56626 2
56627 7
56628 13
56629 12
56630 7
56631 6
56632 6
56633 12
56634 0
56635 7
56636 11
56637 3
56638 1
56639 10
56640 2
56641 11
56642 2
56643 2
56644 8
56645 12
56646 3
56647 0
56648 3
56649 3
56650 2
56651 6
56652 11
56653 11
56654 3
56655 2
56656 2
56657 6
56658 7
56659 3
56660 3
56661 7
56662 8
56663 12
56664 12
56665 2
56666 10
56667 7
56668 14
56669 8
56670 7
56671 8
56672 10
56673 9
56674 11
56675 3
56676 1
56677 12
56678 2
56679 9
56680 10
56681 2
56682 7
56683 12
56684 7
56685 10
56686 1
56687 9
56688 11
56689 7
56690 6
56691 11
56692 11
56693 7
56694 8
56695 12
56696 12
56697 7
56698 14
56699 8
56700 8
56701 9
56702 11
56703 10
56704 8
56705 11
56706 2
56707 11
56708 1
56709 10
56710 8
56711 2
56712 8
56713 10
56714 8
56715 11
56716 11
56717 10
56718 0
56719 2
56720 10
56721 4
56722 8
56723 5
56724 9
56725 4
56726 6
56727 11
56728 3
56729 6
56730 12
56731 14
56732 12
56733 10
56734 10
56735 5
56736 3
56737 14
56738 10
56739 3
56740 2
56741 10
56742 12
56743 14
56744 11
56745 10
56746 5
56747 6
56748 12
56749 9
56750 14
56751 12
56752 6
56753 9
56754 8
56755 0
56756 10
56757 11
56758 9
56759 8
56760 10
56761 5
56762 3
56763 2
56764 1
56765 0
56766 8
56767 11
56768 9
56769 14
56770 12
56771 5
56772 6
56773 8
56774 8
56775 7
56776 2
56777 2
56778 8
56779 4
56780 12
56781 6
56782 7
56783 2
56784 13
56785 8
56786 8
56787 3
56788 5
56789 14
56790 2
56791 6
56792 5
56793 14
56794 7
56795 12
56796 8
56797 6
56798 8
56799 1
56800 12
56801 2
56802 14
56803 2
56804 12
56805 6
56806 13
56807 7
56808 11
56809 0
56810 8
56811 5
56812 12
56813 10
56814 3
56815 14
56816 10
56817 2
56818 7
56819 9
56820 1
56821 6
56822 12
56823 11
56824 7
56825 9
56826 1
56827 11
56828 8
56829 13
56830 10
56831 8
56832 10
56833 12
56834 7
56835 8
56836 8
56837 7
56838 12
56839 9
56840 2
56841 2
56842 2
56843 14
56844 7
56845 9
56846 13
56847 9
56848 9
56849 6
56850 10
56851 5
56852 2
56853 6
56854 7
56855 6
56856 11
56857 8
56858 10
56859 7
56860 9
56861 0
56862 3
56863 13
56864 1
56865 7
56866 13
56867 14
56868 5
56869 4
56870 11
56871 4
56872 12
56873 4
56874 5
56875 4
56876 9
56877 13
56878 9
56879 10
56880 1
56881 9
56882 2
56883 9
56884 13
56885 6
56886 9
56887 4
56888 8
56889 10
56890 10
56891 9
56892 9
56893 14
56894 14
56895 8
56896 13
56897 5
56898 13
56899 13
56900 14
56901 12
56902 5
56903 10
56904 4
56905 8
56906 13
56907 11
56908 13
56909 14
56910 7
56911 8
56912 14
56913 1
56914 8
56915 4
56916 10
56917 14
56918 2
56919 4
56920 13
56921 3
56922 14
56923 14
56924 7
56925 11
56926 13
56927 8
56928 12
56929 4
56930 9
56931 2
56932 0
56933 2
56934 11
56935 9
56936 8
56937 9
56938 8
56939 8
56940 1
56941 5
56942 14
56943 10
56944 10
56945 10
56946 1
56947 7
56948 7
56949 3
56950 9
56951 10
56952 11
56953 13
56954 11
56955 10
56956 8
56957 7
56958 3
56959 12
56960 8
56961 2
56962 8
56963 14
56964 7
56965 2
56966 14
56967 4
56968 8
56969 13
56970 10
56971 2
56972 10
56973 14
56974 14
56975 8
56976 7
56977 14
56978 12
56979 12
56980 11
56981 3
56982 14
56983 7
56984 12
56985 2
56986 13
56987 14
56988 7
56989 9
56990 6
56991 14
56992 10
56993 10
56994 10
56995 14
56996 6
56997 13
56998 14
56999 10
57000 10
57001 5
57002 13
57003 13
57004 8
57005 3
57006 14
57007 9
57008 5
57009 14
57010 13
57011 9
57012 6
57013 13
57014 8
57015 2
57016 3
57017 3
57018 10
57019 14
57020 10
57021 14
57022 6
57023 14
57024 14
57025 11
57026 4
57027 9
57028 6
57029 9
57030 10
57031 10
57032 3
57033 10
57034 0
57035 9
57036 9
57037 11
57038 8
57039 10
57040 6
57041 4
57042 1
57043 5
57044 14
57045 11
57046 3
57047 14
57048 3
57049 2
57050 14
57051 14
57052 14
57053 5
57054 14
57055 2
57056 11
57057 13
57058 3
57059 9
57060 9
57061 9
57062 9
57063 7
57064 10
57065 0
57066 13
57067 3
57068 6
57069 13
57070 12
57071 9
57072 10
57073 5
57074 9
57075 6
57076 12
57077 6
57078 7
57079 3
57080 10
57081 9
57082 4
57083 11
57084 0
57085 5
57086 4
57087 7
57088 1
57089 5
57090 11
57091 9
57092 11
57093 9
57094 8
57095 13
57096 4
57097 5
57098 6
57099 14
57100 7
57101 11
57102 4
57103 11
57104 6
57105 4
57106 9
57107 1
57108 14
57109 9
57110 13
57111 10
57112 9
57113 9
57114 13
57115 9
57116 4
57117 14
57118 10
57119 9
57120 7
57121 13
57122 1
57123 13
57124 10
57125 2
57126 8
57127 4
57128 9
57129 11
57130 9
57131 9
57132 10
57133 0
57134 11
57135 14
57136 14
57137 0
57138 9
57139 9
57140 8
57141 9
57142 13
57143 6
57144 9
57145 3
57146 13
57147 9
57148 13
57149 13
57150 9
57151 9
57152 10
57153 4
57154 2
57155 5
57156 7
57157 9
57158 8
57159 9
57160 8
57161 13
57162 10
57163 2
57164 8
57165 10
57166 10
57167 13
57168 12
57169 10
57170 4
57171 9
57172 4
57173 9
57174 9
57175 13
57176 13
57177 9
57178 9
57179 14
57180 10
57181 13
57182 9
57183 10
57184 11
57185 14
57186 10
57187 10
57188 8
57189 8
57190 12
57191 10
57192 14
57193 8
57194 0
57195 4
57196 14
57197 0
57198 1
57199 8
57200 9
57201 10
57202 5
57203 1
57204 4
57205 14
57206 8
57207 8
57208 7
57209 7
57210 13
57211 9
57212 10
57213 2
57214 14
57215 9
57216 13
57217 3
57218 10
57219 8
57220 2
57221 9
57222 5
57223 11
57224 8
57225 11
57226 8
57227 2
57228 11
57229 0
57230 9
57231 11
57232 0
57233 2
57234 14
57235 2
57236 7
57237 5
57238 3
57239 8
57240 7
57241 3
57242 10
57243 13
57244 12
57245 14
57246 5
57247 9
57248 2
57249 7
57250 13
57251 11
57252 8
57253 6
57254 10
57255 8
57256 11
57257 14
57258 11
57259 8
57260 9
57261 8
57262 5
57263 13
57264 9
57265 3
57266 7
57267 13
57268 3
57269 6
57270 9
57271 14
57272 9
57273 6
57274 13
57275 8
57276 13
57277 4
57278 11
57279 14
57280 3
57281 10
57282 4
57283 2
57284 6
57285 9
57286 12
57287 8
57288 8
57289 12
57290 12
57291 9
57292 8
57293 6
57294 10
57295 8
57296 8
57297 8
57298 9
57299 10
57300 9
57301 10
57302 13
57303 1
57304 0
57305 9
57306 9
57307 14
57308 13
57309 9
57310 8
57311 13
57312 9
57313 6
57314 9
57315 13
57316 12
57317 7
57318 2
57319 5
57320 5
57321 13
57322 9
57323 10
57324 9
57325 9
57326 2
57327 4
57328 9
57329 14
57330 9
57331 9
57332 4
57333 7
57334 13
57335 13
57336 13
57337 5
57338 9
57339 10
57340 13
57341 1
57342 4
57343 2
57344 10
57345 13
57346 5
57347 13
57348 13
57349 11
57350 9
57351 4
57352 8
57353 13
57354 10
57355 8
57356 3
57357 9
57358 10
57359 5
57360 4
57361 8
57362 6
57363 6
57364 8
57365 10
57366 13
57367 9
57368 7
57369 8
57370 2
57371 10
57372 8
57373 9
57374 9
57375 9
57376 11
57377 10
57378 4
57379 4
57380 13
57381 13
57382 10
57383 8
57384 4
57385 13
57386 7
57387 4
57388 2
57389 4
57390 9
57391 9
57392 9
57393 11
57394 8
57395 13
57396 9
57397 12
57398 9
57399 10
57400 9
57401 14
57402 14
57403 5
57404 8
57405 12
57406 3
57407 14
57408 9
57409 4
57410 9
57411 13
57412 7
57413 7
57414 9
57415 11
57416 14
57417 8
57418 9
57419 13
57420 13
57421 9
57422 7
57423 9
57424 13
57425 9
57426 3
57427 8
57428 4
57429 10
57430 5
57431 4
57432 9
57433 13
57434 13
57435 7
57436 8
57437 13
57438 7
57439 8
57440 7
57441 9
57442 14
57443 13
57444 3
57445 13
57446 8
57447 14
57448 9
57449 9
57450 8
57451 5
57452 9
57453 13
57454 13
57455 14
57456 13
57457 13
57458 13
57459 13
57460 4
57461 4
57462 3
57463 13
57464 14
57465 0
57466 9
57467 13
57468 14
57469 9
57470 4
57471 9
57472 10
57473 10
57474 2
57475 9
57476 8
57477 6
57478 0
57479 11
57480 8
57481 4
57482 13
57483 9
57484 5
57485 1
57486 2
57487 14
57488 7
57489 7
57490 7
57491 14
57492 8
57493 3
57494 5
57495 1
57496 9
57497 14
57498 7
57499 2
57500 10
57501 6
57502 3
57503 5
57504 13
57505 2
57506 1
57507 13
57508 8
57509 12
57510 5
57511 3
57512 8
57513 11
57514 7
57515 6
57516 10
57517 3
57518 6
57519 7
57520 11
57521 7
57522 2
57523 2
57524 12
57525 8
57526 7
57527 10
57528 4
57529 2
57530 14
57531 3
57532 0
57533 6
57534 11
57535 8
57536 9
57537 10
57538 2
57539 12
57540 7
57541 12
57542 12
57543 7
57544 7
57545 3
57546 7
57547 3
57548 6
57549 11
57550 10
57551 2
57552 11
57553 2
57554 6
57555 10
57556 10
57557 7
57558 3
57559 7
57560 0
57561 12
57562 2
57563 2
57564 6
57565 7
57566 2
57567 11
57568 1
57569 2
57570 11
57571 10
57572 10
57573 7
57574 12
57575 6
57576 9
57577 8
57578 12
57579 13
57580 12
57581 10
57582 8
57583 3
57584 2
57585 11
57586 11
57587 6
57588 0
57589 11
57590 1
57591 12
57592 10
57593 3
57594 12
57595 12
57596 8
57597 3
57598 3
57599 0
57600 2
57601 0
57602 8
57603 3
57604 2
57605 11
57606 2
57607 11
57608 7
57609 2
57610 0
57611 2
57612 2
57613 3
57614 4
57615 2
57616 2
57617 9
57618 7
57619 12
57620 11
57621 2
57622 7
57623 3
57624 7
57625 3
57626 2
57627 2
57628 7
57629 2
57630 2
57631 2
57632 2
57633 11
57634 12
57635 2
57636 0
57637 3
57638 2
57639 7
57640 8
57641 13
57642 2
57643 3
57644 2
57645 2
57646 14
57647 7
57648 6
57649 2
57650 7
57651 7
57652 9
57653 3
57654 7
57655 12
57656 12
57657 11
57658 8
57659 11
57660 3
57661 7
57662 11
57663 12
57664 9
57665 11
57666 11
57667 12
57668 6
57669 6
57670 10
57671 3
57672 7
57673 7
57674 3
57675 12
57676 2
57677 11
57678 2
57679 2
57680 6
57681 12
57682 6
57683 2
57684 2
57685 0
57686 0
57687 0
57688 6
57689 3
57690 2
57691 2
57692 6
57693 0
57694 3
57695 6
57696 0
57697 6
57698 7
57699 12
57700 7
57701 8
57702 6
57703 3
57704 2
57705 3
57706 3
57707 7
57708 4
57709 12
57710 12
57711 12
57712 2
57713 11
57714 2
57715 0
57716 8
57717 2
57718 2
57719 7
57720 2
57721 6
57722 2
57723 3
57724 0
57725 2
57726 3
57727 9
57728 2
57729 7
57730 7
57731 11
57732 7
57733 12
57734 12
57735 12
57736 8
57737 11
57738 7
57739 8
57740 0
57741 5
57742 8
57743 11
57744 7
57745 2
57746 2
57747 7
57748 5
57749 12
57750 11
57751 7
57752 2
57753 7
57754 12
57755 5
57756 12
57757 8
57758 2
57759 6
57760 12
57761 7
57762 3
57763 7
57764 2
57765 2
57766 2
57767 8
57768 11
57769 12
57770 3
57771 2
57772 11
57773 12
57774 6
57775 6
57776 7
57777 11
57778 12
57779 3
57780 12
57781 3
57782 11
57783 10
57784 2
57785 5
57786 0
57787 6
57788 2
57789 3
57790 2
57791 7
57792 3
57793 11
57794 10
57795 2
57796 2
57797 7
57798 3
57799 3
57800 12
57801 1
57802 7
57803 2
57804 8
57805 10
57806 3
57807 3
57808 10
57809 7
57810 7
57811 6
57812 7
57813 10
57814 12
57815 12
57816 1
57817 2
57818 10
57819 10
57820 12
57821 3
57822 2
57823 6
57824 10
57825 6
57826 10
57827 9
57828 14
57829 14
57830 3
57831 12
57832 7
57833 2
57834 8
57835 10
57836 14
57837 12
57838 13
57839 2
57840 2
57841 10
57842 8
57843 8
57844 2
57845 10
57846 4
57847 11
57848 7
57849 5
57850 12
57851 12
57852 9
57853 6
57854 14
57855 2
57856 9
57857 11
57858 11
57859 14
57860 10
57861 1
57862 3
57863 8
57864 7
57865 2
57866 10
57867 10
57868 1
57869 2
57870 10
57871 12
57872 7
57873 3
57874 3
57875 2
57876 1
57877 5
57878 11
57879 10
57880 12
57881 11
57882 9
57883 7
57884 10
57885 8
57886 4
57887 11
57888 4
57889 2
57890 5
57891 9
57892 9
57893 4
57894 7
57895 9
57896 7
57897 14
57898 8
57899 12
57900 3
57901 4
57902 10
57903 8
57904 12
57905 7
57906 12
57907 10
57908 2
57909 2
57910 9
57911 4
57912 13
57913 5
57914 9
57915 7
57916 9
57917 9
57918 0
57919 3
57920 2
57921 11
57922 9
57923 14
57924 8
57925 9
57926 9
57927 10
57928 6
57929 6
57930 4
57931 9
57932 10
57933 0
57934 6
57935 13
57936 13
57937 8
57938 13
57939 4
57940 9
57941 9
57942 11
57943 6
57944 2
57945 6
57946 6
57947 12
57948 3
57949 14
57950 7
57951 10
57952 10
57953 7
57954 6
57955 7
57956 7
57957 10
57958 8
57959 2
57960 14
57961 3
57962 11
57963 3
57964 10
57965 12
57966 14
57967 10
57968 6
57969 6
57970 7
57971 3
57972 6
57973 5
57974 10
57975 12
57976 12
57977 12
57978 8
57979 8
57980 7
57981 7
57982 11
57983 10
57984 9
57985 10
57986 12
57987 7
57988 10
57989 0
57990 1
57991 10
57992 11
57993 3
57994 6
57995 13
57996 13
57997 9
57998 8
57999 9
58000 8
58001 6
58002 8
58003 4
58004 2
58005 2
58006 7
58007 7
58008 12
58009 5
58010 11
58011 5
58012 9
58013 4
58014 9
58015 13
58016 13
58017 13
58018 3
58019 12
58020 14
58021 10
58022 12
58023 12
58024 7
58025 4
58026 13
58027 9
58028 9
58029 13
58030 13
58031 9
58032 1
58033 14
58034 13
58035 13
58036 8
58037 9
58038 9
58039 13
58040 13
58041 4
58042 13
58043 14
58044 2
58045 3
58046 0
58047 2
58048 2
58049 8
58050 3
58051 6
58052 3
58053 8
58054 2
58055 2
58056 6
58057 2
58058 2
58059 2
58060 2
58061 8
58062 11
58063 2
58064 2
58065 2
58066 7
58067 11
58068 7
58069 2
58070 2
58071 2
58072 2
58073 2
58074 2
58075 0
58076 2
58077 2
58078 8
58079 2
58080 2
58081 2
58082 3
58083 6
58084 3
58085 11
58086 14
58087 6
58088 3
58089 8
58090 3
58091 7
58092 12
58093 11
58094 9
58095 1
58096 8
58097 6
58098 2
58099 8
58100 3
58101 2
58102 3
58103 2
58104 6
58105 11
58106 11
58107 2
58108 2
58109 2
58110 2
58111 2
58112 6
58113 0
58114 2
58115 6
58116 11
58117 0
58118 2
58119 2
58120 8
58121 3
58122 2
58123 2
58124 8
58125 6
58126 3
58127 2
58128 2
58129 3
58130 3
58131 3
58132 2
58133 7
58134 6
58135 2
58136 2
58137 2
58138 2
58139 4
58140 2
58141 10
58142 3
58143 8
58144 8
58145 2
58146 4
58147 6
58148 7
58149 2
58150 6
58151 7
58152 3
58153 0
58154 11
58155 3
58156 9
58157 3
58158 2
58159 11
58160 5
58161 7
58162 12
58163 2
58164 3
58165 3
58166 14
58167 2
58168 6
58169 5
58170 3
58171 2
58172 6
58173 8
58174 12
58175 2
58176 8
58177 12
58178 10
58179 11
58180 3
58181 5
58182 2
58183 2
58184 6
58185 7
58186 3
58187 6
58188 8
58189 7
58190 0
58191 11
58192 3
58193 7
58194 7
58195 2
58196 8
58197 7
58198 6
58199 13
58200 12
58201 11
58202 6
58203 10
58204 3
58205 7
58206 8
58207 0
58208 11
58209 6
58210 13
58211 6
58212 2
58213 8
58214 12
58215 12
58216 3
58217 8
58218 6
58219 8
58220 10
58221 8
58222 4
58223 6
58224 2
58225 7
58226 3
58227 11
58228 5
58229 6
58230 2
58231 2
58232 3
58233 5
58234 6
58235 1
58236 12
58237 9
58238 8
58239 10
58240 8
58241 11
58242 8
58243 3
58244 6
58245 6
58246 0
58247 3
58248 2
58249 4
58250 2
58251 3
58252 11
58253 7
58254 3
58255 1
58256 10
58257 12
58258 2
58259 14
58260 7
58261 11
58262 12
58263 1
58264 12
58265 2
58266 11
58267 3
58268 6
58269 12
58270 2
58271 6
58272 10
58273 3
58274 7
58275 11
58276 10
58277 5
58278 2
58279 12
58280 6
58281 3
58282 12
58283 11
58284 8
58285 8
58286 7
58287 7
58288 2
58289 3
58290 7
58291 0
58292 6
58293 6
58294 0
58295 10
58296 3
58297 10
58298 6
58299 3
58300 3
58301 3
58302 7
58303 11
58304 8
58305 12
58306 6
58307 10
58308 3
58309 6
58310 2
58311 12
58312 3
58313 2
58314 3
58315 4
58316 6
58317 1
58318 12
58319 11
58320 11
58321 7
58322 7
58323 2
58324 3
58325 12
58326 2
58327 1
58328 10
58329 11
58330 2
58331 3
58332 7
58333 3
58334 2
58335 2
58336 3
58337 2
58338 3
58339 12
58340 3
58341 7
58342 3
58343 8
58344 4
58345 10
58346 9
58347 6
58348 12
58349 3
58350 11
58351 14
58352 11
58353 12
58354 12
58355 8
58356 14
58357 2
58358 7
58359 8
58360 8
58361 6
58362 7
58363 8
58364 6
58365 14
58366 8
58367 3
58368 6
58369 7
58370 8
58371 7
58372 6
58373 13
58374 6
58375 11
58376 3
58377 0
58378 2
58379 11
58380 12
58381 7
58382 12
58383 12
58384 11
58385 12
58386 6
58387 14
58388 12
58389 6
58390 8
58391 12
58392 3
58393 7
58394 3
58395 2
58396 7
58397 3
58398 2
58399 5
58400 8
58401 9
58402 6
58403 6
58404 3
58405 7
58406 14
58407 14
58408 8
58409 3
58410 14
58411 7
58412 2
58413 8
58414 2
58415 3
58416 6
58417 11
58418 12
58419 12
58420 7
58421 6
58422 0
58423 12
58424 7
58425 6
58426 12
58427 13
58428 9
58429 2
58430 6
58431 6
58432 7
58433 12
58434 3
58435 7
58436 3
58437 7
58438 8
58439 1
58440 12
58441 11
58442 11
58443 2
58444 3
58445 13
58446 2
58447 11
58448 11
58449 6
58450 7
58451 8
58452 10
58453 12
58454 11
58455 7
58456 6
58457 12
58458 7
58459 6
58460 2
58461 8
58462 7
58463 12
58464 2
58465 6
58466 6
58467 12
58468 5
58469 7
58470 5
58471 6
58472 8
58473 6
58474 11
58475 6
58476 12
58477 12
58478 10
58479 3
58480 3
58481 11
58482 6
58483 10
58484 12
58485 3
58486 2
58487 11
58488 12
58489 11
58490 0
58491 1
58492 2
58493 6
58494 3
58495 2
58496 3
58497 3
58498 11
58499 12
58500 2
58501 2
58502 3
58503 7
58504 3
58505 2
58506 11
58507 8
58508 7
58509 7
58510 7
58511 6
58512 14
58513 6
58514 6
58515 14
58516 10
58517 7
58518 6
58519 11
58520 9
58521 1
58522 1
58523 11
58524 10
58525 12
58526 10
58527 7
58528 12
58529 8
58530 10
58531 8
58532 12
58533 12
58534 9
58535 1
58536 14
58537 6
58538 10
58539 11
58540 10
58541 5
58542 4
58543 8
58544 5
58545 9
58546 4
58547 9
58548 9
58549 13
58550 9
58551 13
58552 14
58553 9
58554 9
58555 4
58556 9
58557 14
58558 6
58559 14
58560 0
58561 8
58562 1
58563 12
58564 12
58565 10
58566 3
58567 2
58568 7
58569 4
58570 3
58571 13
58572 9
58573 9
58574 5
58575 5
58576 14
58577 9
58578 13
58579 12
58580 13
58581 13
58582 9
58583 9
58584 9
58585 8
58586 7
58587 12
58588 10
58589 6
58590 2
58591 8
58592 12
58593 11
58594 6
58595 2
58596 8
58597 12
58598 3
58599 10
58600 11
58601 10
58602 1
58603 3
58604 7
58605 3
58606 14
58607 8
58608 7
58609 14
58610 3
58611 10
58612 3
58613 9
58614 9
58615 8
58616 4
58617 4
58618 4
58619 13
58620 13
58621 9
58622 9
58623 9
58624 9
58625 9
58626 5
58627 10
58628 3
58629 9
58630 10
58631 9
58632 13
58633 13
58634 7
58635 8
58636 13
58637 10
58638 13
58639 3
58640 1
58641 13
58642 12
58643 9
58644 12
58645 9
58646 14
58647 8
58648 8
58649 4
58650 8
58651 6
58652 13
58653 9
58654 13
58655 9
58656 2
58657 4
58658 9
58659 10
58660 14
58661 13
58662 9
58663 11
58664 13
58665 9
58666 9
58667 4
58668 13
58669 9
58670 9
58671 9
58672 13
58673 8
58674 13
58675 13
58676 14
58677 9
58678 6
58679 3
58680 9
58681 8
58682 0
58683 13
58684 4
58685 13
58686 14
58687 9
58688 10
58689 9
58690 9
58691 13
58692 13
58693 9
58694 9
58695 13
58696 2
58697 11
58698 9
58699 9
58700 4
58701 10
58702 10
58703 9
58704 9
58705 13
58706 9
58707 9
58708 0
58709 9
58710 9
58711 5
58712 9
58713 1
58714 9
58715 9
58716 10
58717 5
58718 9
58719 9
58720 13
58721 1
58722 4
58723 13
58724 10
58725 9
58726 5
58727 9
58728 14
58729 9
58730 1
58731 6
58732 13
58733 9
58734 13
58735 13
58736 4
58737 9
58738 9
58739 9
58740 9
58741 0
58742 13
58743 6
58744 2
58745 13
58746 9
58747 2
58748 9
58749 9
58750 9
58751 1
58752 13
58753 9
58754 14
58755 7
58756 9
58757 9
58758 8
58759 6
58760 2
58761 8
58762 13
58763 4
58764 14
58765 7
58766 6
58767 4
58768 9
58769 10
58770 4
58771 8
58772 13
58773 2
58774 4
58775 9
58776 14
58777 13
58778 9
58779 4
58780 9
58781 4
58782 12
58783 0
58784 1
58785 11
58786 9
58787 13
58788 13
58789 13
58790 8
58791 9
58792 3
58793 13
58794 7
58795 9
58796 4
58797 9
58798 14
58799 9
58800 6
58801 10
58802 2
58803 13
58804 7
58805 14
58806 14
58807 11
58808 9
58809 0
58810 2
58811 11
58812 12
58813 8
58814 4
58815 12
58816 1
58817 7
58818 14
58819 12
58820 13
58821 2
58822 7
58823 13
58824 9
58825 14
58826 9
58827 1
58828 9
58829 8
58830 4
58831 9
58832 14
58833 0
58834 10
58835 8
58836 10
58837 4
58838 9
58839 3
58840 9
58841 4
58842 7
58843 13
58844 13
58845 9
58846 2
58847 13
58848 13
58849 8
58850 13
58851 8
58852 5
58853 9
58854 9
58855 4
58856 9
58857 7
58858 9
58859 9
58860 13
58861 3
58862 7
58863 10
58864 9
58865 5
58866 3
58867 9
58868 10
58869 4
58870 13
58871 8
58872 3
58873 0
58874 4
58875 8
58876 13
58877 10
58878 2
58879 4
58880 13
58881 9
58882 13
58883 9
58884 4
58885 6
58886 4
58887 8
58888 11
58889 9
58890 9
58891 0
58892 9
58893 10
58894 11
58895 10
58896 3
58897 9
58898 2
58899 8
58900 4
58901 7
58902 9
58903 10
58904 13
58905 8
58906 5
58907 9
58908 4
58909 5
58910 11
58911 4
58912 5
58913 10
58914 11
58915 13
58916 5
58917 8
58918 14
58919 7
58920 14
58921 13
58922 7
58923 2
58924 10
58925 9
58926 2
58927 9
58928 11
58929 3
58930 4
58931 5
58932 5
58933 8
58934 3
58935 4
58936 4
58937 6
58938 10
58939 4
58940 4
58941 9
58942 12
58943 5
58944 9
58945 13
58946 14
58947 10
58948 9
58949 14
58950 4
58951 9
58952 5
58953 9
58954 4
58955 9
58956 1
58957 5
58958 5
58959 12
58960 10
58961 10
58962 13
58963 9
58964 9
58965 10
58966 6
58967 3
58968 9
58969 4
58970 10
58971 9
58972 13
58973 4
58974 10
58975 10
58976 3
58977 14
58978 5
58979 11
58980 9
58981 1
58982 11
58983 14
58984 11
58985 4
58986 8
58987 13
58988 8
58989 8
58990 9
58991 7
58992 13
58993 13
58994 14
58995 1
58996 9
58997 4
58998 8
58999 11
59000 4
59001 10
59002 14
59003 4
59004 5
59005 4
59006 8
59007 8
59008 13
59009 13
59010 8
59011 14
59012 4
59013 13
59014 5
59015 9
59016 10
59017 7
59018 8
59019 9
59020 13
59021 0
59022 9
59023 9
59024 5
59025 9
59026 9
59027 8
59028 10
59029 9
59030 13
59031 6
59032 9
59033 8
59034 9
59035 13
59036 7
59037 9
59038 8
59039 2
59040 3
59041 7
59042 6
59043 12
59044 8
59045 7
59046 12
59047 4
59048 1
59049 3
59050 8
59051 10
59052 8
59053 14
59054 9
59055 9
59056 3
59057 9
59058 9
59059 4
59060 9
59061 13
59062 11
59063 6
59064 7
59065 7
59066 8
59067 4
59068 4
59069 4
59070 5
59071 7
59072 3
59073 8
59074 5
59075 9
59076 4
59077 8
59078 13
59079 9
59080 9
59081 11
59082 12
59083 10
59084 9
59085 3
59086 1
59087 9
59088 5
59089 4
59090 4
59091 13
59092 8
59093 13
59094 9
59095 13
59096 1
59097 9
59098 9
59099 9
59100 9
59101 9
59102 13
59103 9
59104 4
59105 5
59106 13
59107 4
59108 12
59109 14
59110 13
59111 10
59112 9
59113 13
59114 13
59115 13
59116 9
59117 9
59118 14
59119 5
59120 9
59121 3
59122 14
59123 13
59124 4
59125 9
59126 9
59127 9
59128 6
59129 4
59130 7
59131 8
59132 13
59133 9
59134 4
59135 9
59136 11
59137 9
59138 8
59139 4
59140 9
59141 9
59142 9
59143 4
59144 14
59145 8
59146 13
59147 1
59148 9
59149 13
59150 13
59151 4
59152 11
59153 13
59154 1
59155 1
59156 9
59157 9
59158 10
59159 10
59160 11
59161 13
59162 13
59163 13
59164 7
59165 7
59166 5
59167 9
59168 4
59169 9
59170 12
59171 5
59172 12
59173 4
59174 6
59175 13
59176 10
59177 14
59178 7
59179 4
59180 11
59181 8
59182 7
59183 6
59184 10
59185 13
59186 9
59187 10
59188 13
59189 6
59190 9
59191 13
59192 4
59193 11
59194 0
59195 5
59196 5
59197 4
59198 4
59199 9
59200 13
59201 7
59202 13
59203 8
59204 12
59205 6
59206 10
59207 14
59208 3
59209 4
59210 14
59211 4
59212 2
59213 9
59214 12
59215 13
59216 4
59217 3
59218 5
59219 3
59220 14
59221 8
59222 4
59223 5
59224 9
59225 14
59226 1
59227 9
59228 2
59229 4
59230 3
59231 13
59232 3
59233 7
59234 4
59235 13
59236 9
59237 4
59238 9
59239 13
59240 13
59241 14
59242 11
59243 8
59244 6
59245 13
59246 6
59247 3
59248 10
59249 4
59250 13
59251 4
59252 14
59253 3
59254 4
59255 5
59256 4
59257 8
59258 9
59259 11
59260 4
59261 4
59262 9
59263 13
59264 13
59265 10
59266 5
59267 12
59268 11
59269 4
59270 4
59271 11
59272 8
59273 10
59274 4
59275 14
59276 14
59277 14
59278 13
59279 11
59280 12
59281 10
59282 9
59283 13
59284 0
59285 10
59286 7
59287 4
59288 9
59289 3
59290 8
59291 13
59292 5
59293 4
59294 4
59295 10
59296 7
59297 3
59298 2
59299 10
59300 6
59301 14
59302 7
59303 11
59304 2
59305 9
59306 0
59307 3
59308 5
59309 4
59310 10
59311 9
59312 6
59313 12
59314 0
59315 10
59316 13
59317 5
59318 8
59319 4
59320 14
59321 13
59322 8
59323 14
59324 14
59325 8
59326 13
59327 12
59328 4
59329 8
59330 9
59331 4
59332 14
59333 3
59334 8
59335 14
59336 5
59337 5
59338 11
59339 10
59340 7
59341 7
59342 3
59343 8
59344 14
59345 8
59346 9
59347 4
59348 11
59349 5
59350 7
59351 14
59352 7
59353 11
59354 4
59355 5
59356 12
59357 0
59358 4
59359 7
59360 5
59361 14
59362 5
59363 5
59364 3
59365 9
59366 10
59367 5
59368 14
59369 13
59370 7
59371 3
59372 14
59373 9
59374 5
59375 10
59376 5
59377 10
59378 0
59379 2
59380 4
59381 13
59382 7
59383 5
59384 14
59385 1
59386 5
59387 11
59388 5
59389 5
59390 11
59391 13
59392 4
59393 5
59394 5
59395 7
59396 12
59397 4
59398 10
59399 5
59400 12
59401 2
59402 10
59403 14
59404 9
59405 12
59406 10
59407 14
59408 1
59409 11
59410 14
59411 0
59412 14
59413 9
59414 5
59415 7
59416 5
59417 9
59418 2
59419 0
59420 7
59421 8
59422 0
59423 7
59424 4
59425 5
59426 10
59427 4
59428 5
59429 11
59430 5
59431 14
59432 1
59433 10
59434 4
59435 9
59436 13
59437 12
59438 14
59439 12
59440 14
59441 11
59442 14
59443 1
59444 10
59445 11
59446 3
59447 2
59448 11
59449 8
59450 9
59451 10
59452 14
59453 6
59454 13
59455 11
59456 4
59457 0
59458 13
59459 14
59460 12
59461 10
59462 1
59463 14
59464 9
59465 8
59466 14
59467 14
59468 4
59469 11
59470 0
59471 13
59472 14
59473 11
59474 8
59475 9
59476 5
59477 11
59478 9
59479 5
59480 9
59481 14
59482 13
59483 13
59484 6
59485 9
59486 9
59487 7
59488 4
59489 14
59490 4
59491 13
59492 7
59493 8
59494 5
59495 9
59496 5
59497 0
59498 1
59499 4
59500 4
59501 4
59502 9
59503 9
59504 9
59505 2
59506 9
59507 14
59508 12
59509 13
59510 8
59511 14
59512 13
59513 5
59514 5
59515 5
59516 8
59517 7
59518 13
59519 5
59520 4
59521 5
59522 11
59523 14
59524 14
59525 14
59526 12
59527 11
59528 5
59529 5
59530 13
59531 4
59532 12
59533 9
59534 4
59535 14
59536 4
59537 5
59538 5
59539 10
59540 9
59541 0
59542 5
59543 14
59544 6
59545 13
59546 5
59547 7
59548 1
59549 4
59550 4
59551 4
59552 4
59553 4
59554 5
59555 10
59556 9
59557 3
59558 14
59559 11
59560 9
59561 13
59562 5
59563 8
59564 14
59565 5
59566 9
59567 8
59568 8
59569 5
59570 5
59571 13
59572 0
59573 8
59574 4
59575 4
59576 5
59577 4
59578 5
59579 13
59580 9
59581 9
59582 11
59583 5
59584 11
59585 4
59586 14
59587 4
59588 4
59589 14
59590 5
59591 4
59592 14
59593 12
59594 14
59595 5
59596 12
59597 12
59598 14
59599 13
59600 6
59601 7
59602 2
59603 9
59604 6
59605 11
59606 7
59607 7
59608 6
59609 7
59610 11
59611 12
59612 3
59613 2
59614 14
59615 2
59616 5
59617 2
59618 1
59619 12
59620 11
59621 3
59622 7
59623 2
59624 8
59625 12
59626 2
59627 11
59628 4
59629 12
59630 8
59631 3
59632 11
59633 3
59634 3
59635 6
59636 2
59637 8
59638 10
59639 8
59640 12
59641 10
59642 12
59643 7
59644 6
59645 12
59646 12
59647 7
59648 14
59649 8
59650 0
59651 7
59652 8
59653 3
59654 6
59655 8
59656 2
59657 10
59658 2
59659 5
59660 12
59661 11
59662 9
59663 10
59664 12
59665 9
59666 12
59667 6
59668 6
59669 5
59670 3
59671 2
59672 3
59673 8
59674 14
59675 3
59676 12
59677 9
59678 7
59679 12
59680 6
59681 8
59682 4
59683 2
59684 2
59685 7
59686 6
59687 6
59688 8
59689 6
59690 12
59691 12
59692 6
59693 6
59694 2
59695 6
59696 7
59697 2
59698 8
59699 7
59700 12
59701 12
59702 6
59703 4
59704 3
59705 3
59706 6
59707 3
59708 3
59709 2
59710 6
59711 3
59712 2
59713 14
59714 2
59715 8
59716 3
59717 3
59718 7
59719 3
59720 8
59721 2
59722 1
59723 8
59724 6
59725 14
59726 10
59727 3
59728 5
59729 14
59730 7
59731 6
59732 6
59733 7
59734 12
59735 12
59736 10
59737 10
59738 2
59739 11
59740 10
59741 7
59742 8
59743 2
59744 10
59745 2
59746 7
59747 3
59748 10
59749 11
59750 2
59751 2
59752 11
59753 10
59754 12
59755 2
59756 6
59757 11
59758 6
59759 12
59760 8
59761 7
59762 3
59763 8
59764 12
59765 10
59766 2
59767 2
59768 3
59769 7
59770 8
59771 2
59772 3
59773 8
59774 2
59775 2
59776 6
59777 8
59778 3
59779 12
59780 1
59781 12
59782 7
59783 3
59784 10
59785 10
59786 5
59787 12
59788 2
59789 6
59790 10
59791 7
59792 6
59793 6
59794 6
59795 12
59796 12
59797 3
59798 10
59799 8
59800 8
59801 8
59802 3
59803 10
59804 11
59805 10
59806 7
59807 2
59808 10
59809 10
59810 5
59811 12
59812 11
59813 2
59814 7
59815 11
59816 12
59817 3
59818 7
59819 7
59820 6
59821 12
59822 11
59823 7
59824 2
59825 6
59826 12
59827 5
59828 13
59829 7
59830 5
59831 6
59832 7
59833 8
59834 7
59835 11
59836 6
59837 4
59838 6
59839 6
59840 8
59841 12
59842 0
59843 10
59844 8
59845 7
59846 2
59847 3
59848 10
59849 6
59850 2
59851 14
59852 11
59853 6
59854 10
59855 13
59856 1
59857 14
59858 7
59859 12
59860 7
59861 2
59862 6
59863 6
59864 6
59865 12
59866 10
59867 2
59868 2
59869 12
59870 8
59871 9
59872 5
59873 7
59874 3
59875 12
59876 0
59877 12
59878 8
59879 8
59880 2
59881 6
59882 12
59883 6
59884 5
59885 12
59886 12
59887 8
59888 9
59889 11
59890 11
59891 6
59892 12
59893 6
59894 6
59895 7
59896 3
59897 2
59898 6
59899 10
59900 10
59901 0
59902 6
59903 2
59904 10
59905 7
59906 7
59907 3
59908 11
59909 3
59910 1
59911 12
59912 12
59913 12
59914 3
59915 10
59916 14
59917 6
59918 6
59919 2
59920 11
59921 12
59922 8
59923 10
59924 8
59925 0
59926 11
59927 11
59928 8
59929 12
59930 11
59931 10
59932 11
59933 6
59934 10
59935 11
59936 3
59937 12
59938 7
59939 5
59940 3
59941 8
59942 12
59943 10
59944 8
59945 2
59946 7
59947 11
59948 7
59949 10
59950 6
59951 14
59952 8
59953 1
59954 6
59955 10
59956 3
59957 3
59958 10
59959 10
59960 2
59961 2
59962 11
59963 3
59964 6
59965 1
59966 12
59967 6
59968 6
59969 12
59970 1
59971 5
59972 14
59973 3
59974 3
59975 10
59976 2
59977 11
59978 10
59979 7
59980 6
59981 11
59982 11
59983 10
59984 6
59985 11
59986 10
59987 5
59988 10
59989 5
59990 4
59991 7
59992 7
59993 6
59994 8
59995 11
59996 6
59997 7
59998 14
59999 3
60000 8
60001 3
60002 7
60003 7
60004 7
60005 3
60006 7
60007 6
60008 0
60009 9
60010 3
60011 5
60012 6
60013 12
60014 3
60015 11
60016 10
60017 14
60018 2
60019 10
60020 3
60021 14
60022 2
60023 12
60024 1
60025 3
60026 5
60027 12
60028 9
60029 1
60030 2
60031 9
60032 12
60033 2
60034 13
60035 13
60036 9
60037 13
60038 9
60039 6
60040 9
60041 9
60042 4
60043 4
60044 13
60045 13
60046 9
60047 9
60048 9
60049 6
60050 2
60051 13
60052 7
60053 14
60054 3
60055 5
60056 9
60057 13
60058 3
60059 7
60060 3
60061 2
60062 8
60063 10
60064 10
60065 1
60066 3
60067 1
60068 14
60069 4
60070 9
60071 10
60072 6
60073 7
60074 2
60075 14
60076 10
60077 9
60078 9
60079 13
60080 11
60081 9
60082 9
60083 9
60084 13
60085 9
60086 10
60087 1
60088 11
60089 14
60090 9
60091 14
60092 1
60093 5
60094 7
60095 8
60096 9
60097 2
60098 9
60099 13
60100 12
60101 9
60102 4
60103 7
60104 8
60105 7
60106 9
60107 8
60108 5
60109 2
60110 10
60111 3
60112 1
60113 10
60114 6
60115 8
60116 14
60117 12
60118 10
60119 5
60120 11
60121 3
60122 2
60123 3
60124 10
60125 14
60126 0
60127 8
60128 2
60129 3
60130 11
60131 11
60132 10
60133 2
60134 6
60135 11
60136 2
60137 14
60138 2
60139 3
60140 9
60141 2
60142 9
60143 13
60144 14
60145 12
60146 4
60147 1
60148 9
60149 9
60150 11
60151 9
60152 7
60153 9
60154 13
60155 9
60156 9
60157 11
60158 14
60159 10
60160 0
60161 9
60162 3
60163 9
60164 10
60165 9
60166 14
60167 9
60168 10
60169 8
60170 14
60171 10
60172 8
60173 9
60174 3
60175 8
60176 3
60177 14
60178 13
60179 13
60180 9
60181 7
60182 7
60183 10
60184 13
60185 2
60186 3
60187 9
60188 12
60189 14
60190 7
60191 7
60192 3
60193 5
60194 5
60195 7
60196 3
60197 11
60198 9
60199 2
60200 4
60201 6
60202 12
60203 7
60204 13
60205 10
60206 8
60207 12
60208 2
60209 7
60210 3
60211 2
60212 11
60213 6
60214 4
60215 2
60216 7
60217 3
60218 10
60219 12
60220 6
60221 7
60222 11
60223 12
60224 7
60225 12
60226 11
60227 10
60228 2
60229 11
60230 12
60231 2
60232 14
60233 6
60234 14
60235 3
60236 2
60237 9
60238 7
60239 6
60240 1
60241 2
60242 11
60243 0
60244 10
60245 7
60246 8
60247 10
60248 5
60249 10
60250 11
60251 10
60252 11
60253 3
60254 11
60255 11
60256 6
60257 6
60258 7
60259 12
60260 11
60261 3
60262 3
60263 2
60264 3
60265 10
60266 12
60267 12
60268 7
60269 4
60270 12
60271 6
60272 12
60273 6
60274 9
60275 6
60276 3
60277 12
60278 7
60279 3
60280 3
60281 4
60282 2
60283 3
60284 3
60285 12
60286 11
60287 7
60288 6
60289 0
60290 2
60291 2
60292 2
60293 7
60294 7
60295 13
60296 10
60297 14
60298 6
60299 3
60300 6
60301 8
60302 2
60303 0
60304 10
60305 12
60306 12
60307 2
60308 14
60309 7
60310 10
60311 12
60312 10
60313 7
60314 10
60315 7
60316 10
60317 5
60318 6
60319 10
60320 7
60321 12
60322 11
60323 3
60324 7
60325 7
60326 11
60327 14
60328 3
60329 14
60330 10
60331 9
60332 6
60333 6
60334 1
60335 2
60336 7
60337 2
60338 8
60339 9
60340 7
60341 2
60342 2
60343 9
60344 7
60345 12
60346 11
60347 10
60348 10
60349 7
60350 8
60351 7
60352 11
60353 3
60354 10
60355 13
60356 7
60357 9
60358 7
60359 8
60360 10
60361 6
60362 10
60363 7
60364 3
60365 12
60366 11
60367 6
60368 12
60369 10
60370 3
60371 12
60372 2
60373 7
60374 0
60375 8
60376 11
60377 7
60378 7
60379 3
60380 6
60381 2
60382 7
60383 9
60384 7
60385 6
60386 4
60387 2
60388 12
60389 6
60390 11
60391 12
60392 11
60393 2
60394 2
60395 13
60396 14
60397 11
60398 10
60399 3
60400 6
60401 6
60402 4
60403 3
60404 7
60405 1
60406 3
60407 14
60408 8
60409 7
60410 6
60411 6
60412 2
60413 3
60414 3
60415 7
60416 7
60417 7
60418 7
60419 10
60420 11
60421 10
60422 10
60423 12
60424 11
60425 5
60426 10
60427 3
60428 2
60429 8
60430 0
60431 10
60432 4
60433 2
60434 8
60435 1
60436 9
60437 6
60438 2
60439 2
60440 2
60441 14
60442 2
60443 1
60444 6
60445 8
60446 6
60447 3
60448 6
60449 2
60450 10
60451 7
60452 11
60453 0
60454 14
60455 2
60456 7
60457 6
60458 6
60459 3
60460 7
60461 6
60462 10
60463 8
60464 3
60465 2
60466 6
60467 10
60468 2
60469 11
60470 3
60471 8
60472 7
60473 12
60474 6
60475 7
60476 12
60477 3
60478 8
60479 7
60480 9
60481 7
60482 1
60483 10
60484 3
60485 6
60486 3
60487 12
60488 11
60489 12
60490 10
60491 11
60492 5
60493 10
60494 10
60495 10
60496 1
60497 1
60498 12
60499 3
60500 6
60501 10
60502 3
60503 10
60504 0
60505 10
60506 6
60507 6
60508 11
60509 0
60510 12
60511 1
60512 12
60513 6
60514 3
60515 2
60516 7
60517 6
60518 9
60519 6
60520 8
60521 7
60522 6
60523 12
60524 12
60525 13
60526 1
60527 10
60528 11
60529 12
60530 3
60531 3
60532 3
60533 0
60534 2
60535 3
60536 0
60537 8
60538 5
60539 3
60540 5
60541 11
60542 8
60543 6
60544 10
60545 3
60546 14
60547 11
60548 5
60549 10
60550 6
60551 6
60552 3
60553 10
60554 10
60555 6
60556 2
60557 11
60558 11
60559 2
60560 6
60561 3
60562 14
60563 8
60564 3
60565 6
60566 11
60567 11
60568 6
60569 6
60570 8
60571 0
60572 3
60573 6
60574 12
60575 3
60576 6
60577 6
60578 3
60579 12
60580 0
60581 12
60582 7
60583 6
60584 7
60585 1
60586 6
60587 11
60588 11
60589 0
60590 6
60591 8
60592 10
60593 3
60594 11
60595 11
60596 3
60597 10
60598 9
60599 3
60600 7
60601 13
60602 1
60603 7
60604 10
60605 10
60606 7
60607 11
60608 2
60609 7
60610 7
60611 14
60612 6
60613 11
60614 3
60615 10
60616 10
60617 8
60618 2
60619 10
60620 11
60621 11
60622 12
60623 8
60624 5
60625 10
60626 14
60627 6
60628 2
60629 5
60630 3
60631 6
60632 2
60633 2
60634 3
60635 12
60636 7
60637 11
60638 10
60639 2
60640 2
60641 6
60642 12
60643 14
60644 8
60645 7
60646 11
60647 8
60648 7
60649 2
60650 3
60651 2
60652 2
60653 3
60654 2
60655 6
60656 11
60657 2
60658 2
60659 11
60660 3
60661 9
60662 13
60663 9
60664 10
60665 10
60666 9
60667 9
60668 11
60669 14
60670 8
60671 13
60672 6
60673 12
60674 14
60675 3
60676 9
60677 7
60678 7
60679 4
60680 9
60681 9
60682 13
60683 1
60684 13
60685 8
60686 6
60687 14
60688 13
60689 10
60690 10
60691 9
60692 9
60693 9
60694 14
60695 10
60696 8
60697 1
60698 13
60699 9
60700 13
60701 9
60702 10
60703 10
60704 9
60705 14
60706 6
60707 2
60708 8
60709 2
60710 11
60711 6
60712 1
60713 8
60714 7
60715 6
60716 7
60717 8
60718 7
60719 6
60720 10
60721 2
60722 3
60723 7
60724 5
60725 8
60726 14
60727 2
60728 6
60729 2
60730 4
60731 12
60732 6
60733 12
60734 3
60735 12
60736 6
60737 12
60738 10
60739 2
60740 8
60741 6
60742 10
60743 10
60744 5
60745 8
60746 9
60747 4
60748 11
60749 9
60750 14
60751 14
60752 6
60753 3
60754 2
60755 8
60756 13
60757 5
60758 2
60759 10
60760 8
60761 13
60762 13
60763 8
60764 7
60765 12
60766 9
60767 9
60768 8
60769 13
60770 13
60771 2
60772 10
60773 13
60774 8
60775 13
60776 3
60777 2
60778 13
60779 6
60780 13
60781 7
60782 8
60783 2
60784 4
60785 9
60786 10
60787 2
60788 3
60789 2
60790 2
60791 2
60792 8
60793 7
60794 7
60795 10
60796 13
60797 11
60798 9
60799 9
60800 9
60801 13
60802 4
60803 9
60804 9
60805 9
60806 11
60807 13
60808 3
60809 9
60810 9
60811 9
60812 3
60813 11
60814 9
60815 9
60816 12
60817 8
60818 4
60819 13
60820 9
60821 3
60822 4
60823 10
60824 4
60825 9
60826 10
60827 13
60828 13
60829 13
60830 5
60831 9
60832 4
60833 7
60834 7
60835 4
60836 13
60837 4
60838 14
60839 9
60840 2
60841 9
60842 4
60843 13
60844 3
60845 9
60846 13
60847 13
60848 9
60849 9
60850 4
60851 6
60852 13
60853 13
60854 9
60855 13
60856 9
60857 13
60858 8
60859 9
60860 4
60861 9
60862 4
60863 6
60864 9
60865 9
60866 9
60867 9
60868 5
60869 9
60870 13
60871 2
60872 14
60873 9
60874 9
60875 9
60876 13
60877 13
60878 14
60879 13
60880 14
60881 11
60882 9
60883 4
60884 9
60885 13
60886 4
60887 13
60888 14
60889 9
60890 13
60891 13
60892 11
60893 9
60894 3
60895 4
60896 6
60897 9
60898 2
60899 4
60900 11
60901 13
60902 4
60903 4
60904 9
60905 9
60906 14
60907 9
60908 4
60909 0
60910 13
60911 10
60912 11
60913 10
60914 10
60915 8
60916 8
60917 4
60918 11
60919 7
60920 6
60921 14
60922 12
60923 8
60924 8
60925 14
60926 13
60927 7
60928 3
60929 2
60930 1
60931 11
60932 2
60933 9
60934 2
60935 10
60936 4
60937 1
60938 14
60939 13
60940 12
60941 9
60942 10
60943 13
60944 8
60945 10
60946 5
60947 4
60948 6
60949 4
60950 13
60951 4
60952 5
60953 4
60954 13
60955 3
60956 9
60957 9
60958 3
60959 13
60960 6
60961 9
60962 12
60963 9
60964 9
60965 13
60966 3
60967 10
60968 7
60969 3
60970 5
60971 9
60972 9
60973 3
60974 14
60975 4
60976 1
60977 9
60978 10
60979 9
60980 4
60981 4
60982 9
60983 14
60984 10
60985 11
60986 6
60987 9
60988 12
60989 10
60990 9
60991 9
60992 13
60993 13
60994 10
60995 3
60996 11
60997 13
60998 6
60999 13
61000 13
61001 13
61002 14
61003 10
61004 14
61005 3
61006 13
61007 2
61008 9
61009 6
61010 4
61011 10
61012 14
61013 9
61014 13
61015 4
61016 13
61017 6
61018 5
61019 5
61020 9
61021 9
61022 13
61023 14
61024 13
61025 4
61026 7
61027 14
61028 11
61029 5
61030 13
61031 9
61032 8
61033 5
61034 4
61035 14
61036 11
61037 11
61038 6
61039 6
61040 13
61041 11
61042 13
61043 9
61044 14
61045 6
61046 2
61047 4
61048 1
61049 3
61050 8
61051 14
61052 5
61053 9
61054 10
61055 11
61056 1
61057 1
61058 2
61059 7
61060 4
61061 4
61062 9
61063 13
61064 9
61065 7
61066 9
61067 9
61068 8
61069 8
61070 8
61071 2
61072 13
61073 10
61074 9
61075 2
61076 6
61077 10
61078 9
61079 10
61080 9
61081 8
61082 9
61083 14
61084 14
61085 13
61086 3
61087 11
61088 4
61089 12
61090 0
61091 4
61092 4
61093 2
61094 14
61095 14
61096 0
61097 4
61098 8
61099 7
61100 13
61101 3
61102 2
61103 10
61104 9
61105 4
61106 2
61107 13
61108 6
61109 5
61110 4
61111 4
61112 8
61113 0
61114 13
61115 13
61116 13
61117 13
61118 14
61119 10
61120 4
61121 5
61122 6
61123 5
61124 3
61125 3
61126 4
61127 6
61128 4
61129 4
61130 14
61131 9
61132 7
61133 13
61134 3
61135 7
61136 8
61137 1
61138 1
61139 3
61140 9
61141 6
61142 13
61143 9
61144 13
61145 9
61146 10
61147 6
61148 5
61149 9
61150 3
61151 13
61152 7
61153 8
61154 6
61155 13
61156 9
61157 9
61158 10
61159 9
61160 3
61161 1
61162 4
61163 4
61164 1
61165 13
61166 13
61167 10
61168 9
61169 10
61170 9
61171 9
61172 10
61173 14
61174 6
61175 10
61176 4
61177 8
61178 8
61179 11
61180 11
61181 9
61182 9
61183 4
61184 7
61185 0
61186 12
61187 9
61188 5
61189 2
61190 11
61191 4
61192 13
61193 10
61194 9
61195 3
61196 0
61197 9
61198 9
61199 10
61200 8
61201 11
61202 10
61203 13
61204 4
61205 10
61206 13
61207 8
61208 9
61209 13
61210 5
61211 13
61212 13
61213 13
61214 13
61215 9
61216 9
61217 9
61218 5
61219 13
61220 9
61221 9
61222 10
61223 9
61224 3
61225 2
61226 9
61227 5
61228 13
61229 13
61230 4
61231 13
61232 9
61233 3
61234 9
61235 9
61236 9
61237 13
61238 9
61239 9
61240 4
61241 13
61242 6
61243 9
61244 9
61245 13
61246 13
61247 9
61248 9
61249 9
61250 3
61251 12
61252 9
61253 13
61254 13
61255 7
61256 13
61257 9
61258 13
61259 9
61260 5
61261 9
61262 13
61263 13
61264 9
61265 8
61266 4
61267 4
61268 9
61269 4
61270 9
61271 12
61272 9
61273 9
61274 5
61275 10
61276 4
61277 8
61278 10
61279 10
61280 9
61281 7
61282 9
61283 12
61284 6
61285 14
61286 5
61287 10
61288 9
61289 12
61290 6
61291 2
61292 10
61293 10
61294 13
61295 9
61296 3
61297 14
61298 7
61299 14
61300 3
61301 10
61302 10
61303 2
61304 10
61305 10
61306 9
61307 2
61308 9
61309 10
61310 14
61311 6
61312 11
61313 12
61314 13
61315 9
61316 13
61317 2
61318 2
61319 3
61320 13
61321 14
61322 1
61323 8
61324 13
61325 10
61326 7
61327 3
61328 12
61329 6
61330 9
61331 6
61332 8
61333 9
61334 9
61335 10
61336 10
61337 9
61338 5
61339 13
61340 9
61341 9
61342 9
61343 9
61344 13
61345 13
61346 9
61347 13
61348 13
61349 9
61350 9
61351 13
61352 9
61353 10
61354 14
61355 13
61356 9
61357 9
61358 13
61359 5
61360 9
61361 9
61362 13
61363 9
61364 11
61365 4
61366 10
61367 9
61368 13
61369 8
61370 3
61371 6
61372 9
61373 6
61374 10
61375 12
61376 4
61377 8
61378 5
61379 1
61380 8
61381 14
61382 9
61383 4
61384 4
61385 9
61386 4
61387 13
61388 4
61389 4
61390 9
61391 9
61392 9
61393 9
61394 10
61395 9
61396 2
61397 9
61398 13
61399 9
61400 13
61401 6
61402 7
61403 13
61404 12
61405 13
61406 14
61407 13
61408 14
61409 4
61410 4
61411 9
61412 11
61413 9
61414 4
61415 9
61416 13
61417 2
61418 13
61419 9
61420 3
61421 4
61422 13
61423 9
61424 4
61425 7
61426 13
61427 4
61428 8
61429 5
61430 2
61431 14
61432 9
61433 6
61434 4
61435 9
61436 7
61437 9
61438 9
61439 4
61440 4
61441 12
61442 9
61443 9
61444 9
61445 9
61446 9
61447 13
61448 9
61449 12
61450 9
61451 11
61452 9
61453 9
61454 13
61455 2
61456 13
61457 14
61458 9
61459 4
61460 9
61461 13
61462 9
61463 9
61464 9
61465 5
61466 3
61467 2
61468 4
61469 13
61470 4
61471 4
61472 13
61473 6
61474 4
61475 9
61476 4
61477 2
61478 2
61479 9
61480 13
61481 14
61482 8
61483 9
61484 13
61485 6
61486 8
61487 2
61488 13
61489 14
61490 13
61491 14
61492 8
61493 6
61494 11
61495 4
61496 14
61497 13
61498 8
61499 14
61500 2
61501 4
61502 13
61503 9
61504 12
61505 9
61506 13
61507 8
61508 13
61509 13
61510 3
61511 10
61512 3
61513 6
61514 9
61515 4
61516 4
61517 13
61518 4
61519 13
61520 4
61521 4
61522 5
61523 4
61524 4
61525 3
61526 13
61527 0
61528 5
61529 7
61530 8
61531 14
61532 9
61533 7
61534 4
61535 13
61536 2
61537 4
61538 8
61539 10
61540 13
61541 9
61542 13
61543 13
61544 6
61545 13
61546 13
61547 4
61548 4
61549 13
61550 5
61551 13
61552 3
61553 7
61554 9
61555 9
61556 8
61557 13
61558 4
61559 13
61560 13
61561 4
61562 8
61563 8
61564 4
61565 4
61566 13
61567 13
61568 13
61569 4
61570 9
61571 13
61572 4
61573 4
61574 4
61575 9
61576 13
61577 4
61578 13
61579 13
61580 13
61581 9
61582 13
61583 13
61584 13
61585 12
61586 13
61587 14
61588 13
61589 0
61590 6
61591 13
61592 4
61593 13
61594 13
61595 9
61596 13
61597 6
61598 13
61599 4
61600 13
61601 9
61602 5
61603 9
61604 5
61605 1
61606 13
61607 13
61608 13
61609 13
61610 2
61611 13
61612 4
61613 13
61614 13
61615 2
61616 9
61617 4
61618 9
61619 4
61620 8
61621 14
61622 6
61623 9
61624 10
61625 7
61626 4
61627 6
61628 9
61629 13
61630 10
61631 10
61632 9
61633 1
61634 4
61635 8
61636 4
61637 13
61638 4
61639 14
61640 14
61641 13
61642 13
61643 4
61644 4
61645 13
61646 13
61647 13
61648 11
61649 13
61650 2
61651 4
61652 4
61653 3
61654 13
61655 11
61656 14
61657 10
61658 4
61659 7
61660 9
61661 13
61662 13
61663 14
61664 6
61665 4
61666 14
61667 4
61668 4
61669 4
61670 13
61671 13
61672 9
61673 13
61674 7
61675 12
61676 7
61677 8
61678 8
61679 2
61680 9
61681 3
61682 4
61683 4
61684 8
61685 10
61686 4
61687 5
61688 2
61689 5
61690 14
61691 14
61692 5
61693 13
61694 8
61695 13
61696 0
61697 13
61698 2
61699 5
61700 3
61701 10
61702 14
61703 2
61704 0
61705 2
61706 2
61707 10
61708 7
61709 6
61710 12
61711 2
61712 2
61713 0
61714 7
61715 0
61716 10
61717 8
61718 3
61719 3
61720 3
61721 11
61722 10
61723 11
61724 6
61725 3
61726 7
61727 14
61728 9
61729 11
61730 3
61731 9
61732 12
61733 9
61734 11
61735 13
61736 10
61737 10
61738 11
61739 4
61740 6
61741 2
61742 7
61743 7
61744 0
61745 0
61746 2
61747 3
61748 3
61749 6
61750 14
61751 2
61752 2
61753 0
61754 7
61755 11
61756 0
61757 2
61758 3
61759 2
61760 2
61761 3
61762 2
61763 11
61764 6
61765 2
61766 8
61767 2
61768 14
61769 12
61770 0
61771 12
61772 0
61773 3
61774 12
61775 6
61776 2
61777 11
61778 6
61779 6
61780 3
61781 6
61782 11
61783 11
61784 8
61785 2
61786 7
61787 10
61788 6
61789 3
61790 12
61791 7
61792 3
61793 2
61794 0
61795 3
61796 12
61797 3
61798 3
61799 9
61800 12
61801 7
61802 5
61803 5
61804 0
61805 13
61806 3
61807 10
61808 7
61809 12
61810 8
61811 7
61812 5
61813 3
61814 10
61815 5
61816 7
61817 12
61818 6
61819 5
61820 7
61821 12
61822 7
61823 0
61824 10
61825 10
61826 6
61827 3
61828 2
61829 0
61830 8
61831 0
61832 2
61833 2
61834 2
61835 2
61836 3
61837 2
61838 3
61839 2
61840 0
61841 2
61842 2
61843 2
61844 2
61845 2
61846 2
61847 2
61848 2
61849 2
61850 11
61851 11
61852 2
61853 3
61854 6
61855 2
61856 7
61857 3
61858 6
61859 6
61860 6
61861 7
61862 12
61863 6
61864 2
61865 11
61866 0
61867 2
61868 0
61869 7
61870 2
61871 4
61872 6
61873 14
61874 2
61875 3
61876 2
61877 0
61878 0
61879 0
61880 2
61881 2
61882 2
61883 0
61884 2
61885 11
61886 3
61887 0
61888 2
61889 2
61890 3
61891 2
61892 2
61893 2
61894 7
61895 2
61896 0
61897 2
61898 2
61899 3
61900 2
61901 2
61902 0
61903 2
61904 2
61905 2
61906 0
61907 2
61908 2
61909 3
61910 2
61911 2
61912 2
61913 9
61914 6
61915 4
61916 11
61917 2
61918 0
61919 2
61920 3
61921 2
61922 3
61923 7
61924 0
61925 8
61926 6
61927 2
61928 2
61929 2
61930 2
61931 6
61932 6
61933 10
61934 5
61935 8
61936 1
61937 3
61938 12
61939 11
61940 7
61941 6
61942 6
61943 9
61944 2
61945 7
61946 7
61947 10
61948 6
61949 6
61950 11
61951 3
61952 8
61953 3
61954 9
61955 7
61956 2
61957 3
61958 3
61959 11
61960 3
61961 10
61962 10
61963 7
61964 6
61965 3
61966 12
61967 7
61968 12
61969 5
61970 7
61971 7
61972 7
61973 7
61974 14
61975 2
61976 3
61977 14
61978 10
61979 10
61980 8
61981 11
61982 10
61983 12
61984 11
61985 10
61986 1
61987 7
61988 4
61989 6
61990 10
61991 6
61992 10
61993 2
61994 6
61995 6
61996 6
61997 2
61998 7
61999 3
62000 0
62001 10
62002 7
62003 2
62004 6
62005 2
62006 10
62007 13
62008 11
62009 11
62010 14
62011 2
62012 3
62013 7
62014 2
62015 6
62016 10
62017 14
62018 11
62019 3
62020 2
62021 7
62022 11
62023 7
62024 0
62025 6
62026 6
62027 7
62028 2
62029 3
62030 7
62031 6
62032 7
62033 10
62034 7
62035 6
62036 2
62037 1
62038 10
62039 10
62040 12
62041 0
62042 12
62043 10
62044 2
62045 2
62046 6
62047 5
62048 11
62049 12
62050 3
62051 7
62052 2
62053 12
62054 11
62055 10
62056 3
62057 7
62058 10
62059 2
62060 2
62061 5
62062 5
62063 2
62064 2
62065 7
62066 2
62067 6
62068 12
62069 12
62070 10
62071 1
62072 2
62073 2
62074 2
62075 6
62076 2
62077 2
62078 0
62079 0
62080 2
62081 3
62082 0
62083 7
62084 2
62085 0
62086 2
62087 3
62088 6
62089 7
62090 2
62091 3
62092 2
62093 0
62094 0
62095 2
62096 2
62097 0
62098 12
62099 2
62100 0
62101 3
62102 2
62103 3
62104 3
62105 2
62106 3
62107 2
62108 6
62109 2
62110 2
62111 2
62112 2
62113 2
62114 3
62115 2
62116 0
62117 7
62118 2
62119 2
62120 2
62121 0
62122 6
62123 2
62124 3
62125 2
62126 2
62127 8
62128 0
62129 0
62130 3
62131 0
62132 0
62133 2
62134 0
62135 2
62136 2
62137 7
62138 2
62139 3
62140 7
62141 6
62142 3
62143 3
62144 0
62145 8
62146 2
62147 0
62148 2
62149 2
62150 0
62151 2
62152 0
62153 2
62154 3
62155 2
62156 2
62157 3
62158 2
62159 2
62160 2
62161 2
62162 2
62163 2
62164 2
62165 2
62166 2
62167 0
62168 6
62169 7
62170 12
62171 3
62172 11
62173 2
62174 7
62175 11
62176 12
62177 7
62178 6
62179 12
62180 14
62181 6
62182 11
62183 6
62184 0
62185 2
62186 6
62187 0
62188 2
62189 2
62190 3
62191 2
62192 6
62193 2
62194 2
62195 6
62196 6
62197 6
62198 10
62199 10
62200 6
62201 11
62202 6
62203 6
62204 6
62205 6
62206 2
62207 2
62208 8
62209 6
62210 6
62211 6
62212 5
62213 3
62214 8
62215 7
62216 12
62217 6
62218 1
62219 0
62220 2
62221 2
62222 2
62223 2
62224 2
62225 2
62226 7
62227 6
62228 2
62229 2
62230 2
62231 7
62232 7
62233 2
62234 9
62235 7
62236 0
62237 0
62238 0
62239 2
62240 7
62241 2
62242 2
62243 0
62244 0
62245 6
62246 2
62247 6
62248 2
62249 7
62250 1
62251 7
62252 2
62253 6
62254 11
62255 7
62256 3
62257 2
62258 0
62259 10
62260 2
62261 14
62262 3
62263 2
62264 2
62265 6
62266 2
62267 2
62268 11
62269 0
62270 2
62271 7
62272 9
62273 2
62274 0
62275 7
62276 0
62277 0
62278 2
62279 0
62280 3
62281 7
62282 2
62283 5
62284 7
62285 6
62286 14
62287 2
62288 3
62289 2
62290 2
62291 2
62292 0
62293 0
62294 0
62295 7
62296 2
62297 2
62298 2
62299 0
62300 2
62301 2
62302 3
62303 2
62304 6
62305 6
62306 0
62307 2
62308 6
62309 11
62310 2
62311 2
62312 2
62313 2
62314 2
62315 2
62316 2
62317 2
62318 0
62319 3
62320 3
62321 2
62322 6
62323 0
62324 0
62325 2
62326 8
62327 2
62328 2
62329 7
62330 5
62331 0
62332 12
62333 11
62334 2
62335 2
62336 3
62337 2
62338 2
62339 0
62340 0
62341 3
62342 0
62343 0
62344 0
62345 2
62346 7
62347 2
62348 0
62349 0
62350 2
62351 7
62352 2
62353 3
62354 2
62355 7
62356 2
62357 2
62358 3
62359 2
62360 2
62361 7
62362 8
62363 8
62364 0
62365 2
62366 0
62367 2
62368 2
62369 7
62370 2
62371 8
62372 7
62373 2
62374 6
62375 2
62376 8
62377 3
62378 13
62379 10
62380 6
62381 6
62382 8
62383 2
62384 2
62385 10
62386 2
62387 10
62388 8
62389 7
62390 13
62391 2
62392 8
62393 11
62394 12
62395 6
62396 1
62397 11
62398 3
62399 6
62400 11
62401 12
62402 8
62403 11
62404 3
62405 10
62406 1
62407 12
62408 12
62409 12
62410 6
62411 3
62412 2
62413 10
62414 7
62415 6
62416 7
62417 7
62418 12
62419 14
62420 7
62421 7
62422 5
62423 1
62424 6
62425 7
62426 1
62427 7
62428 8
62429 10
62430 2
62431 10
62432 10
62433 6
62434 2
62435 7
62436 1
62437 11
62438 10
62439 6
62440 2
62441 7
62442 0
62443 0
62444 2
62445 3
62446 6
62447 6
62448 14
62449 2
62450 2
62451 8
62452 7
62453 2
62454 2
62455 0
62456 2
62457 2
62458 0
62459 0
62460 2
62461 2
62462 11
62463 2
62464 2
62465 2
62466 3
62467 2
62468 1
62469 6
62470 6
62471 6
62472 2
62473 12
62474 10
62475 7
62476 6
62477 3
62478 11
62479 10
62480 2
62481 0
62482 2
62483 2
62484 7
62485 3
62486 3
62487 6
62488 11
62489 8
62490 7
62491 6
62492 2
62493 0
62494 0
62495 2
62496 2
62497 8
62498 0
62499 3
62500 0
62501 3
62502 2
62503 2
62504 2
62505 14
62506 2
62507 3
62508 3
62509 3
62510 2
62511 2
62512 3
62513 3
62514 2
62515 2
62516 2
62517 0
62518 2
62519 3
62520 0
62521 6
62522 11
62523 3
62524 2
62525 3
62526 11
62527 2
62528 2
62529 11
62530 7
62531 2
62532 0
62533 11
62534 2
62535 2
62536 2
62537 7
62538 6
62539 2
62540 12
62541 2
62542 2
62543 5
62544 2
62545 6
62546 2
62547 3
62548 1
62549 12
62550 12
62551 1
62552 12
62553 12
62554 6
62555 12
62556 6
62557 7
62558 6
62559 11
62560 3
62561 12
62562 8
62563 6
62564 12
62565 6
62566 6
62567 11
62568 14
62569 4
62570 6
62571 12
62572 12
62573 3
62574 5
62575 11
62576 7
62577 10
62578 2
62579 2
62580 1
62581 3
62582 2
62583 5
62584 7
62585 8
62586 2
62587 6
62588 1
62589 7
62590 12
62591 8
62592 6
62593 6
62594 4
62595 7
62596 12
62597 8
62598 0
62599 9
62600 9
62601 0
62602 13
62603 10
62604 12
62605 4
62606 4
62607 10
62608 7
62609 2
62610 6
62611 12
62612 2
62613 11
62614 3
62615 9
62616 0
62617 13
62618 7
62619 14
62620 2
62621 8
62622 7
62623 5
62624 13
62625 2
62626 2
62627 2
62628 7
62629 2
62630 0
62631 9
62632 13
62633 10
62634 2
62635 3
62636 9
62637 2
62638 7
62639 0
62640 7
62641 2
62642 2
62643 10
62644 6
62645 3
62646 2
62647 12
62648 14
62649 2
62650 8
62651 11
62652 6
62653 2
62654 7
62655 8
62656 10
62657 2
62658 2
62659 6
62660 11
62661 12
62662 7
62663 6
62664 13
62665 11
62666 13
62667 8
62668 7
62669 9
62670 9
62671 9
62672 9
62673 13
62674 14
62675 11
62676 2
62677 7
62678 14
62679 9
62680 10
62681 4
62682 9
62683 7
62684 7
62685 13
62686 10
62687 11
62688 13
62689 14
62690 1
62691 13
62692 11
62693 1
62694 9
62695 4
62696 11
62697 4
62698 7
62699 1
62700 10
62701 1
62702 12
62703 1
62704 9
62705 10
62706 12
62707 4
62708 4
62709 9
62710 1
62711 2
62712 5
62713 6
62714 6
62715 2
62716 10
62717 14
62718 3
62719 1
62720 13
62721 11
62722 4
62723 12
62724 6
62725 8
62726 13
62727 9
62728 2
62729 2
62730 2
62731 2
62732 2
62733 0
62734 2
62735 2
62736 0
62737 2
62738 0
62739 6
62740 0
62741 0
62742 0
62743 2
62744 2
62745 2
62746 2
62747 2
62748 2
62749 7
62750 2
62751 2
62752 2
62753 3
62754 0
62755 2
62756 7
62757 2
62758 2
62759 4
62760 3
62761 2
62762 8
62763 0
62764 2
62765 11
62766 2
62767 2
62768 11
62769 2
62770 0
62771 3
62772 2
62773 3
62774 0
62775 3
62776 3
62777 0
62778 2
62779 0
62780 2
62781 7
62782 0
62783 2
62784 0
62785 7
62786 0
62787 2
62788 0
62789 2
62790 2
62791 0
62792 2
62793 0
62794 2
62795 7
62796 0
62797 2
62798 2
62799 3
62800 3
62801 14
62802 2
62803 0
62804 2
62805 3
62806 0
62807 0
62808 2
62809 7
62810 2
62811 11
62812 2
62813 14
62814 3
62815 2
62816 0
62817 11
62818 3
62819 12
62820 0
62821 2
62822 0
62823 2
62824 11
62825 2
62826 2
62827 7
62828 2
62829 6
62830 11
62831 3
62832 2
62833 2
62834 0
62835 0
62836 2
62837 7
62838 0
62839 2
62840 3
62841 0
62842 2
62843 3
62844 3
62845 8
62846 0
62847 0
62848 2
62849 2
62850 0
62851 3
62852 6
62853 2
62854 2
62855 2
62856 0
62857 2
62858 7
62859 2
62860 2
62861 0
62862 2
62863 2
62864 0
62865 14
62866 2
62867 2
62868 2
62869 2
62870 2
62871 6
62872 3
62873 14
62874 3
62875 7
62876 10
62877 6
62878 7
62879 2
62880 0
62881 2
62882 7
62883 0
62884 0
62885 0
62886 2
62887 2
62888 3
62889 0
62890 6
62891 10
62892 7
62893 2
62894 2
62895 2
62896 12
62897 2
62898 0
62899 2
62900 2
62901 2
62902 2
62903 0
62904 2
62905 3
62906 2
62907 7
62908 7
62909 2
62910 2
62911 2
62912 0
62913 2
62914 2
62915 2
62916 7
62917 2
62918 2
62919 2
62920 2
62921 10
62922 11
62923 2
62924 0
62925 2
62926 2
62927 2
62928 2
62929 3
62930 11
62931 2
62932 2
62933 2
62934 2
62935 2
62936 7
62937 2
62938 2
62939 0
62940 3
62941 2
62942 3
62943 2
62944 2
62945 2
62946 2
62947 0
62948 0
62949 6
62950 3
62951 6
62952 3
62953 2
62954 2
62955 0
62956 2
62957 2
62958 7
62959 2
62960 2
62961 8
62962 2
62963 2
62964 2
62965 10
62966 0
62967 11
62968 3
62969 0
62970 3
62971 3
62972 2
62973 2
62974 2
62975 8
62976 3
62977 6
62978 0
62979 2
62980 2
62981 14
62982 2
62983 2
62984 6
62985 6
62986 11
62987 3
62988 14
62989 3
62990 12
62991 11
62992 2
62993 7
62994 6
62995 6
62996 11
62997 2
62998 12
62999 11
63000 3
63001 2
63002 11
63003 11
63004 6
63005 7
63006 3
63007 7
63008 12
63009 12
63010 11
63011 6
63012 12
63013 0
63014 7
63015 2
63016 0
63017 2
63018 3
63019 3
63020 2
63021 12
63022 3
63023 2
63024 11
63025 0
63026 0
63027 2
63028 0
63029 0
63030 2
63031 3
63032 7
63033 7
63034 10
63035 6
63036 8
63037 10
63038 2
63039 6
63040 11
63041 11
63042 0
63043 6
63044 2
63045 6
63046 3
63047 2
63048 0
63049 0
63050 2
63051 0
63052 2
63053 3
63054 0
63055 0
63056 2
63057 10
63058 7
63059 2
63060 11
63061 0
63062 2
63063 2
63064 2
63065 2
63066 2
63067 2
63068 6
63069 12
63070 12
63071 14
63072 11
63073 3
63074 6
63075 3
63076 7
63077 11
63078 6
63079 10
63080 8
63081 8
63082 7
63083 6
63084 2
63085 6
63086 0
63087 8
63088 10
63089 6
63090 11
63091 0
63092 6
63093 7
63094 6
63095 11
63096 6
63097 0
63098 2
63099 9
63100 6
63101 10
63102 10
63103 11
63104 12
63105 10
63106 11
63107 12
63108 6
63109 14
63110 10
63111 9
63112 2
63113 6
63114 2
63115 6
63116 12
63117 10
63118 7
63119 6
63120 10
63121 7
63122 6
63123 7
63124 12
63125 6
63126 6
63127 11
63128 8
63129 6
63130 2
63131 2
63132 14
63133 2
63134 2
63135 6
63136 2
63137 2
63138 7
63139 2
63140 0
63141 5
63142 0
63143 7
63144 2
63145 0
63146 2
63147 2
63148 7
63149 2
63150 11
63151 2
63152 7
63153 6
63154 3
63155 2
63156 2
63157 7
63158 2
63159 3
63160 8
63161 2
63162 6
63163 6
63164 11
63165 6
63166 12
63167 8
63168 2
63169 2
63170 11
63171 7
63172 11
63173 10
63174 6
63175 11
63176 3
63177 2
63178 2
63179 0
63180 2
63181 7
63182 0
63183 0
63184 11
63185 8
63186 14
63187 11
63188 8
63189 0
63190 10
63191 6
63192 14
63193 0
63194 6
63195 7
63196 12
63197 3
63198 3
63199 7
63200 0
63201 2
63202 6
63203 2
63204 0
63205 2
63206 2
63207 6
63208 2
63209 3
63210 6
63211 12
63212 2
63213 6
63214 0
63215 11
63216 2
63217 11
63218 0
63219 2
63220 2
63221 11
63222 0
63223 2
63224 6
63225 3
63226 2
63227 14
63228 2
63229 11
63230 2
63231 8
63232 12
63233 0
63234 2
63235 2
63236 2
63237 7
63238 2
63239 2
63240 2
63241 7
63242 0
63243 6
63244 7
63245 7
63246 10
63247 0
63248 2
63249 6
63250 0
63251 0
63252 2
63253 0
63254 1
63255 2
63256 0
63257 0
63258 7
63259 7
63260 10
63261 11
63262 2
63263 11
63264 6
63265 10
63266 8
63267 6
63268 2
63269 11
63270 6
63271 0
63272 7
63273 12
63274 11
63275 12
63276 6
63277 3
63278 12
63279 12
63280 10
63281 12
63282 7
63283 2
63284 12
63285 5
63286 12
63287 11
63288 10
63289 11
63290 6
63291 6
63292 6
63293 6
63294 6
63295 6
63296 2
63297 3
63298 11
63299 6
63300 6
63301 2
63302 6
63303 11
63304 7
63305 2
63306 2
63307 2
63308 2
63309 2
63310 2
63311 2
63312 11
63313 3
63314 6
63315 10
63316 2
63317 2
63318 10
63319 6
63320 3
63321 6
63322 3
63323 6
63324 3
63325 7
63326 6
63327 7
63328 7
63329 0
63330 7
63331 3
63332 6
63333 8
63334 11
63335 2
63336 3
63337 6
63338 3
63339 12
63340 14
63341 0
63342 7
63343 2
63344 6
63345 11
63346 11
63347 6
63348 2
63349 6
63350 6
63351 2
63352 7
63353 11
63354 0
63355 2
63356 11
63357 7
63358 8
63359 7
63360 6
63361 11
63362 6
63363 2
63364 8
63365 0
63366 8
63367 7
63368 1
63369 8
63370 2
63371 2
63372 8
63373 12
63374 2
63375 12
63376 10
63377 11
63378 6
63379 7
63380 2
63381 2
63382 5
63383 3
63384 12
63385 6
63386 8
63387 7
63388 11
63389 7
63390 12
63391 2
63392 3
63393 2
63394 6
63395 7
63396 10
63397 11
63398 7
63399 7
63400 6
63401 11
63402 10
63403 2
63404 2
63405 8
63406 6
63407 8
63408 6
63409 3
63410 2
63411 11
63412 7
63413 11
63414 5
63415 12
63416 10
63417 12
63418 12
63419 12
63420 3
63421 2
63422 2
63423 8
63424 8
63425 0
63426 2
63427 8
63428 1
63429 10
63430 11
63431 8
63432 6
63433 10
63434 7
63435 1
63436 14
63437 0
63438 1
63439 3
63440 2
63441 14
63442 7
63443 8
63444 7
63445 10
63446 5
63447 6
63448 14
63449 2
63450 6
63451 11
63452 2
63453 3
63454 12
63455 12
63456 11
63457 10
63458 10
63459 2
63460 7
63461 12
63462 12
63463 6
63464 1
63465 14
63466 10
63467 5
63468 10
63469 6
63470 0
63471 7
63472 4
63473 6
63474 8
63475 0
63476 2
63477 2
63478 2
63479 14
63480 0
63481 7
63482 3
63483 14
63484 12
63485 11
63486 2
63487 2
63488 7
63489 6
63490 10
63491 6
63492 6
63493 2
63494 6
63495 6
63496 7
63497 7
63498 7
63499 2
63500 6
63501 7
63502 2
63503 6
63504 0
63505 14
63506 11
63507 9
63508 3
63509 11
63510 7
63511 12
63512 6
63513 6
63514 2
63515 12
63516 6
63517 2
63518 2
63519 2
63520 11
63521 6
63522 11
63523 2
63524 2
63525 6
63526 3
63527 7
63528 2
63529 11
63530 11
63531 6
63532 2
63533 11
63534 3
63535 12
63536 2
63537 14
63538 2
63539 12
63540 6
63541 6
63542 6
63543 3
63544 6
63545 6
63546 7
63547 11
63548 10
63549 9
63550 9
63551 9
63552 10
63553 14
63554 9
63555 13
63556 1
63557 9
63558 9
63559 2
63560 10
63561 13
63562 9
63563 9
63564 4
63565 12
63566 13
63567 10
63568 8
63569 8
63570 10
63571 7
63572 2
63573 3
63574 9
63575 9
63576 7
63577 14
63578 12
63579 13
63580 7
63581 9
63582 7
63583 6
63584 13
63585 13
63586 12
63587 13
63588 9
63589 6
63590 13
63591 13
63592 10
63593 4
63594 9
63595 9
63596 5
63597 9
63598 10
63599 3
63600 8
63601 9
63602 8
63603 13
63604 9
63605 9
63606 8
63607 14
63608 4
63609 9
63610 9
63611 11
63612 6
63613 6
63614 10
63615 6
63616 6
63617 6
63618 2
63619 6
63620 12
63621 0
63622 8
63623 8
63624 2
63625 0
63626 11
63627 7
63628 8
63629 6
63630 2
63631 11
63632 11
63633 6
63634 11
63635 3
63636 7
63637 6
63638 5
63639 1
63640 12
63641 6
63642 6
63643 9
63644 2
63645 12
63646 12
63647 2
63648 11
63649 14
63650 8
63651 2
63652 8
63653 11
63654 2
63655 6
63656 11
63657 12
63658 0
63659 10
63660 2
63661 7
63662 10
63663 6
63664 7
63665 7
63666 5
63667 14
63668 11
63669 12
63670 7
63671 6
63672 0
63673 5
63674 3
63675 7
63676 2
63677 6
63678 11
63679 9
63680 6
63681 8
63682 12
63683 8
63684 9
63685 1
63686 10
63687 13
63688 9
63689 13
63690 2
63691 5
63692 11
63693 6
63694 9
63695 10
63696 3
63697 8
63698 1
63699 2
63700 10
63701 0
63702 14
63703 11
63704 7
63705 3
63706 1
63707 1
63708 9
63709 9
63710 9
63711 9
63712 13
63713 3
63714 3
63715 9
63716 7
63717 10
63718 2
63719 1
63720 9
63721 3
63722 1
63723 9
63724 9
63725 9
63726 14
63727 9
63728 9
63729 13
63730 9
63731 10
63732 9
63733 9
63734 6
63735 9
63736 9
63737 13
63738 13
63739 9
63740 13
63741 9
63742 9
63743 4
63744 9
63745 9
63746 4
63747 9
63748 9
63749 9
63750 2
63751 3
63752 2
63753 9
63754 8
63755 1
63756 9
63757 9
63758 8
63759 9
63760 13
63761 13
63762 13
63763 13
63764 9
63765 13
63766 13
63767 11
63768 9
63769 13
63770 9
63771 5
63772 9
63773 9
63774 9
63775 9
63776 9
63777 9
63778 9
63779 1
63780 10
63781 9
63782 14
63783 9
63784 9
63785 9
63786 7
63787 9
63788 4
63789 3
63790 5
63791 8
63792 5
63793 4
63794 11
63795 14
63796 13
63797 2
63798 14
63799 9
63800 3
63801 9
63802 9
63803 5
63804 13
63805 9
63806 9
63807 4
63808 9
63809 10
63810 4
63811 2
63812 1
63813 8
63814 0
63815 10
63816 13
63817 3
63818 7
63819 9
63820 2
63821 5
63822 10
63823 9
63824 9
63825 7
63826 11
63827 1
63828 13
63829 9
63830 9
63831 9
63832 9
63833 7
63834 2
63835 3
63836 2
63837 13
63838 3
63839 9
63840 11
63841 2
63842 6
63843 9
63844 13
63845 4
63846 13
63847 9
63848 14
63849 0
63850 10
63851 4
63852 13
63853 9
63854 2
63855 13
63856 9
63857 3
63858 13
63859 11
63860 13
63861 13
63862 9
63863 13
63864 9
63865 6
63866 4
63867 13
63868 13
63869 9
63870 9
63871 9
63872 9
63873 9
63874 9
63875 13
63876 9
63877 3
63878 7
63879 3
63880 8
63881 9
63882 14
63883 6
63884 11
63885 13
63886 7
63887 13
63888 7
63889 4
63890 14
63891 14
63892 10
63893 13
63894 11
63895 10
63896 9
63897 9
63898 13
63899 7
63900 4
63901 8
63902 8
63903 8
63904 6
63905 8
63906 13
63907 12
63908 9
63909 8
63910 1
63911 11
63912 9
63913 7
63914 13
63915 14
63916 13
63917 13
63918 9
63919 13
63920 10
63921 12
63922 8
63923 5
63924 13
63925 9
63926 9
63927 9
63928 3
63929 2
63930 13
63931 9
63932 5
63933 14
63934 4
63935 13
63936 9
63937 14
63938 7
63939 13
63940 0
63941 13
63942 9
63943 9
63944 9
63945 5
63946 9
63947 2
63948 2
63949 2
63950 13
63951 3
63952 6
63953 8
63954 0
63955 8
63956 13
63957 11
63958 10
63959 2
63960 14
63961 11
63962 8
63963 10
63964 6
63965 13
63966 6
63967 13
63968 11
63969 4
63970 5
63971 3
63972 9
63973 10
63974 8
63975 13
63976 13
63977 6
63978 4
63979 9
63980 13
63981 9
63982 4
63983 10
63984 6
63985 6
63986 13
63987 10
63988 6
63989 2
63990 11
63991 13
63992 9
63993 13
63994 13
63995 11
63996 10
63997 2
63998 10
63999 13
64000 13
64001 9
64002 11
64003 5
64004 6
64005 9
64006 7
64007 13
64008 9
64009 13
64010 11
64011 9
64012 9
64013 9
64014 10
64015 3
64016 9
64017 9
64018 13
64019 4
64020 4
64021 9
64022 12
64023 9
64024 12
64025 14
64026 9
64027 9
64028 9
64029 6
64030 13
64031 13
64032 13
64033 9
64034 13
64035 9
64036 9
64037 10
64038 13
64039 13
64040 1
64041 9
64042 5
64043 10
64044 9
64045 13
64046 4
64047 14
64048 13
64049 11
64050 9
64051 5
64052 2
64053 4
64054 9
64055 13
64056 14
64057 2
64058 3
64059 3
64060 9
64061 9
64062 9
64063 12
64064 7
64065 3
64066 9
64067 10
64068 13
64069 12
64070 8
64071 13
64072 0
64073 8
64074 9
64075 5
64076 6
64077 9
64078 13
64079 9
64080 9
64081 9
64082 9
64083 3
64084 8
64085 9
64086 9
64087 9
64088 10
64089 9
64090 13
64091 2
64092 9
64093 6
64094 3
64095 10
64096 7
64097 9
64098 2
64099 9
64100 9
64101 9
64102 9
64103 4
64104 13
64105 9
64106 9
64107 10
64108 13
64109 4
64110 13
64111 13
64112 1
64113 9
64114 7
64115 2
64116 13
64117 9
64118 13
64119 9
64120 4
64121 9
64122 13
64123 14
64124 9
64125 6
64126 10
64127 2
64128 9
64129 0
64130 9
64131 5
64132 13
64133 9
64134 13
64135 13
64136 2
64137 13
64138 13
64139 4
64140 14
64141 6
64142 13
64143 13
64144 13
64145 13
64146 11
64147 9
64148 9
64149 13
64150 9
64151 10
64152 11
64153 4
64154 11
64155 9
64156 9
64157 13
64158 13
64159 14
64160 14
64161 14
64162 0
64163 9
64164 13
64165 10
64166 13
64167 9
64168 9
64169 9
64170 13
64171 2
64172 9
64173 7
64174 5
64175 2
64176 3
64177 13
64178 4
64179 4
64180 5
64181 11
64182 13
64183 3
64184 2
64185 9
64186 9
64187 7
64188 6
64189 5
64190 13
64191 13
64192 10
64193 6
64194 7
64195 9
64196 4
64197 13
64198 13
64199 13
64200 13
64201 13
64202 13
64203 14
64204 13
64205 13
64206 8
64207 4
64208 13
64209 13
64210 13
64211 9
64212 8
64213 8
64214 6
64215 9
64216 8
64217 14
64218 4
64219 8
64220 13
64221 9
64222 13
64223 9
64224 4
64225 8
64226 6
64227 9
64228 11
64229 4
64230 13
64231 13
64232 8
64233 14
64234 4
64235 4
64236 13
64237 14
64238 4
64239 2
64240 0
64241 14
64242 8
64243 6
64244 7
64245 13
64246 4
64247 6
64248 6
64249 3
64250 1
64251 4
64252 7
64253 10
64254 2
64255 10
64256 6
64257 13
64258 13
64259 4
64260 6
64261 6
64262 9
64263 8
64264 5
64265 4
64266 4
64267 10
64268 13
64269 13
64270 10
64271 13
64272 13
64273 4
64274 4
64275 13
64276 13
64277 14
64278 7
64279 13
64280 4
64281 6
64282 13
64283 13
64284 4
64285 11
64286 8
64287 4
64288 13
64289 8
64290 13
64291 6
64292 6
64293 4
64294 8
64295 6
64296 10
64297 13
64298 13
64299 13
64300 11
64301 4
64302 4
64303 13
64304 11
64305 9
64306 13
64307 5
64308 9
64309 9
64310 13
64311 14
64312 13
64313 3
64314 7
64315 9
64316 4
64317 4
64318 4
64319 2
64320 14
64321 14
64322 9
64323 9
64324 9
64325 13
64326 13
64327 9
64328 13
64329 13
64330 10
64331 8
64332 13
64333 6
64334 11
64335 4
64336 13
64337 14
64338 4
64339 4
64340 13
64341 13
64342 6
64343 13
64344 13
64345 13
64346 9
64347 13
64348 13
64349 3
64350 4
64351 9
64352 9
64353 4
64354 14
64355 11
64356 13
64357 4
64358 2
64359 9
64360 9
64361 13
64362 4
64363 2
64364 12
64365 5
64366 13
64367 8
64368 4
64369 11
64370 13
64371 13
64372 13
64373 4
64374 9
64375 13
64376 8
64377 13
64378 13
64379 5
64380 9
64381 8
64382 4
64383 4
64384 14
64385 13
64386 9
64387 9
64388 5
64389 9
64390 4
64391 2
64392 13
64393 4
64394 13
64395 9
64396 10
64397 14
64398 9
64399 13
64400 13
64401 4
64402 9
64403 3
64404 13
64405 13
64406 2
64407 8
64408 12
64409 8
64410 13
64411 13
64412 6
64413 3
64414 4
64415 13
64416 9
64417 14
64418 13
64419 4
64420 4
64421 13
64422 4
64423 13
64424 9
64425 13
64426 4
64427 4
64428 5
64429 7
64430 13
64431 13
64432 13
64433 4
64434 13
64435 4
64436 9
64437 4
64438 11
64439 14
64440 14
64441 2
64442 13
64443 4
64444 13
64445 13
64446 13
64447 6
64448 13
64449 0
64450 13
64451 7
64452 5
64453 7
64454 9
64455 7
64456 2
64457 13
64458 14
64459 13
64460 9
64461 13
64462 2
64463 13
64464 7
64465 9
64466 8
64467 13
64468 13
64469 4
64470 9
64471 13
64472 0
64473 4
64474 13
64475 4
64476 5
64477 4
64478 13
64479 13
64480 4
64481 13
64482 9
64483 9
64484 13
64485 13
64486 13
64487 9
64488 13
64489 4
64490 4
64491 4
64492 2
64493 2
64494 9
64495 13
64496 6
64497 9
64498 13
64499 13
64500 9
64501 9
64502 10
64503 12
64504 6
64505 5
64506 6
64507 9
64508 9
64509 9
64510 9
64511 4
64512 6
64513 4
64514 10
64515 8
64516 3
64517 2
64518 3
64519 9
64520 10
64521 14
64522 9
64523 13
64524 9
64525 9
64526 6
64527 7
64528 13
64529 13
64530 0
64531 10
64532 8
64533 2
64534 11
64535 4
64536 14
64537 11
64538 10
64539 6
64540 10
64541 9
64542 13
64543 9
64544 8
64545 9
64546 9
64547 13
64548 9
64549 9
64550 11
64551 2
64552 3
64553 6
64554 13
64555 8
64556 14
64557 11
64558 9
64559 13
64560 9
64561 13
64562 13
64563 9
64564 5
64565 3
64566 13
64567 13
64568 9
64569 9
64570 11
64571 3
64572 13
64573 13
64574 12
64575 9
64576 9
64577 9
64578 13
64579 4
64580 9
64581 10
64582 13
64583 9
64584 9
64585 8
64586 5
64587 13
64588 10
64589 13
64590 6
64591 13
64592 5
64593 13
64594 9
64595 10
64596 13
64597 9
64598 9
64599 9
64600 2
64601 9
64602 13
64603 12
64604 9
64605 13
64606 13
64607 13
64608 9
64609 3
64610 9
64611 9
64612 13
64613 10
64614 10
64615 11
64616 1
64617 12
64618 4
64619 13
64620 8
64621 4
64622 4
64623 2
64624 4
64625 8
64626 13
64627 13
64628 0
64629 9
64630 4
64631 9
64632 13
64633 3
64634 9
64635 9
64636 9
64637 5
64638 6
64639 10
64640 13
64641 9
64642 9
64643 13
64644 9
64645 4
64646 8
64647 9
64648 13
64649 6
64650 6
64651 11
64652 13
64653 9
64654 11
64655 13
64656 6
64657 13
64658 4
64659 9
64660 13
64661 9
64662 13
64663 4
64664 9
64665 13
64666 13
64667 9
64668 13
64669 9
64670 4
64671 11
64672 9
64673 9
64674 9
64675 11
64676 7
64677 10
64678 13
64679 9
64680 10
64681 9
64682 11
64683 14
64684 11
64685 4
64686 8
64687 13
64688 13
64689 13
64690 13
64691 13
64692 8
64693 13
64694 9
64695 9
64696 12
64697 9
64698 9
64699 9
64700 4
64701 9
64702 4
64703 8
64704 10
64705 13
64706 13
64707 13
64708 2
64709 6
64710 8
64711 9
64712 13
64713 4
64714 7
64715 13
64716 13
64717 9
64718 9
64719 4
64720 6
64721 9
64722 13
64723 9
64724 9
64725 10
64726 13
64727 9
64728 9
64729 9
64730 9
64731 13
64732 9
64733 6
64734 9
64735 9
64736 9
64737 9
64738 12
64739 9
64740 8
64741 2
64742 13
64743 4
64744 7
64745 9
64746 12
64747 9
64748 4
64749 14
64750 11
64751 9
64752 9
64753 9
64754 4
64755 9
64756 9
64757 4
64758 9
64759 9
64760 9
64761 13
64762 9
64763 9
64764 4
64765 13
64766 14
64767 7
64768 4
64769 9
64770 10
64771 11
64772 3
64773 9
64774 9
64775 2
64776 9
64777 7
64778 9
64779 14
64780 6
64781 1
64782 9
64783 1
64784 14
64785 5
64786 4
64787 13
64788 2
64789 11
64790 3
64791 3
64792 9
64793 9
64794 13
64795 4
64796 7
64797 5
64798 5
64799 9
64800 13
64801 13
64802 13
64803 8
64804 6
64805 7
64806 8
64807 7
64808 9
64809 9
64810 13
64811 13
64812 6
64813 8
64814 4
64815 8
64816 8
64817 3
64818 10
64819 11
64820 13
64821 14
64822 13
64823 13
64824 9
64825 4
64826 2
64827 13
64828 2
64829 8
64830 13
64831 5
64832 9
64833 10
64834 9
64835 13
64836 14
64837 7
64838 9
64839 9
64840 14
64841 13
64842 9
64843 5
64844 13
64845 14
64846 13
64847 14
64848 8
64849 8
64850 8
64851 14
64852 14
64853 4
64854 13
64855 4
64856 13
64857 9
64858 14
64859 8
64860 4
64861 13
64862 9
64863 9
64864 13
64865 0
64866 13
64867 13
64868 4
64869 3
64870 7
64871 9
64872 7
64873 13
64874 13
64875 13
64876 13
64877 14
64878 4
64879 11
64880 9
64881 4
64882 8
64883 4
64884 9
64885 13
64886 9
64887 9
64888 5
64889 13
64890 11
64891 8
64892 14
64893 9
64894 3
64895 13
64896 11
64897 8
64898 10
64899 4
64900 9
64901 7
64902 14
64903 9
64904 13
64905 9
64906 6
64907 2
64908 14
64909 9
64910 9
64911 14
64912 13
64913 4
64914 13
64915 8
64916 13
64917 9
64918 13
64919 8
64920 9
64921 4
64922 14
64923 9
64924 14
64925 4
64926 13
64927 14
64928 13
64929 13
64930 13
64931 13
64932 5
64933 13
64934 5
64935 13
64936 2
64937 6
64938 7
64939 9
64940 9
64941 14
64942 4
64943 14
64944 13
64945 5
64946 9
64947 2
64948 9
64949 6
64950 8
64951 4
64952 9
64953 13
64954 9
64955 10
64956 8
64957 11
64958 13
64959 13
64960 13
64961 12
64962 3
64963 14
64964 9
64965 6
64966 9
64967 12
64968 13
64969 13
64970 8
64971 9
64972 13
64973 13
64974 14
64975 9
64976 13
64977 9
64978 0
64979 0
64980 5
64981 4
64982 13
64983 8
64984 14
64985 14
64986 13
64987 9
64988 13
64989 9
64990 13
64991 9
64992 6
64993 13
64994 4
64995 9
64996 13
64997 4
64998 7
64999 13
65000 14
65001 13
65002 9
65003 9
65004 0
65005 13
65006 4
65007 0
65008 13
65009 13
65010 9
65011 13
65012 13
65013 5
65014 13
65015 5
65016 13
65017 2
65018 13
65019 10
65020 13
65021 4
65022 11
65023 5
65024 0
65025 13
65026 13
65027 4
65028 9
65029 13
65030 4
65031 14
65032 4
65033 4
65034 5
65035 6
65036 13
65037 4
65038 14
65039 13
65040 13
65041 13
65042 4
65043 13
65044 8
65045 6
65046 4
65047 13
65048 13
65049 4
65050 8
65051 13
65052 5
65053 13
65054 9
65055 8
65056 13
65057 14
65058 13
65059 6
65060 13
65061 7
65062 5
65063 13
65064 9
65065 14
65066 4
65067 2
65068 5
65069 9
65070 13
65071 4
65072 5
65073 6
65074 3
65075 0
65076 13
65077 5
65078 4
65079 4
65080 13
65081 5
65082 6
65083 5
65084 11
65085 6
65086 6
65087 9
65088 2
65089 0
65090 9
65091 8
65092 9
65093 1
65094 3
65095 13
65096 9
65097 14
65098 9
65099 13
65100 13
65101 9
65102 13
65103 14
65104 9
65105 13
65106 13
65107 6
65108 13
65109 14
65110 10
65111 14
65112 13
65113 9
65114 2
65115 11
65116 4
65117 13
65118 13
65119 3
65120 13
65121 9
65122 14
65123 13
65124 9
65125 13
65126 13
65127 13
65128 9
65129 9
65130 9
65131 9
65132 4
65133 13
65134 11
65135 4
65136 14
65137 13
65138 13
65139 9
65140 13
65141 13
65142 4
65143 5
65144 4
65145 14
65146 8
65147 9
65148 13
65149 9
65150 14
65151 13
65152 13
65153 13
65154 13
65155 13
65156 13
65157 9
65158 4
65159 13
65160 8
65161 11
65162 5
65163 13
65164 4
65165 1
65166 9
65167 4
65168 13
65169 13
65170 4
65171 9
65172 4
65173 0
65174 4
65175 13
65176 4
65177 13
65178 13
65179 13
65180 13
65181 13
65182 8
65183 6
65184 13
65185 13
65186 4
65187 13
65188 4
65189 13
65190 10
65191 9
65192 1
65193 9
65194 13
65195 14
65196 9
65197 13
65198 8
65199 6
65200 13
65201 9
65202 4
65203 13
65204 9
65205 7
65206 13
65207 0
65208 13
65209 5
65210 13
65211 3
65212 13
65213 4
65214 14
65215 13
65216 13
65217 9
65218 13
65219 13
65220 4
65221 4
65222 4
65223 6
65224 4
65225 13
65226 4
65227 13
65228 4
65229 4
65230 4
65231 9
65232 4
65233 4
65234 6
65235 13
65236 0
65237 11
65238 1
65239 6
65240 9
65241 4
65242 13
65243 3
65244 4
65245 8
65246 13
65247 6
65248 4
65249 4
65250 13
65251 9
65252 14
65253 4
65254 13
65255 4
65256 13
65257 4
65258 13
65259 8
65260 9
65261 4
65262 13
65263 13
65264 5
65265 2
65266 9
65267 11
65268 0
65269 10
65270 7
65271 9
65272 4
65273 4
65274 8
65275 9
65276 5
65277 8
65278 1
65279 1
65280 12
65281 7
65282 10
65283 14
65284 3
65285 14
65286 8
65287 2
65288 3
65289 5
65290 6
65291 3
65292 7
65293 4
65294 7
65295 1
65296 14
65297 4
65298 0
65299 7
65300 5
65301 7
65302 4
65303 14
65304 12
65305 5
65306 2
65307 13
65308 14
65309 5
65310 9
65311 5
65312 7
65313 4
65314 4
65315 13
65316 4
65317 4
65318 3
65319 9
65320 13
65321 14
65322 5
65323 10
65324 12
65325 4
65326 14
65327 7
65328 14
65329 12
65330 4
65331 4
65332 4
65333 4
65334 4
65335 4
65336 4
65337 8
65338 4
65339 14
65340 4
65341 1
65342 3
65343 7
65344 13
65345 13
65346 14
65347 13
65348 13
65349 11
65350 4
65351 4
65352 4
65353 14
65354 14
65355 9
65356 13
65357 9
65358 12
65359 3
65360 13
65361 4
65362 8
65363 6
65364 8
65365 13
65366 11
65367 9
65368 4
65369 13
65370 0
65371 2
65372 7
65373 13
65374 5
65375 4
65376 13
65377 10
65378 7
65379 2
65380 5
65381 4
65382 4
65383 4
65384 13
65385 9
65386 14
65387 4
65388 8
65389 3
65390 14
65391 4
65392 4
65393 3
65394 14
65395 13
65396 8
65397 9
65398 13
65399 13
65400 1
65401 4
65402 1
65403 11
65404 0
65405 4
65406 1
65407 5
65408 13
65409 8
65410 9
65411 7
65412 4
65413 4
65414 9
65415 13
65416 2
65417 10
65418 7
65419 9
65420 4
65421 14
65422 9
65423 9
65424 3
65425 5
65426 4
65427 3
65428 4
65429 14
65430 10
65431 13
65432 7
65433 1
65434 13
65435 4
65436 5
65437 7
65438 5
65439 7
65440 3
65441 14
65442 8
65443 12
65444 4
65445 13
65446 4
65447 3
65448 0
65449 3
65450 9
65451 13
65452 10
65453 14
65454 3
65455 10
65456 7
65457 9
65458 14
65459 14
65460 4
65461 14
65462 5
65463 4
65464 13
65465 12
65466 6
65467 14
65468 1
65469 5
65470 3
65471 9
65472 13
65473 4
65474 11
65475 14
65476 13
65477 9
65478 4
65479 5
65480 7
65481 1
65482 5
65483 12
65484 14
65485 14
65486 8
65487 12
65488 3
65489 5
65490 14
65491 0
65492 4
65493 13
65494 4
65495 4
65496 6
65497 13
65498 3
65499 2
65500 5
65501 3
65502 8
65503 6
65504 11
65505 5
65506 11
65507 5
65508 5
65509 8
65510 5
65511 12
65512 5
65513 12
65514 5
65515 5
65516 5
65517 14
65518 1
65519 11
65520 8
65521 14
65522 11
65523 11
65524 0
65525 1
65526 5
65527 5
65528 3
65529 13
65530 14
65531 4
65532 13
65533 4
65534 1
65535 6
65536 2
65537 14
65538 13
65539 12
65540 14
65541 9
65542 14
65543 3
65544 8
65545 14
65546 8
65547 0
65548 11
65549 4
65550 5
65551 0
65552 9
65553 5
65554 8
65555 13
65556 5
65557 3
65558 9
65559 11
65560 14
65561 12
65562 8
65563 14
65564 14
65565 11
65566 13
65567 14
65568 13
65569 5
65570 9
65571 5
65572 7
65573 13
65574 11
65575 4
65576 3
65577 13
65578 6
65579 6
65580 2
65581 1
65582 4
65583 13
65584 11
65585 6
65586 4
65587 4
65588 14
65589 6
65590 4
65591 13
65592 4
65593 8
65594 4
65595 13
65596 3
65597 8
65598 8
65599 0
65600 2
65601 11
65602 14
65603 6
65604 9
65605 6
65606 7
65607 5
65608 3
65609 7
65610 2
65611 4
65612 4
65613 13
65614 11
65615 6
65616 2
65617 9
65618 13
65619 8
65620 6
65621 8
65622 12
65623 9
65624 11
65625 9
65626 9
65627 3
65628 12
65629 5
65630 5
65631 7
65632 13
65633 3
65634 4
65635 11
65636 6
65637 8
65638 4
65639 14
65640 6
65641 4
65642 6
65643 9
65644 8
65645 7
65646 14
65647 4
65648 1
65649 2
65650 6
65651 6
65652 6
65653 7
65654 14
65655 9
65656 4
65657 14
65658 13
65659 8
65660 4
65661 14
65662 5
65663 3
65664 4
65665 14
65666 6
65667 4
65668 4
65669 4
65670 8
65671 9
65672 7
65673 3
65674 11
65675 4
65676 9
65677 14
65678 2
65679 0
65680 9
65681 7
65682 7
65683 12
65684 0
65685 2
65686 14
65687 14
65688 7
65689 7
65690 5
65691 2
65692 4
65693 7
65694 13
65695 0
65696 6
65697 2
65698 11
65699 2
65700 7
65701 11
65702 8
65703 2
65704 1
65705 7
65706 7
65707 12
65708 5
65709 7
65710 0
65711 6
65712 12
65713 8
65714 11
65715 7
65716 2
65717 2
65718 13
65719 9
65720 9
65721 13
65722 9
65723 7
65724 6
65725 10
65726 0
65727 11
65728 8
65729 9
65730 13
65731 10
65732 6
65733 3
65734 4
65735 0
65736 6
65737 0
65738 3
65739 7
65740 4
65741 4
65742 11
65743 14
65744 4
65745 9
65746 12
65747 13
65748 11
65749 13
65750 2
65751 13
65752 4
65753 6
65754 9
65755 11
65756 6
65757 3
65758 6
65759 4
65760 13
65761 4
65762 13
65763 6
65764 6
65765 8
65766 11
65767 2
65768 4
65769 14
65770 9
65771 12
65772 7
65773 6
65774 4
65775 14
65776 6
65777 6
65778 6
65779 13
65780 13
65781 13
65782 6
65783 6
65784 6
65785 3
65786 8
65787 13
65788 4
65789 10
65790 14
65791 4
65792 5
65793 4
65794 4
65795 4
65796 14
65797 4
65798 7
65799 0
65800 5
65801 6
65802 2
65803 11
65804 9
65805 9
65806 6
65807 4
65808 4
65809 4
65810 14
65811 9
65812 4
65813 0
65814 4
65815 4
65816 13
65817 14
65818 3
65819 2
65820 4
65821 0
65822 4
65823 10
65824 8
65825 5
65826 3
65827 14
65828 14
65829 5
65830 13
65831 14
65832 4
65833 8
65834 9
65835 13
65836 4
65837 11
65838 10
65839 4
65840 10
65841 8
65842 12
65843 14
65844 5
65845 13
65846 5
65847 11
65848 5
65849 0
65850 11
65851 14
65852 1
65853 9
65854 9
65855 2
65856 11
65857 8
65858 5
65859 4
65860 14
65861 14
65862 4
65863 13
65864 9
65865 13
65866 6
65867 5
65868 1
65869 14
65870 10
65871 3
65872 13
65873 14
65874 13
65875 8
65876 4
65877 11
65878 0
65879 9
65880 6
65881 4
65882 7
65883 10
65884 14
65885 12
65886 4
65887 14
65888 8
65889 2
65890 13
65891 4
65892 2
65893 8
65894 6
65895 14
65896 13
65897 13
65898 8
65899 6
65900 13
65901 4
65902 8
65903 2
65904 9
65905 6
65906 6
65907 6
65908 6
65909 6
65910 8
65911 13
65912 8
65913 11
65914 11
65915 4
65916 3
65917 5
65918 6
65919 4
65920 0
65921 7
65922 4
65923 8
65924 8
65925 5
65926 10
65927 6
65928 7
65929 3
65930 1
65931 10
65932 7
65933 4
65934 4
65935 6
65936 13
65937 4
65938 9
65939 4
65940 6
65941 6
65942 8
65943 11
65944 2
65945 6
65946 6
65947 9
65948 8
65949 4
65950 13
65951 7
65952 6
65953 0
65954 5
65955 9
65956 1
65957 6
65958 12
65959 8
65960 6
65961 6
65962 13
65963 6
65964 4
65965 4
65966 6
65967 13
65968 2
65969 10
65970 4
65971 6
65972 3
65973 6
65974 4
65975 8
65976 1
65977 6
65978 4
65979 6
65980 11
65981 6
65982 5
65983 5
65984 8
65985 6
65986 9
65987 13
65988 5
65989 4
65990 9
65991 2
65992 6
65993 10
65994 13
65995 10
65996 14
65997 4
65998 9
65999 0
66000 6
66001 6
66002 13
66003 3
66004 4
66005 4
66006 13
66007 7
66008 6
66009 1
66010 10
66011 0
66012 12
66013 12
66014 13
66015 8
66016 13
66017 12
66018 6
66019 13
66020 3
66021 6
66022 4
66023 4
66024 7
66025 4
66026 13
66027 13
66028 1
66029 2
66030 6
66031 14
66032 13
66033 6
66034 2
66035 3
66036 3
66037 11
66038 4
66039 7
66040 6
66041 13
66042 6
66043 1
66044 6
66045 2
66046 6
66047 14
66048 13
66049 7
66050 4
66051 6
66052 4
66053 12
66054 3
66055 4
66056 4
66057 6
66058 4
66059 9
66060 5
66061 4
66062 13
66063 4
66064 8
66065 4
66066 13
66067 9
66068 13
66069 4
66070 0
66071 11
66072 3
66073 13
66074 4
66075 0
66076 10
66077 13
66078 6
66079 5
66080 7
66081 14
66082 14
66083 9
66084 14
66085 7
66086 10
66087 4
66088 11
66089 13
66090 10
66091 11
66092 8
66093 6
66094 8
66095 5
66096 14
66097 13
66098 5
66099 4
66100 14
66101 0
66102 2
66103 14
66104 4
66105 0
66106 10
66107 13
66108 4
66109 4
66110 13
66111 4
66112 9
66113 10
66114 0
66115 7
66116 5
66117 13
66118 13
66119 5
66120 4
66121 8
66122 9
66123 5
66124 14
66125 13
66126 2
66127 7
66128 8
66129 12
66130 6
66131 7
66132 8
66133 5
66134 5
66135 14
66136 8
66137 4
66138 4
66139 8
66140 4
66141 3
66142 0
66143 14
66144 13
66145 3
66146 4
66147 14
66148 8
66149 7
66150 13
66151 5
66152 4
66153 13
66154 4
66155 10
66156 9
66157 0
66158 14
66159 5
66160 4
66161 0
66162 4
66163 14
66164 2
66165 7
66166 11
66167 9
66168 9
66169 2
66170 1
66171 11
66172 12
66173 4
66174 13
66175 13
66176 6
66177 4
66178 10
66179 4
66180 14
66181 5
66182 5
66183 4
66184 5
66185 4
66186 8
66187 4
66188 12
66189 12
66190 10
66191 5
66192 1
66193 11
66194 13
66195 4
66196 4
66197 3
66198 10
66199 8
66200 6
66201 14
66202 14
66203 8
66204 12
66205 14
66206 4
66207 11
66208 5
66209 5
66210 0
66211 9
66212 8
66213 14
66214 4
66215 5
66216 7
66217 11
66218 8
66219 4
66220 9
66221 4
66222 5
66223 11
66224 6
66225 2
66226 5
66227 4
66228 11
66229 4
66230 5
66231 1
66232 9
66233 12
66234 2
66235 10
66236 5
66237 14
66238 4
66239 4
66240 5
66241 9
66242 7
66243 9
66244 6
66245 4
66246 5
66247 13
66248 9
66249 2
66250 4
66251 5
66252 9
66253 1
66254 8
66255 4
66256 4
66257 0
66258 4
66259 9
66260 0
66261 3
66262 11
66263 5
66264 4
66265 5
66266 0
66267 4
66268 5
66269 12
66270 8
66271 4
66272 4
66273 7
66274 6
66275 5
66276 9
66277 5
66278 7
66279 5
66280 2
66281 9
66282 3
66283 5
66284 5
66285 5
66286 5
66287 4
66288 5
66289 0
66290 7
66291 6
66292 5
66293 5
66294 7
66295 13
66296 10
66297 5
66298 9
66299 2
66300 4
66301 8
66302 5
66303 5
66304 5
66305 10
66306 7
66307 13
66308 8
66309 12
66310 9
66311 7
66312 5
66313 4
66314 8
66315 10
66316 10
66317 7
66318 5
66319 5
66320 5
66321 7
66322 4
66323 9
66324 12
66325 9
66326 5
66327 14
66328 11
66329 0
66330 2
66331 9
66332 1
66333 7
66334 4
66335 0
66336 5
66337 7
66338 5
66339 4
66340 5
66341 0
66342 11
66343 3
66344 0
66345 5
66346 0
66347 5
66348 7
66349 11
66350 7
66351 5
66352 11
66353 2
66354 5
66355 12
66356 5
66357 4
66358 14
66359 14
66360 11
66361 11
66362 4
66363 0
66364 12
66365 11
66366 5
66367 1
66368 12
66369 14
66370 4
66371 10
66372 0
66373 14
66374 5
66375 6
66376 5
66377 5
66378 5
66379 7
66380 3
66381 8
66382 6
66383 14
66384 10
66385 14
66386 13
66387 10
66388 1
66389 9
66390 5
66391 4
66392 10
66393 4
66394 5
66395 7
66396 14
66397 11
66398 4
66399 5
66400 7
66401 14
66402 4
66403 3
66404 6
66405 11
66406 11
66407 6
66408 14
66409 3
66410 5
66411 10
66412 13
66413 12
66414 10
66415 14
66416 3
66417 4
66418 10
66419 13
66420 13
66421 14
66422 5
66423 11
66424 5
66425 11
66426 7
66427 13
66428 8
66429 5
66430 9
66431 5
66432 1
66433 12
66434 7
66435 3
66436 3
66437 10
66438 14
66439 10
66440 11
66441 4
66442 9
66443 9
66444 7
66445 12
66446 6
66447 11
66448 10
66449 5
66450 10
66451 11
66452 10
66453 7
66454 10
66455 10
66456 1
66457 7
66458 1
66459 13
66460 12
66461 14
66462 7
66463 0
66464 11
66465 14
66466 8
66467 5
66468 4
66469 7
66470 10
66471 5
66472 9
66473 8
66474 3
66475 0
66476 4
66477 5
66478 7
66479 7
66480 11
66481 7
66482 11
66483 9
66484 14
66485 9
66486 4
66487 10
66488 13
66489 14
66490 8
66491 7
66492 0
66493 5
66494 5
66495 10
66496 2
66497 5
66498 12
66499 5
66500 6
66501 10
66502 5
66503 8
66504 5
66505 5
66506 8
66507 5
66508 5
66509 8
66510 4
66511 14
66512 5
66513 5
66514 8
66515 4
66516 12
66517 14
66518 3
66519 2
66520 5
66521 10
66522 5
66523 4
66524 14
66525 9
66526 11
66527 5
66528 4
66529 12
66530 4
66531 5
66532 5
66533 11
66534 12
66535 3
66536 14
66537 0
66538 8
66539 4
66540 14
66541 3
66542 4
66543 9
66544 5
66545 11
66546 5
66547 2
66548 5
66549 5
66550 5
66551 12
66552 4
66553 5
66554 5
66555 12
66556 11
66557 10
66558 14
66559 12
66560 1
66561 8
66562 4
66563 5
66564 4
66565 5
66566 14
66567 11
66568 12
66569 5
66570 10
66571 12
66572 3
66573 10
66574 14
66575 14
66576 6
66577 5
66578 2
66579 11
66580 4
66581 8
66582 7
66583 11
66584 13
66585 10
66586 11
66587 11
66588 11
66589 5
66590 10
66591 5
66592 9
66593 14
66594 12
66595 8
66596 7
66597 13
66598 5
66599 9
66600 5
66601 4
66602 4
66603 9
66604 2
66605 0
66606 8
66607 10
66608 14
66609 14
66610 8
66611 5
66612 5
66613 12
66614 13
66615 12
66616 10
66617 14
66618 14
66619 5
66620 14
66621 7
66622 10
66623 8
66624 5
66625 8
66626 9
66627 5
66628 9
66629 5
66630 9
66631 3
66632 8
66633 9
66634 14
66635 9
66636 10
66637 4
66638 6
66639 12
66640 8
66641 4
66642 4
66643 14
66644 9
66645 14
66646 4
66647 9
66648 9
66649 1
66650 11
66651 11
66652 12
66653 11
66654 2
66655 11
66656 4
66657 9
66658 5
66659 10
66660 6
66661 4
66662 5
66663 11
66664 6
66665 10
66666 4
66667 8
66668 9
66669 12
66670 4
66671 9
66672 2
66673 2
66674 2
66675 9
66676 0
66677 10
66678 13
66679 4
66680 4
66681 14
66682 1
66683 5
66684 4
66685 6
66686 4
66687 10
66688 0
66689 7
66690 5
66691 1
66692 5
66693 8
66694 5
66695 6
66696 14
66697 5
66698 13
66699 9
66700 11
66701 11
66702 10
66703 7
66704 0
66705 13
66706 7
66707 1
66708 4
66709 5
66710 10
66711 4
66712 1
66713 7
66714 9
66715 7
66716 12
66717 8
66718 3
66719 14
66720 7
66721 4
66722 9
66723 5
66724 4
66725 12
66726 6
66727 9
66728 9
66729 7
66730 11
66731 10
66732 11
66733 14
66734 14
66735 12
66736 9
66737 5
66738 5
66739 4
66740 4
66741 12
66742 14
66743 3
66744 8
66745 2
66746 3
66747 4
66748 8
66749 9
66750 0
66751 2
66752 8
66753 11
66754 9
66755 4
66756 8
66757 14
66758 11
66759 9
66760 1
66761 9
66762 5
66763 14
66764 14
66765 13
66766 4
66767 3
66768 2
66769 4
66770 10
66771 10
66772 7
66773 10
66774 4
66775 5
66776 7
66777 4
66778 4
66779 3
66780 4
66781 1
66782 5
66783 11
66784 8
66785 4
66786 7
66787 5
66788 10
66789 7
66790 6
66791 14
66792 10
66793 5
66794 9
66795 5
66796 4
66797 4
66798 5
66799 14
66800 5
66801 3
66802 10
66803 5
66804 5
66805 5
66806 5
66807 7
66808 5
66809 4
66810 11
66811 4
66812 0
66813 5
66814 6
66815 4
66816 9
66817 11
66818 5
66819 0
66820 12
66821 5
66822 7
66823 6
66824 5
66825 12
66826 9
66827 2
66828 5
66829 5
66830 5
66831 14
66832 14
66833 12
66834 11
66835 14
66836 6
66837 11
66838 13
66839 3
66840 14
66841 0
66842 11
66843 5
66844 14
66845 2
66846 14
66847 11
66848 6
66849 11
66850 11
66851 7
66852 2
66853 11
66854 2
66855 5
66856 3
66857 5
66858 5
66859 7
66860 5
66861 12
66862 0
66863 5
66864 2
66865 7
66866 4
66867 10
66868 0
66869 3
66870 4
66871 0
66872 6
66873 2
66874 4
66875 1
66876 12
66877 5
66878 1
66879 10
66880 14
66881 11
66882 14
66883 5
66884 12
66885 5
66886 2
66887 9
66888 4
66889 12
66890 14
66891 10
66892 10
66893 10
66894 9
66895 5
66896 14
66897 14
66898 5
66899 7
66900 7
66901 4
66902 8
66903 4
66904 5
66905 12
66906 14
66907 4
66908 0
66909 14
66910 9
66911 5
66912 14
66913 8
66914 5
66915 5
66916 5
66917 5
66918 13
66919 5
66920 5
66921 14
66922 1
66923 9
66924 7
66925 3
66926 1
66927 13
66928 10
66929 9
66930 8
66931 5
66932 4
66933 2
66934 4
66935 5
66936 14
66937 6
66938 5
66939 12
66940 5
66941 14
66942 12
66943 10
66944 0
66945 12
66946 14
66947 9
66948 8
66949 2
66950 5
66951 11
66952 4
66953 0
66954 4
66955 6
66956 7
66957 7
66958 9
66959 2
66960 12
66961 13
66962 0
66963 4
66964 4
66965 12
66966 5
66967 0
66968 5
66969 4
66970 5
66971 5
66972 5
66973 5
66974 1
66975 4
66976 5
66977 5
66978 4
66979 0
66980 10
66981 12
66982 14
66983 11
66984 5
66985 9
66986 5
66987 12
66988 3
66989 2
66990 4
66991 14
66992 5
66993 0
66994 4
66995 4
66996 13
66997 5
66998 12
66999 13
67000 7
67001 5
67002 14
67003 10
67004 6
67005 2
67006 13
67007 9
67008 11
67009 14
67010 14
67011 2
67012 6
67013 2
67014 5
67015 5
67016 2
67017 6
67018 8
67019 7
67020 10
67021 5
67022 2
67023 11
67024 10
67025 4
67026 9
67027 8
67028 5
67029 13
67030 13
67031 5
67032 10
67033 8
67034 8
67035 3
67036 10
67037 11
67038 4
67039 0
67040 4
67041 2
67042 11
67043 0
67044 8
67045 12
67046 4
67047 11
67048 2
67049 6
67050 13
67051 3
67052 5
67053 5
67054 7
67055 13
67056 5
67057 4
67058 11
67059 14
67060 7
67061 14
67062 6
67063 10
67064 1
67065 14
67066 9
67067 14
67068 11
67069 4
67070 11
67071 13
67072 5
67073 5
67074 14
67075 10
67076 14
67077 2
67078 9
67079 5
67080 13
67081 11
67082 14
67083 2
67084 13
67085 11
67086 5
67087 8
67088 14
67089 11
67090 8
67091 4
67092 14
67093 9
67094 6
67095 14
67096 4
67097 0
67098 9
67099 11
67100 13
67101 5
67102 4
67103 5
67104 11
67105 5
67106 5
67107 14
67108 14
67109 10
67110 10
67111 14
67112 14
67113 5
67114 5
67115 5
67116 11
67117 10
67118 6
67119 5
67120 13
67121 14
67122 10
67123 14
67124 10
67125 10
67126 5
67127 5
67128 14
67129 5
67130 5
67131 5
67132 1
67133 5
67134 14
67135 10
67136 14
67137 5
67138 12
67139 5
67140 14
67141 5
67142 5
67143 5
67144 2
67145 5
67146 14
67147 14
67148 7
67149 10
67150 14
67151 13
67152 14
67153 0
67154 4
67155 2
67156 5
67157 11
67158 8
67159 10
67160 6
67161 5
67162 5
67163 10
67164 5
67165 3
67166 5
67167 5
67168 6
67169 4
67170 4
67171 10
67172 6
67173 3
67174 4
67175 4
67176 5
67177 4
67178 5
67179 5
67180 4
67181 4
67182 6
67183 5
67184 13
67185 10
67186 12
67187 12
67188 0
67189 4
67190 12
67191 4
67192 3
67193 7
67194 6
67195 3
67196 3
67197 3
67198 11
67199 5
67200 3
67201 3
67202 14
67203 13
67204 11
67205 2
67206 13
67207 13
67208 5
67209 7
67210 8
67211 3
67212 9
67213 10
67214 0
67215 14
67216 10
67217 6
67218 5
67219 7
67220 2
67221 2
67222 8
67223 13
67224 8
67225 14
67226 13
67227 14
67228 4
67229 5
67230 5
67231 11
67232 12
67233 4
67234 5
67235 14
67236 11
67237 7
67238 5
67239 5
67240 1
67241 3
67242 2
67243 5
67244 10
67245 6
67246 0
67247 11
67248 5
67249 3
67250 0
67251 0
67252 2
67253 7
67254 2
67255 3
67256 7
67257 2
67258 0
67259 11
67260 2
67261 6
67262 0
67263 6
67264 6
67265 6
67266 0
67267 11
67268 3
67269 8
67270 0
67271 10
67272 3
67273 7
67274 6
67275 11
67276 3
67277 12
67278 2
67279 2
67280 8
67281 11
67282 3
67283 10
67284 0
67285 2
67286 0
67287 0
67288 0
67289 0
67290 0
67291 0
67292 6
67293 0
67294 2
67295 3
67296 0
67297 2
67298 3
67299 3
67300 2
67301 3
67302 2
67303 2
67304 2
67305 3
67306 7
67307 2
67308 7
67309 2
67310 0
67311 0
67312 7
67313 2
67314 0
67315 2
67316 2
67317 2
67318 6
67319 0
67320 2
67321 2
67322 0
67323 0
67324 0
67325 2
67326 0
67327 7
67328 2
67329 0
67330 2
67331 0
67332 2
67333 2
67334 2
67335 3
67336 2
67337 3
67338 0
67339 0
67340 0
67341 8
67342 0
67343 3
67344 0
67345 11
67346 3
67347 0
67348 2
67349 0
67350 7
67351 6
67352 2
67353 0
67354 2
67355 2
67356 0
67357 2
67358 7
67359 7
67360 2
67361 8
67362 3
67363 3
67364 2
67365 3
67366 2
67367 6
67368 2
67369 2
67370 0
67371 2
67372 0
67373 0
67374 2
67375 3
67376 0
67377 3
67378 2
67379 2
67380 2
67381 0
67382 0
67383 0
67384 3
67385 0
67386 0
67387 0
67388 3
67389 2
67390 2
67391 0
67392 3
67393 0
67394 0
67395 2
67396 2
67397 3
67398 2
67399 11
67400 2
67401 2
67402 7
67403 6
67404 0
67405 3
67406 2
67407 3
67408 2
67409 7
67410 2
67411 6
67412 2
67413 2
67414 3
67415 7
67416 11
67417 7
67418 0
67419 0
67420 2
67421 0
67422 7
67423 11
67424 12
67425 8
67426 3
67427 7
67428 0
67429 2
67430 2
67431 0
67432 2
67433 2
67434 3
67435 7
67436 3
67437 11
67438 3
67439 8
67440 7
67441 7
67442 0
67443 0
67444 3
67445 2
67446 3
67447 0
67448 4
67449 3
67450 0
67451 2
67452 2
67453 3
67454 3
67455 5
67456 0
67457 0
67458 2
67459 2
67460 3
67461 2
67462 0
67463 0
67464 3
67465 0
67466 0
67467 0
67468 3
67469 2
67470 0
67471 3
67472 0
67473 11
67474 0
67475 2
67476 8
67477 0
67478 0
67479 0
67480 0
67481 2
67482 2
67483 11
67484 2
67485 2
67486 8
67487 3
67488 2
67489 8
67490 3
67491 2
67492 6
67493 0
67494 0
67495 2
67496 0
67497 0
67498 2
67499 0
67500 3
67501 7
67502 0
67503 0
67504 3
67505 0
67506 0
67507 0
67508 7
67509 2
67510 0
67511 3
67512 2
67513 2
67514 11
67515 0
67516 7
67517 7
67518 2
67519 2
67520 3
67521 2
67522 2
67523 2
67524 2
67525 7
67526 5
67527 2
67528 2
67529 0
67530 2
67531 12
67532 2
67533 8
67534 2
67535 7
67536 2
67537 2
67538 0
67539 0
67540 0
67541 2
67542 2
67543 2
67544 0
67545 0
67546 2
67547 2
67548 7
67549 0
67550 2
67551 0
67552 2
67553 0
67554 3
67555 0
67556 2
67557 7
67558 0
67559 2
67560 2
67561 0
67562 7
67563 0
67564 2
67565 2
67566 0
67567 2
67568 2
67569 2
67570 0
67571 2
67572 0
67573 8
67574 3
67575 2
67576 3
67577 0
67578 3
67579 3
67580 2
67581 2
67582 0
67583 0
67584 0
67585 0
67586 2
67587 0
67588 0
67589 2
67590 0
67591 8
67592 14
67593 0
67594 2
67595 2
67596 0
67597 0
67598 0
67599 0
67600 0
67601 2
67602 0
67603 2
67604 0
67605 0
67606 7
67607 0
67608 2
67609 0
67610 2
67611 2
67612 0
67613 0
67614 0
67615 0
67616 7
67617 0
67618 2
67619 2
67620 2
67621 0
67622 2
67623 0
67624 0
67625 0
67626 2
67627 2
67628 2
67629 2
67630 2
67631 0
67632 2
67633 0
67634 7
67635 0
67636 7
67637 0
67638 0
67639 0
67640 2
67641 0
67642 2
67643 0
67644 0
67645 2
67646 0
67647 0
67648 2
67649 2
67650 0
67651 0
67652 0
67653 2
67654 6
67655 2
67656 0
67657 2
67658 2
67659 0
67660 0
67661 3
67662 8
67663 2
67664 7
67665 3
67666 2
67667 3
67668 0
67669 2
67670 0
67671 0
67672 2
67673 2
67674 2
67675 2
67676 8
67677 2
67678 0
67679 6
67680 2
67681 2
67682 2
67683 2
67684 7
67685 2
67686 2
67687 0
67688 2
67689 0
67690 2
67691 0
67692 2
67693 7
67694 2
67695 3
67696 2
67697 7
67698 2
67699 0
67700 0
67701 0
67702 0
67703 0
67704 3
67705 2
67706 2
67707 0
67708 0
67709 0
67710 2
67711 2
67712 0
67713 0
67714 0
67715 2
67716 0
67717 5
67718 2
67719 2
67720 0
67721 0
67722 0
67723 0
67724 0
67725 3
67726 7
67727 6
67728 2
67729 0
67730 10
67731 0
67732 3
67733 0
67734 0
67735 3
67736 0
67737 0
67738 0
67739 0
67740 2
67741 2
67742 0
67743 0
67744 2
67745 2
67746 2
67747 2
67748 2
67749 0
67750 2
67751 2
67752 2
67753 0
67754 2
67755 6
67756 3
67757 0
67758 0
67759 0
67760 2
67761 7
67762 0
67763 3
67764 2
67765 0
67766 0
67767 0
67768 2
67769 0
67770 0
67771 0
67772 2
67773 0
67774 2
67775 2
67776 2
67777 0
67778 0
67779 0
67780 2
67781 0
67782 0
67783 0
67784 0
67785 2
67786 2
67787 2
67788 0
67789 7
67790 0
67791 8
67792 0
67793 0
67794 2
67795 2
67796 2
67797 2
67798 0
67799 0
67800 0
67801 2
67802 0
67803 2
67804 0
67805 0
67806 3
67807 0
67808 2
67809 0
67810 0
67811 0
67812 0
67813 2
67814 2
67815 0
67816 0
67817 0
67818 2
67819 3
67820 2
67821 0
67822 0
67823 7
67824 0
67825 6
67826 3
67827 0
67828 2
67829 7
67830 10
67831 6
67832 0
67833 2
67834 0
67835 0
67836 0
67837 0
67838 7
67839 2
67840 0
67841 0
67842 2
67843 7
67844 0
67845 2
67846 0
67847 0
67848 2
67849 0
67850 2
67851 2
67852 2
67853 2
67854 0
67855 7
67856 2
67857 2
67858 0
67859 2
67860 2
67861 0
67862 2
67863 3
67864 8
67865 3
67866 11
67867 0
67868 7
67869 2
67870 0
67871 2
67872 2
67873 0
67874 2
67875 2
67876 0
67877 2
67878 0
67879 0
67880 0
67881 0
67882 0
67883 3
67884 0
67885 0
67886 0
67887 2
67888 0
67889 0
67890 0
67891 2
67892 0
67893 0
67894 0
67895 2
67896 3
67897 2
67898 0
67899 0
67900 0
67901 7
67902 0
67903 0
67904 11
67905 0
67906 2
67907 0
67908 8
67909 2
67910 2
67911 2
67912 3
67913 3
67914 3
67915 2
67916 2
67917 0
67918 11
67919 0
67920 0
67921 0
67922 0
67923 3
67924 0
67925 0
67926 8
67927 2
67928 2
67929 0
67930 2
67931 2
67932 2
67933 3
67934 2
67935 3
67936 0
67937 3
67938 2
67939 0
67940 2
67941 7
67942 2
67943 0
67944 0
67945 3
67946 11
67947 0
67948 2
67949 2
67950 2
67951 2
67952 2
67953 0
67954 0
67955 2
67956 2
67957 2
67958 2
67959 0
67960 2
67961 0
67962 0
67963 0
67964 0
67965 2
67966 0
67967 0
67968 0
67969 0
67970 2
67971 0
67972 0
67973 2
67974 0
67975 0
67976 3
67977 0
67978 0
67979 2
67980 2
67981 2
67982 2
67983 0
67984 0
67985 0
67986 0
67987 0
67988 0
67989 0
67990 0
67991 0
67992 0
67993 2
67994 0
67995 2
67996 2
67997 2
67998 0
67999 2
68000 0
68001 2
68002 0
68003 2
68004 0
68005 0
68006 0
68007 0
68008 6
68009 0
68010 0
68011 0
68012 2
68013 0
68014 2
68015 8
68016 2
68017 8
68018 3
68019 0
68020 2
68021 0
68022 0
68023 2
68024 0
68025 0
68026 11
68027 2
68028 0
68029 3
68030 11
68031 8
68032 0
68033 2
68034 3
68035 0
68036 2
68037 2
68038 2
68039 0
68040 2
68041 2
68042 2
68043 0
68044 2
68045 0
68046 0
68047 0
68048 7
68049 0
68050 0
68051 0
68052 2
68053 2
68054 2
68055 0
68056 9
68057 0
68058 2
68059 0
68060 0
68061 2
68062 0
68063 2
68064 0
68065 0
68066 0
68067 0
68068 0
68069 2
68070 2
68071 5
68072 0
68073 0
68074 3
68075 2
68076 2
68077 0
68078 2
68079 2
68080 0
68081 2
68082 0
68083 3
68084 0
68085 2
68086 0
68087 0
68088 0
68089 11
68090 0
68091 3
68092 0
68093 2
68094 0
68095 2
68096 0
68097 3
68098 11
68099 2
68100 0
68101 0
68102 0
68103 11
68104 2
68105 3
68106 2
68107 0
68108 10
68109 0
68110 2
68111 2
68112 0
68113 0
68114 2
68115 3
68116 2
68117 0
68118 2
68119 0
68120 2
68121 0
68122 0
68123 0
68124 2
68125 0
68126 2
68127 7
68128 0
68129 0
68130 2
68131 0
68132 2
68133 2
68134 7
68135 0
68136 2
68137 0
68138 2
68139 2
68140 0
68141 2
68142 0
68143 0
68144 0
68145 11
68146 2
68147 0
68148 7
68149 2
68150 0
68151 2
68152 2
68153 6
68154 3
68155 0
68156 0
68157 0
68158 0
68159 0
68160 0
68161 2
68162 3
68163 2
68164 0
68165 3
68166 0
68167 0
68168 0
68169 0
68170 2
68171 2
68172 7
68173 0
68174 0
68175 2
68176 0
68177 2
68178 0
68179 2
68180 7
68181 0
68182 2
68183 0
68184 0
68185 3
68186 0
68187 2
68188 2
68189 0
68190 7
68191 7
68192 0
68193 2
68194 3
68195 2
68196 0
68197 0
68198 2
68199 0
68200 3
68201 0
68202 0
68203 3
68204 0
68205 0
68206 0
68207 0
68208 0
68209 0
68210 0
68211 0
68212 0
68213 0
68214 0
68215 2
68216 0
68217 0
68218 8
68219 0
68220 0
68221 0
68222 0
68223 0
68224 0
68225 2
68226 7
68227 2
68228 2
68229 2
68230 0
68231 0
68232 3
68233 8
68234 0
68235 0
68236 0
68237 0
68238 0
68239 0
68240 0
68241 0
68242 0
68243 2
68244 2
68245 0
68246 2
68247 2
68248 2
68249 8
68250 0
68251 2
68252 0
68253 0
68254 2
68255 2
68256 0
68257 0
68258 0
68259 0
68260 0
68261 0
68262 0
68263 0
68264 2
68265 0
68266 7
68267 3
68268 2
68269 0
68270 0
68271 0
68272 0
68273 0
68274 0
68275 0
68276 3
68277 0
68278 11
68279 0
68280 6
68281 2
68282 0
68283 0
68284 11
68285 0
68286 7
68287 7
68288 2
68289 7
68290 7
68291 0
68292 0
68293 2
68294 2
68295 0
68296 0
68297 0
68298 0
68299 0
68300 7
68301 0
68302 2
68303 0
68304 0
68305 7
68306 0
68307 2
68308 0
68309 0
68310 0
68311 6
68312 0
68313 2
68314 2
68315 7
68316 0
68317 0
68318 0
68319 7
68320 0
68321 2
68322 0
68323 2
68324 0
68325 0
68326 0
68327 0
68328 0
68329 0
68330 0
68331 2
68332 0
68333 2
68334 0
68335 0
68336 0
68337 2
68338 3
68339 0
68340 0
68341 0
68342 0
68343 0
68344 0
68345 0
68346 0
68347 0
68348 2
68349 2
68350 0
68351 0
68352 0
68353 2
68354 2
68355 2
68356 0
68357 0
68358 7
68359 0
68360 0
68361 2
68362 0
68363 2
68364 0
68365 0
68366 0
68367 0
68368 2
68369 2
68370 0
68371 0
68372 0
68373 2
68374 2
68375 6
68376 0
68377 0
68378 2
68379 0
68380 0
68381 2
68382 11
68383 2
68384 2
68385 0
68386 6
68387 8
68388 0
68389 2
68390 2
68391 2
68392 0
68393 2
68394 0
68395 0
68396 0
68397 2
68398 0
68399 7
68400 0
68401 0
68402 0
68403 3
68404 2
68405 0
68406 0
68407 0
68408 2
68409 2
68410 3
68411 0
68412 0
68413 0
68414 3
68415 0
68416 2
68417 2
68418 2
68419 3
68420 2
68421 2
68422 2
68423 2
68424 0
68425 7
68426 7
68427 2
68428 2
68429 0
68430 2
68431 2
68432 0
68433 0
68434 2
68435 0
68436 2
68437 2
68438 0
68439 0
68440 0
68441 2
68442 0
68443 0
68444 2
68445 2
68446 0
68447 7
68448 0
68449 2
68450 0
68451 0
68452 3
68453 0
68454 0
68455 0
68456 0
68457 0
68458 0
68459 2
68460 6
68461 0
68462 0
68463 0
68464 0
68465 0
68466 2
68467 2
68468 0
68469 0
68470 2
68471 0
68472 0
68473 7
68474 0
68475 0
68476 0
68477 0
68478 0
68479 0
68480 2
68481 0
68482 12
68483 2
68484 0
68485 2
68486 0
68487 2
68488 0
68489 3
68490 2
68491 2
68492 2
68493 7
68494 3
68495 0
68496 2
68497 3
68498 0
68499 0
68500 0
68501 2
68502 0
68503 0
68504 3
68505 7
68506 2
68507 0
68508 0
68509 3
68510 0
68511 2
68512 2
68513 2
68514 3
68515 0
68516 2
68517 7
68518 2
68519 2
68520 2
68521 0
68522 2
68523 0
68524 0
68525 2
68526 0
68527 0
68528 7
68529 0
68530 2
68531 2
68532 2
68533 0
68534 2
68535 3
68536 0
68537 0
68538 0
68539 0
68540 0
68541 2
68542 0
68543 0
68544 0
68545 0
68546 0
68547 0
68548 11
68549 0
68550 7
68551 0
68552 0
68553 0
68554 0
68555 0
68556 6
68557 0
68558 2
68559 0
68560 0
68561 2
68562 0
68563 3
68564 0
68565 11
68566 0
68567 2
68568 0
68569 0
68570 0
68571 0
68572 8
68573 0
68574 6
68575 0
68576 0
68577 0
68578 2
68579 0
68580 11
68581 0
68582 0
68583 2
68584 0
68585 0
68586 7
68587 2
68588 3
68589 0
68590 0
68591 2
68592 0
68593 2
68594 2
68595 6
68596 2
68597 2
68598 0
68599 0
68600 0
68601 0
68602 0
68603 2
68604 0
68605 0
68606 2
68607 2
68608 11
68609 7
68610 0
68611 2
68612 0
68613 2
68614 8
68615 3
68616 0
68617 0
68618 0
68619 0
68620 7
68621 2
68622 2
68623 0
68624 3
68625 0
68626 0
68627 0
68628 0
68629 0
68630 12
68631 0
68632 0
68633 2
68634 6
68635 0
68636 2
68637 3
68638 0
68639 0
68640 0
68641 2
68642 0
68643 2
68644 2
68645 3
68646 0
68647 0
68648 6
68649 0
68650 0
68651 0
68652 0
68653 3
68654 3
68655 7
68656 10
68657 3
68658 4
68659 3
68660 2
68661 2
68662 5
68663 7
68664 0
68665 7
68666 9
68667 11
68668 7
68669 7
68670 3
68671 12
68672 3
68673 3
68674 6
68675 6
68676 0
68677 3
68678 11
68679 12
68680 3
68681 2
68682 2
68683 0
68684 7
68685 2
68686 0
68687 2
68688 2
68689 2
68690 11
68691 2
68692 3
68693 2
68694 2
68695 0
68696 2
68697 0
68698 2
68699 2
68700 2
68701 2
68702 3
68703 2
68704 2
68705 0
68706 0
68707 0
68708 8
68709 7
68710 0
68711 2
68712 7
68713 7
68714 2
68715 0
68716 7
68717 2
68718 3
68719 0
68720 7
68721 3
68722 7
68723 0
68724 2
68725 11
68726 2
68727 0
68728 0
68729 0
68730 2
68731 0
68732 0
68733 0
68734 2
68735 3
68736 8
68737 2
68738 0
68739 2
68740 2
68741 2
68742 2
68743 0
68744 2
68745 2
68746 0
68747 0
68748 2
68749 0
68750 2
68751 0
68752 0
68753 3
68754 0
68755 2
68756 3
68757 0
68758 0
68759 0
68760 0
68761 0
68762 2
68763 6
68764 0
68765 0
68766 0
68767 0
68768 0
68769 0
68770 0
68771 0
68772 2
68773 0
68774 0
68775 0
68776 0
68777 0
68778 0
68779 3
68780 9
68781 0
68782 0
68783 2
68784 0
68785 7
68786 0
68787 3
68788 2
68789 2
68790 10
68791 2
68792 2
68793 3
68794 0
68795 0
68796 0
68797 0
68798 2
68799 0
68800 2
68801 2
68802 6
68803 3
68804 3
68805 2
68806 2
68807 7
68808 8
68809 0
68810 2
68811 2
68812 2
68813 2
68814 0
68815 11
68816 0
68817 2
68818 0
68819 0
68820 2
68821 0
68822 2
68823 3
68824 0
68825 2
68826 0
68827 0
68828 0
68829 0
68830 0
68831 3
68832 3
68833 0
68834 0
68835 0
68836 3
68837 0
68838 0
68839 2
68840 0
68841 0
68842 2
68843 2
68844 3
68845 0
68846 3
68847 0
68848 0
68849 0
68850 0
68851 0
68852 2
68853 2
68854 2
68855 0
68856 2
68857 7
68858 2
68859 3
68860 7
68861 0
68862 0
68863 2
68864 2
68865 2
68866 2
68867 0
68868 0
68869 3
68870 0
68871 0
68872 0
68873 8
68874 0
68875 2
68876 2
68877 2
68878 0
68879 0
68880 0
68881 8
68882 2
68883 7
68884 3
68885 2
68886 2
68887 0
68888 7
68889 0
68890 0
68891 0
68892 2
68893 2
68894 2
68895 6
68896 2
68897 0
68898 2
68899 2
68900 2
68901 2
68902 0
68903 2
68904 2
68905 2
68906 0
68907 2
68908 2
68909 0
68910 2
68911 2
68912 0
68913 2
68914 2
68915 2
68916 2
68917 2
68918 2
68919 0
68920 0
68921 3
68922 2
68923 7
68924 3
68925 0
68926 0
68927 11
68928 0
68929 0
68930 3
68931 0
68932 7
68933 6
68934 2
68935 0
68936 2
68937 0
68938 0
68939 0
68940 2
68941 0
68942 2
68943 0
68944 0
68945 2
68946 0
68947 2
68948 2
68949 0
68950 0
68951 0
68952 0
68953 0
68954 0
68955 7
68956 0
68957 0
68958 2
68959 0
68960 6
68961 2
68962 3
68963 2
68964 2
68965 0
68966 0
68967 0
68968 2
68969 0
68970 0
68971 0
68972 3
68973 3
68974 0
68975 0
68976 0
68977 2
68978 2
68979 0
68980 2
68981 0
68982 0
68983 0
68984 0
68985 0
68986 0
68987 0
68988 0
68989 0
68990 0
68991 2
68992 2
68993 0
68994 2
68995 0
68996 2
68997 0
68998 0
68999 2
69000 0
69001 2
69002 0
69003 3
69004 2
69005 2
69006 0
69007 3
69008 0
69009 2
69010 0
69011 2
69012 0
69013 0
69014 0
69015 2
69016 7
69017 2
69018 7
69019 3
69020 0
69021 0
69022 0
69023 0
69024 3
69025 3
69026 2
69027 2
69028 2
69029 2
69030 2
69031 2
69032 0
69033 0
69034 0
69035 0
69036 0
69037 3
69038 0
69039 2
69040 0
69041 2
69042 2
69043 0
69044 3
69045 2
69046 2
69047 0
69048 3
69049 2
69050 2
69051 2
69052 2
69053 0
69054 3
69055 2
69056 0
69057 0
69058 3
69059 0
69060 2
69061 2
69062 6
69063 2
69064 0
69065 3
69066 0
69067 3
69068 0
69069 0
69070 0
69071 3
69072 0
69073 2
69074 0
69075 0
69076 3
69077 0
69078 2
69079 2
69080 0
69081 3
69082 0
69083 2
69084 2
69085 2
69086 3
69087 7
69088 0
69089 2
69090 2
69091 3
69092 0
69093 13
69094 3
69095 3
69096 7
69097 2
69098 8
69099 0
69100 7
69101 0
69102 2
69103 2
69104 3
69105 2
69106 7
69107 0
69108 0
69109 2
69110 0
69111 2
69112 0
69113 0
69114 2
69115 3
69116 0
69117 0
69118 2
69119 0
69120 2
69121 2
69122 3
69123 0
69124 0
69125 3
69126 2
69127 2
69128 2
69129 2
69130 9
69131 3
69132 0
69133 2
69134 2
69135 2
69136 2
69137 2
69138 10
69139 2
69140 3
69141 2
69142 2
69143 2
69144 0
69145 0
69146 6
69147 0
69148 0
69149 0
69150 0
69151 0
69152 7
69153 3
69154 0
69155 0
69156 0
69157 0
69158 0
69159 0
69160 2
69161 0
69162 2
69163 0
69164 2
69165 0
69166 0
69167 2
69168 2
69169 2
69170 0
69171 0
69172 2
69173 7
69174 2
69175 0
69176 3
69177 0
69178 0
69179 0
69180 3
69181 0
69182 0
69183 0
69184 0
69185 2
69186 7
69187 0
69188 2
69189 0
69190 0
69191 3
69192 0
69193 2
69194 2
69195 0
69196 2
69197 2
69198 2
69199 0
69200 0
69201 7
69202 2
69203 0
69204 0
69205 2
69206 0
69207 6
69208 7
69209 2
69210 8
69211 0
69212 2
69213 2
69214 3
69215 2
69216 2
69217 7
69218 6
69219 2
69220 2
69221 2
69222 2
69223 2
69224 2
69225 0
69226 0
69227 2
69228 3
69229 2
69230 2
69231 0
69232 2
69233 3
69234 3
69235 1
69236 8
69237 2
69238 2
69239 0
69240 0
69241 2
69242 0
69243 2
69244 2
69245 2
69246 2
69247 2
69248 2
69249 0
69250 13
69251 0
69252 3
69253 0
69254 2
69255 7
69256 0
69257 0
69258 2
69259 2
69260 3
69261 2
69262 0
69263 3
69264 2
69265 3
69266 0
69267 0
69268 0
69269 0
69270 0
69271 2
69272 2
69273 0
69274 8
69275 0
69276 0
69277 0
69278 0
69279 2
69280 0
69281 8
69282 2
69283 2
69284 0
69285 0
69286 0
69287 0
69288 0
69289 0
69290 0
69291 2
69292 0
69293 0
69294 3
69295 2
69296 0
69297 0
69298 2
69299 2
69300 2
69301 2
69302 2
69303 0
69304 0
69305 0
69306 2
69307 0
69308 2
69309 0
69310 2
69311 2
69312 0
69313 0
69314 8
69315 2
69316 0
69317 11
69318 2
69319 3
69320 2
69321 2
69322 2
69323 0
69324 0
69325 0
69326 0
69327 2
69328 0
69329 0
69330 0
69331 0
69332 0
69333 2
69334 3
69335 2
69336 0
69337 0
69338 2
69339 2
69340 0
69341 0
69342 0
69343 2
69344 0
69345 3
69346 0
69347 0
69348 2
69349 0
69350 0
69351 2
69352 0
69353 2
69354 2
69355 12
69356 6
69357 0
69358 2
69359 8
69360 0
69361 7
69362 0
69363 0
69364 2
69365 2
69366 2
69367 0
69368 3
69369 2
69370 2
69371 0
69372 3
69373 0
69374 2
69375 0
69376 6
69377 0
69378 2
69379 0
69380 3
69381 0
69382 2
69383 2
69384 2
69385 0
69386 11
69387 2
69388 6
69389 0
69390 2
69391 0
69392 2
69393 7
69394 5
69395 6
69396 0
69397 2
69398 2
69399 2
69400 2
69401 6
69402 2
69403 7
69404 3
69405 8
69406 2
69407 2
69408 2
69409 2
69410 0
69411 3
69412 0
69413 0
69414 0
69415 0
69416 3
69417 2
69418 0
69419 2
69420 2
69421 0
69422 2
69423 0
69424 8
69425 0
69426 0
69427 0
69428 0
69429 0
69430 0
69431 0
69432 0
69433 0
69434 3
69435 2
69436 2
69437 0
69438 0
69439 0
69440 2
69441 0
69442 2
69443 3
69444 2
69445 7
69446 0
69447 2
69448 8
69449 2
69450 2
69451 2
69452 3
69453 2
69454 0
69455 2
69456 2
69457 0
69458 0
69459 2
69460 2
69461 0
69462 7
69463 0
69464 2
69465 0
69466 0
69467 2
69468 0
69469 2
69470 0
69471 2
69472 8
69473 0
69474 0
69475 6
69476 7
69477 2
69478 0
69479 2
69480 0
69481 0
69482 2
69483 0
69484 0
69485 2
69486 2
69487 0
69488 3
69489 0
69490 0
69491 2
69492 2
69493 0
69494 2
69495 2
69496 7
69497 2
69498 0
69499 0
69500 3
69501 2
69502 0
69503 6
69504 3
69505 2
69506 3
69507 2
69508 2
69509 0
69510 0
69511 0
69512 0
69513 2
69514 0
69515 6
69516 3
69517 2
69518 0
69519 2
69520 3
69521 7
69522 2
69523 2
69524 0
69525 2
69526 2
69527 2
69528 2
69529 7
69530 0
69531 2
69532 0
69533 2
69534 3
69535 0
69536 2
69537 2
69538 2
69539 2
69540 0
69541 2
69542 0
69543 6
69544 7
69545 0
69546 3
69547 0
69548 0
69549 0
69550 0
69551 0
69552 0
69553 0
69554 2
69555 0
69556 2
69557 7
69558 0
69559 10
69560 2
69561 2
69562 2
69563 2
69564 2
69565 2
69566 6
69567 0
69568 7
69569 0
69570 0
69571 2
69572 0
69573 2
69574 2
69575 0
69576 2
69577 7
69578 0
69579 0
69580 0
69581 2
69582 0
69583 0
69584 2
69585 0
69586 2
69587 3
69588 2
69589 2
69590 0
69591 2
69592 0
69593 2
69594 2
69595 0
69596 2
69597 0
69598 0
69599 7
69600 0
69601 0
69602 3
69603 5
69604 0
69605 0
69606 0
69607 2
69608 2
69609 0
69610 0
69611 2
69612 3
69613 0
69614 0
69615 0
69616 0
69617 0
69618 0
69619 2
69620 6
69621 2
69622 7
69623 0
69624 0
69625 2
69626 0
69627 0
69628 0
69629 0
69630 0
69631 2
69632 0
69633 2
69634 0
69635 0
69636 0
69637 7
69638 0
69639 0
69640 14
69641 0
69642 2
69643 0
69644 0
69645 3
69646 0
69647 0
69648 0
69649 6
69650 8
69651 0
69652 0
69653 0
69654 0
69655 0
69656 0
69657 2
69658 0
69659 0
69660 0
69661 0
69662 0
69663 2
69664 2
69665 0
69666 2
69667 2
69668 0
69669 7
69670 0
69671 2
69672 6
69673 2
69674 3
69675 0
69676 2
69677 3
69678 0
69679 0
69680 2
69681 0
69682 0
69683 0
69684 2
69685 3
69686 2
69687 2
69688 2
69689 2
69690 2
69691 2
69692 2
69693 6
69694 7
69695 2
69696 7
69697 0
69698 2
69699 2
69700 0
69701 11
69702 0
69703 0
69704 0
69705 13
69706 4
69707 0
69708 0
69709 2
69710 2
69711 2
69712 2
69713 2
69714 0
69715 2
69716 2
69717 2
69718 0
69719 0
69720 2
69721 3
69722 0
69723 0
69724 2
69725 3
69726 0
69727 6
69728 0
69729 2
69730 0
69731 0
69732 0
69733 0
69734 0
69735 2
69736 2
69737 0
69738 0
69739 0
69740 0
69741 3
69742 0
69743 3
69744 2
69745 0
69746 2
69747 7
69748 0
69749 0
69750 2
69751 2
69752 2
69753 0
69754 0
69755 0
69756 0
69757 0
69758 0
69759 0
69760 3
69761 2
69762 0
69763 2
69764 3
69765 0
69766 2
69767 2
69768 0
69769 0
69770 0
69771 3
69772 2
69773 0
69774 2
69775 0
69776 0
69777 0
69778 6
69779 0
69780 5
69781 0
69782 2
69783 2
69784 0
69785 0
69786 0
69787 0
69788 7
69789 2
69790 0
69791 0
69792 0
69793 0
69794 2
69795 0
69796 3
69797 0
69798 8
69799 8
69800 2
69801 11
69802 0
69803 2
69804 2
69805 2
69806 8
69807 0
69808 0
69809 0
69810 0
69811 0
69812 2
69813 2
69814 3
69815 10
69816 3
69817 3
69818 2
69819 0
69820 6
69821 2
69822 2
69823 0
69824 2
69825 0
69826 0
69827 0
69828 2
69829 3
69830 11
69831 0
69832 0
69833 0
69834 0
69835 0
69836 0
69837 0
69838 3
69839 2
69840 6
69841 0
69842 0
69843 0
69844 6
69845 0
69846 7
69847 2
69848 0
69849 0
69850 2
69851 0
69852 2
69853 0
69854 2
69855 6
69856 2
69857 0
69858 2
69859 0
69860 2
69861 2
69862 2
69863 0
69864 2
69865 3
69866 2
69867 2
69868 0
69869 0
69870 0
69871 7
69872 0
69873 2
69874 2
69875 2
69876 0
69877 0
69878 0
69879 2
69880 2
69881 6
69882 2
69883 3
69884 0
69885 2
69886 7
69887 0
69888 0
69889 3
69890 0
69891 7
69892 2
69893 2
69894 0
69895 0
69896 2
69897 2
69898 2
69899 0
69900 2
69901 0
69902 2
69903 0
69904 7
69905 2
69906 2
69907 0
69908 0
69909 0
69910 0
69911 3
69912 2
69913 11
69914 6
69915 0
69916 0
69917 3
69918 2
69919 3
69920 0
69921 3
69922 0
69923 0
69924 6
69925 0
69926 0
69927 8
69928 0
69929 2
69930 0
69931 2
69932 0
69933 0
69934 0
69935 0
69936 0
69937 2
69938 2
69939 0
69940 2
69941 2
69942 0
69943 0
69944 0
69945 3
69946 0
69947 2
69948 0
69949 2
69950 2
69951 2
69952 0
69953 2
69954 11
69955 2
69956 0
69957 2
69958 0
69959 2
69960 2
69961 0
69962 2
69963 2
69964 2
69965 2
69966 2
69967 0
69968 0
69969 0
69970 2
69971 0
69972 0
69973 0
69974 0
69975 2
69976 6
69977 11
69978 0
69979 3
69980 2
69981 2
69982 2
69983 0
69984 6
69985 2
69986 0
69987 0
69988 2
69989 0
69990 2
69991 6
69992 3
69993 0
69994 0
69995 0
69996 0
69997 2
69998 3
69999 0
70000 0
70001 2
70002 0
70003 2
70004 0
70005 2
70006 0
70007 7
70008 11
70009 2
70010 8
70011 0
70012 0
70013 2
70014 7
70015 6
70016 0
70017 2
70018 0
70019 2
70020 0
70021 2
70022 7
70023 0
70024 0
70025 3
70026 0
70027 0
70028 2
70029 11
70030 0
70031 3
70032 2
70033 6
70034 2
70035 2
70036 2
70037 0
70038 0
70039 2
70040 7
70041 2
70042 2
70043 3
70044 2
70045 3
70046 8
70047 2
70048 0
70049 2
70050 3
70051 2
70052 0
70053 2
70054 7
70055 0
70056 7
70057 0
70058 2
70059 2
70060 3
70061 2
70062 2
70063 2
70064 2
70065 2
70066 2
70067 0
70068 2
70069 7
70070 0
70071 8
70072 2
70073 0
70074 2
70075 2
70076 2
70077 2
70078 2
70079 0
70080 2
70081 2
70082 0
70083 6
70084 0
70085 0
70086 2
70087 2
70088 8
70089 0
70090 2
70091 3
70092 2
70093 2
70094 3
70095 7
70096 0
70097 2
70098 2
70099 0
70100 2
70101 0
70102 2
70103 8
70104 0
70105 6
70106 0
70107 2
70108 0
70109 0
70110 0
70111 0
70112 0
70113 0
70114 2
70115 2
70116 0
70117 0
70118 3
70119 3
70120 3
70121 8
70122 0
70123 2
70124 0
70125 0
70126 2
70127 0
70128 0
70129 2
70130 0
70131 0
70132 0
70133 0
70134 2
70135 2
70136 0
70137 0
70138 0
70139 2
70140 0
70141 0
70142 0
70143 2
70144 5
70145 0
70146 0
70147 2
70148 6
70149 0
70150 0
70151 0
70152 0
70153 0
70154 2
70155 0
70156 6
70157 2
70158 2
70159 2
70160 0
70161 0
70162 7
70163 2
70164 11
70165 6
70166 2
70167 2
70168 2
70169 2
70170 0
70171 2
70172 0
70173 2
70174 0
70175 0
70176 0
70177 0
70178 2
70179 0
70180 3
70181 2
70182 0
70183 0
70184 0
70185 0
70186 0
70187 2
70188 0
70189 2
70190 3
70191 2
70192 0
70193 2
70194 2
70195 8
70196 0
70197 6
70198 0
70199 0
70200 0
70201 0
70202 0
70203 7
70204 0
70205 0
70206 0
70207 0
70208 0
70209 0
70210 0
70211 0
70212 11
70213 0
70214 2
70215 7
70216 2
70217 7
70218 0
70219 0
70220 0
70221 2
70222 8
70223 0
70224 14
70225 2
70226 2
70227 0
70228 0
70229 2
70230 0
70231 8
70232 2
70233 2
70234 2
70235 2
70236 0
70237 0
70238 0
70239 0
70240 0
70241 0
70242 0
70243 2
70244 2
70245 0
70246 0
70247 2
70248 0
70249 7
70250 14
70251 0
70252 0
70253 0
70254 0
70255 0
70256 2
70257 3
70258 0
70259 0
70260 0
70261 0
70262 7
70263 2
70264 0
70265 11
70266 2
70267 0
70268 10
70269 2
70270 0
70271 0
70272 0
70273 0
70274 0
70275 2
70276 2
70277 0
70278 2
70279 0
70280 0
70281 0
70282 10
70283 2
70284 2
70285 0
70286 7
70287 2
70288 2
70289 0
70290 0
70291 0
70292 2
70293 2
70294 2
70295 0
70296 2
70297 2
70298 0
70299 0
70300 7
70301 2
70302 2
70303 0
70304 0
70305 0
70306 2
70307 2
70308 0
70309 2
70310 0
70311 2
70312 3
70313 2
70314 2
70315 2
70316 7
70317 0
70318 2
70319 6
70320 7
70321 0
70322 2
70323 2
70324 2
70325 2
70326 2
70327 2
70328 2
70329 0
70330 2
70331 11
70332 2
70333 2
70334 11
70335 2
70336 2
70337 10
70338 2
70339 6
70340 3
70341 0
70342 7
70343 2
70344 0
70345 5
70346 0
70347 2
70348 0
70349 2
70350 0
70351 2
70352 2
70353 7
70354 0
70355 0
70356 0
70357 6
70358 0
70359 0
70360 0
70361 0
70362 3
70363 6
70364 2
70365 0
70366 0
70367 0
70368 0
70369 0
70370 0
70371 2
70372 3
70373 2
70374 11
70375 6
70376 8
70377 2
70378 2
70379 2
70380 2
70381 0
70382 2
70383 2
70384 0
70385 2
70386 11
70387 0
70388 2
70389 2
70390 2
70391 2
70392 2
70393 2
70394 11
70395 3
70396 0
70397 2
70398 7
70399 6
70400 10
70401 2
70402 11
70403 2
70404 2
70405 7
70406 0
70407 6
70408 0
70409 0
70410 2
70411 0
70412 0
70413 2
70414 2
70415 10
70416 6
70417 0
70418 11
70419 4
70420 2
70421 3
70422 2
70423 11
70424 2
70425 0
70426 7
70427 7
70428 7
70429 2
70430 8
70431 2
70432 2
70433 2
70434 0
70435 8
70436 2
70437 0
70438 3
70439 3
70440 3
70441 8
70442 2
70443 10
70444 2
70445 3
70446 3
70447 3
70448 0
70449 8
70450 0
70451 0
70452 7
70453 2
70454 0
70455 0
70456 2
70457 0
70458 6
70459 3
70460 2
70461 0
70462 2
70463 0
70464 0
70465 0
70466 2
70467 11
70468 7
70469 2
70470 6
70471 2
70472 3
70473 2
70474 2
70475 8
70476 0
70477 7
70478 6
70479 8
70480 2
70481 2
70482 0
70483 2
70484 0
70485 2
70486 11
70487 2
70488 2
70489 0
70490 0
70491 2
70492 2
70493 2
70494 11
70495 2
70496 2
70497 11
70498 2
70499 2
70500 0
70501 2
70502 0
70503 2
70504 0
70505 6
70506 0
70507 2
70508 2
70509 0
70510 0
70511 0
70512 0
70513 2
70514 2
70515 2
70516 2
70517 0
70518 10
70519 7
70520 0
70521 8
70522 0
70523 2
70524 2
70525 0
70526 2
70527 2
70528 0
70529 0
70530 11
70531 0
70532 0
70533 2
70534 2
70535 2
70536 7
70537 2
70538 2
70539 0
70540 3
70541 0
70542 2
70543 0
70544 11
70545 0
70546 2
70547 0
70548 0
70549 2
70550 6
70551 2
70552 0
70553 0
70554 7
70555 0
70556 7
70557 2
70558 0
70559 7
70560 2
70561 2
70562 3
70563 3
70564 2
70565 0
70566 2
70567 6
70568 0
70569 2
70570 2
70571 2
70572 3
70573 2
70574 9
70575 7
70576 1
70577 0
70578 2
70579 0
70580 11
70581 2
70582 2
70583 0
70584 2
70585 6
70586 2
70587 7
70588 6
70589 0
70590 7
70591 9
70592 2
70593 2
70594 0
70595 3
70596 2
70597 8
70598 2
70599 2
70600 2
70601 0
70602 7
70603 0
70604 2
70605 0
70606 6
70607 2
70608 2
70609 0
70610 2
70611 2
70612 0
70613 0
70614 0
70615 2
70616 2
70617 8
70618 7
70619 2
70620 2
70621 2
70622 2
70623 2
70624 2
70625 0
70626 3
70627 0
70628 10
70629 2
70630 0
70631 2
70632 3
70633 2
70634 10
70635 0
70636 7
70637 2
70638 1
70639 7
70640 0
70641 3
70642 6
70643 2
70644 12
70645 3
70646 2
70647 2
70648 6
70649 7
70650 6
70651 7
70652 12
70653 3
70654 2
70655 2
70656 3
70657 2
70658 3
70659 11
70660 8
70661 0
70662 2
70663 8
70664 1
70665 14
70666 2
70667 0
70668 0
70669 0
70670 0
70671 0
70672 2
70673 0
70674 0
70675 2
70676 0
70677 0
70678 3
70679 0
70680 2
70681 2
70682 0
70683 0
70684 2
70685 2
70686 2
70687 2
70688 10
70689 2
70690 8
70691 14
70692 1
70693 3
70694 8
70695 1
70696 12
70697 3
70698 3
70699 10
70700 0
70701 0
70702 8
70703 2
70704 7
70705 1
70706 13
70707 1
70708 2
70709 11
70710 1
70711 1
70712 1
70713 1
70714 1
70715 1
70716 1
70717 1
70718 8
70719 13
70720 10
70721 6
70722 12
70723 1
70724 0
70725 0
70726 0
70727 0
70728 0
70729 2
70730 0
70731 0
70732 0
70733 0
70734 0
70735 0
70736 0
70737 2
70738 7
70739 3
70740 2
70741 0
70742 0
70743 3
70744 0
70745 8
70746 2
70747 8
70748 2
70749 0
70750 0
70751 2
70752 0
70753 7
70754 0
70755 0
70756 0
70757 0
70758 2
70759 3
70760 0
70761 0
70762 0
70763 2
70764 0
70765 2
70766 0
70767 2
70768 2
70769 0
70770 0
70771 0
70772 0
70773 11
70774 2
70775 3
70776 0
70777 0
70778 0
70779 0
70780 2
70781 11
70782 7
70783 3
70784 7
70785 0
70786 0
70787 0
70788 0
70789 0
70790 0
70791 2
70792 2
70793 0
70794 0
70795 2
70796 0
70797 2
70798 0
70799 2
70800 2
70801 3
70802 2
70803 6
70804 0
70805 3
70806 2
70807 2
70808 6
70809 3
70810 0
70811 0
70812 2
70813 2
70814 2
70815 2
70816 2
70817 2
70818 0
70819 2
70820 2
70821 7
70822 0
70823 2
70824 0
70825 0
70826 3
70827 12
70828 11
70829 0
70830 0
70831 0
70832 0
70833 3
70834 0
70835 0
70836 0
70837 0
70838 0
70839 7
70840 2
70841 6
70842 7
70843 2
70844 0
70845 0
70846 0
70847 0
70848 11
70849 0
70850 2
70851 2
70852 2
70853 0
70854 2
70855 0
70856 0
70857 0
70858 0
70859 2
70860 2
70861 2
70862 0
70863 0
70864 0
70865 2
70866 3
70867 2
70868 0
70869 0
70870 0
70871 2
70872 0
70873 2
70874 2
70875 0
70876 0
70877 0
70878 0
70879 3
70880 0
70881 3
70882 2
70883 0
70884 0
70885 0
70886 2
70887 0
70888 7
70889 0
70890 2
70891 0
70892 0
70893 2
70894 0
70895 0
70896 0
70897 0
70898 0
70899 2
70900 2
70901 0
70902 0
70903 0
70904 0
70905 0
70906 2
70907 0
70908 2
70909 0
70910 0
70911 0
70912 2
70913 2
70914 0
70915 0
70916 0
70917 2
70918 3
70919 0
70920 0
70921 2
70922 7
70923 0
70924 2
70925 0
70926 11
70927 2
70928 2
70929 0
70930 11
70931 2
70932 0
70933 7
70934 3
70935 2
70936 2
70937 2
70938 2
70939 2
70940 2
70941 2
70942 0
70943 2
70944 0
70945 2
70946 2
70947 0
70948 3
70949 2
70950 0
70951 2
70952 0
70953 2
70954 2
70955 2
70956 2
70957 2
70958 3
70959 0
70960 2
70961 2
70962 7
70963 7
70964 3
70965 2
70966 3
70967 0
70968 3
70969 0
70970 2
70971 0
70972 0
70973 0
70974 0
70975 2
70976 0
70977 2
70978 0
70979 2
70980 0
70981 0
70982 2
70983 0
70984 2
70985 3
70986 0
70987 2
70988 3
70989 0
70990 0
70991 0
70992 2
70993 2
70994 0
70995 0
70996 6
70997 0
70998 0
70999 2
71000 2
71001 7
71002 0
71003 2
71004 7
71005 0
71006 5
71007 2
71008 7
71009 2
71010 7
71011 0
71012 2
71013 6
71014 6
71015 0
71016 2
71017 2
71018 2
71019 0
71020 2
71021 0
71022 2
71023 2
71024 3
71025 0
71026 2
71027 0
71028 6
71029 0
71030 2
71031 2
71032 3
71033 0
71034 0
71035 2
71036 3
71037 7
71038 2
71039 0
71040 2
71041 0
71042 8
71043 2
71044 2
71045 3
71046 2
71047 2
71048 3
71049 2
71050 0
71051 0
71052 0
71053 0
71054 0
71055 2
71056 2
71057 2
71058 2
71059 0
71060 2
71061 2
71062 0
71063 0
71064 0
71065 0
71066 0
71067 2
71068 2
71069 3
71070 0
71071 0
71072 2
71073 0
71074 0
71075 0
71076 0
71077 0
71078 0
71079 0
71080 0
71081 2
71082 5
71083 0
71084 2
71085 0
71086 0
71087 0
71088 2
71089 0
71090 2
71091 3
71092 0
71093 0
71094 0
71095 0
71096 2
71097 2
71098 12
71099 0
71100 2
71101 2
71102 0
71103 0
71104 8
71105 0
71106 0
71107 0
71108 0
71109 0
71110 0
71111 0
71112 2
71113 0
71114 3
71115 2
71116 0
71117 0
71118 0
71119 2
71120 2
71121 0
71122 0
71123 3
71124 0
71125 2
71126 0
71127 0
71128 0
71129 2
71130 0
71131 0
71132 0
71133 0
71134 0
71135 0
71136 0
71137 0
71138 0
71139 2
71140 0
71141 2
71142 0
71143 2
71144 2
71145 2
71146 0
71147 0
71148 0
71149 2
71150 0
71151 0
71152 0
71153 0
71154 0
71155 0
71156 0
71157 3
71158 0
71159 0
71160 0
71161 3
71162 0
71163 2
71164 0
71165 0
71166 2
71167 0
71168 0
71169 0
71170 2
71171 0
71172 0
71173 0
71174 2
71175 3
71176 3
71177 0
71178 0
71179 0
71180 2
71181 2
71182 0
71183 2
71184 3
71185 0
71186 0
71187 0
71188 2
71189 3
71190 2
71191 0
71192 0
71193 3
71194 2
71195 7
71196 2
71197 2
71198 0
71199 0
71200 2
71201 0
71202 2
71203 2
71204 0
71205 2
71206 2
71207 0
71208 9
71209 8
71210 2
71211 0
71212 0
71213 0
71214 0
71215 2
71216 0
71217 0
71218 0
71219 2
71220 0
71221 0
71222 2
71223 2
71224 0
71225 0
71226 0
71227 0
71228 0
71229 0
71230 0
71231 3
71232 0
71233 0
71234 0
71235 0
71236 0
71237 0
71238 0
71239 2
71240 0
71241 7
71242 2
71243 2
71244 0
71245 0
71246 0
71247 2
71248 0
71249 0
71250 0
71251 0
71252 0
71253 2
71254 2
71255 0
71256 0
71257 0
71258 0
71259 2
71260 0
71261 0
71262 7
71263 0
71264 0
71265 0
71266 0
71267 3
71268 0
71269 0
71270 0
71271 2
71272 2
71273 8
71274 2
71275 0
71276 0
71277 2
71278 2
71279 0
71280 3
71281 3
71282 11
71283 2
71284 2
71285 0
71286 0
71287 0
71288 3
71289 0
71290 0
71291 0
71292 2
71293 0
71294 2
71295 3
71296 3
71297 0
71298 2
71299 0
71300 2
71301 0
71302 2
71303 0
71304 0
71305 2
71306 2
71307 0
71308 0
71309 2
71310 0
71311 2
71312 0
71313 0
71314 0
71315 0
71316 0
71317 2
71318 3
71319 0
71320 0
71321 0
71322 0
71323 0
71324 0
71325 0
71326 7
71327 0
71328 0
71329 0
71330 0
71331 0
71332 3
71333 2
71334 0
71335 0
71336 2
71337 2
71338 0
71339 0
71340 0
71341 0
71342 0
71343 3
71344 2
71345 0
71346 0
71347 2
71348 0
71349 0
71350 0
71351 2
71352 0
71353 0
71354 0
71355 0
71356 0
71357 2
71358 0
71359 0
71360 0
71361 2
71362 2
71363 2
71364 0
71365 0
71366 2
71367 0
71368 2
71369 3
71370 3
71371 2
71372 0
71373 0
71374 2
71375 2
71376 0
71377 0
71378 0
71379 0
71380 0
71381 0
71382 0
71383 7
71384 0
71385 2
71386 7
71387 0
71388 0
71389 0
71390 2
71391 2
71392 0
71393 2
71394 7
71395 2
71396 0
71397 0
71398 2
71399 0
71400 0
71401 2
71402 2
71403 0
71404 2
71405 0
71406 0
71407 0
71408 0
71409 0
71410 0
71411 11
71412 0
71413 2
71414 0
71415 0
71416 0
71417 2
71418 0
71419 2
71420 0
71421 0
71422 2
71423 0
71424 0
71425 2
71426 7
71427 0
71428 0
71429 2
71430 0
71431 0
71432 2
71433 0
71434 0
71435 0
71436 0
71437 0
71438 0
71439 0
71440 2
71441 2
71442 0
71443 0
71444 0
71445 0
71446 0
71447 0
71448 0
71449 2
71450 0
71451 0
71452 0
71453 0
71454 0
71455 0
71456 3
71457 6
71458 0
71459 0
71460 0
71461 0
71462 9
71463 2
71464 0
71465 0
71466 0
71467 0
71468 0
71469 0
71470 2
71471 0
71472 0
71473 2
71474 3
71475 0
71476 0
71477 0
71478 0
71479 2
71480 0
71481 7
71482 0
71483 0
71484 2
71485 0
71486 0
71487 0
71488 0
71489 0
71490 0
71491 0
71492 2
71493 0
71494 11
71495 2
71496 0
71497 8
71498 0
71499 0
71500 0
71501 0
71502 0
71503 0
71504 2
71505 2
71506 0
71507 2
71508 2
71509 2
71510 0
71511 2
71512 2
71513 0
71514 0
71515 0
71516 2
71517 0
71518 0
71519 3
71520 0
71521 3
71522 0
71523 0
71524 2
71525 0
71526 0
71527 0
71528 0
71529 3
71530 0
71531 0
71532 0
71533 7
71534 0
71535 0
71536 0
71537 2
71538 0
71539 0
71540 0
71541 0
71542 0
71543 2
71544 0
71545 2
71546 3
71547 0
71548 3
71549 0
71550 0
71551 0
71552 2
71553 3
71554 0
71555 2
71556 0
71557 0
71558 0
71559 0
71560 2
71561 0
71562 0
71563 0
71564 0
71565 2
71566 0
71567 0
71568 2
71569 0
71570 0
71571 8
71572 2
71573 0
71574 0
71575 0
71576 0
71577 7
71578 0
71579 0
71580 0
71581 0
71582 0
71583 0
71584 2
71585 0
71586 11
71587 3
71588 2
71589 0
71590 0
71591 2
71592 2
71593 2
71594 0
71595 2
71596 2
71597 0
71598 3
71599 2
71600 2
71601 2
71602 11
71603 2
71604 8
71605 1
71606 10
71607 1
71608 14
71609 1
71610 1
71611 1
71612 1
71613 8
71614 3
71615 3
71616 7
71617 0
71618 7
71619 0
71620 2
71621 6
71622 7
71623 2
71624 0
71625 0
71626 0
71627 0
71628 7
71629 0
71630 0
71631 3
71632 0
71633 0
71634 2
71635 2
71636 2
71637 0
71638 0
71639 3
71640 2
71641 0
71642 2
71643 10
71644 1
71645 0
71646 0
71647 0
71648 1
71649 10
71650 3
71651 3
71652 1
71653 9
71654 1
71655 14
71656 7
71657 10
71658 1
71659 6
71660 6
71661 6
71662 6
71663 5
71664 1
71665 1
71666 1
71667 1
71668 1
71669 1
71670 1
71671 1
71672 1
71673 1
71674 1
71675 0
71676 2
71677 3
71678 2
71679 0
71680 0
71681 0
71682 2
71683 3
71684 2
71685 0
71686 6
71687 2
71688 2
71689 2
71690 0
71691 14
71692 0
71693 3
71694 2
71695 2
71696 0
71697 2
71698 11
71699 0
71700 2
71701 0
71702 2
71703 0
71704 0
71705 0
71706 2
71707 2
71708 0
71709 2
71710 2
71711 0
71712 7
71713 0
71714 2
71715 0
71716 2
71717 2
71718 2
71719 2
71720 0
71721 0
71722 7
71723 0
71724 2
71725 0
71726 2
71727 0
71728 0
71729 0
71730 0
71731 0
71732 0
71733 0
71734 3
71735 0
71736 8
71737 0
71738 0
71739 3
71740 0
71741 2
71742 11
71743 0
71744 0
71745 2
71746 0
71747 0
71748 0
71749 11
71750 0
71751 2
71752 0
71753 0
71754 0
71755 0
71756 2
71757 2
71758 0
71759 0
71760 0
71761 0
71762 2
71763 0
71764 0
71765 1
71766 2
71767 2
71768 1
71769 1
71770 1
71771 1
71772 1
71773 1
71774 0
71775 2
71776 2
71777 2
71778 2
71779 2
71780 3
71781 2
71782 2
71783 2
71784 0
71785 7
71786 2
71787 0
71788 2
71789 0
71790 0
71791 0
71792 0
71793 0
71794 2
71795 2
71796 0
71797 2
71798 2
71799 0
71800 0
71801 0
71802 1
71803 0
71804 11
71805 0
71806 8
71807 7
71808 8
71809 2
71810 2
71811 3
71812 2
71813 2
71814 2
71815 3
71816 2
71817 7
71818 3
71819 3
71820 3
71821 0
71822 3
71823 3
71824 2
71825 11
71826 0
71827 2
71828 2
71829 2
71830 2
71831 0
71832 2
71833 0
71834 2
71835 3
71836 0
71837 0
71838 2
71839 3
71840 7
71841 5
71842 3
71843 2
71844 2
71845 2
71846 2
71847 2
71848 0
71849 6
71850 3
71851 7
71852 2
71853 3
71854 2
71855 2
71856 8
71857 3
71858 2
71859 2
71860 7
71861 3
71862 7
71863 2
71864 0
71865 2
71866 7
71867 0
71868 0
71869 0
71870 3
71871 0
71872 2
71873 0
71874 7
71875 7
71876 0
71877 0
71878 11
71879 3
71880 0
71881 7
71882 2
71883 2
71884 2
71885 2
71886 7
71887 0
71888 0
71889 0
71890 0
71891 0
71892 0
71893 2
71894 2
71895 0
71896 0
71897 0
71898 0
71899 0
71900 0
71901 2
71902 2
71903 2
71904 2
71905 7
71906 3
71907 0
71908 0
71909 2
71910 0
71911 0
71912 3
71913 2
71914 3
71915 3
71916 2
71917 0
71918 0
71919 2
71920 0
71921 0
71922 0
71923 0
71924 2
71925 7
71926 3
71927 2
71928 11
71929 2
71930 0
71931 0
71932 2
71933 2
71934 2
71935 0
71936 2
71937 2
71938 3
71939 0
71940 2
71941 2
71942 7
71943 0
71944 2
71945 0
71946 0
71947 0
71948 2
71949 2
71950 0
71951 2
71952 2
71953 3
71954 0
71955 0
71956 0
71957 3
71958 0
71959 0
71960 2
71961 2
71962 0
71963 2
71964 0
71965 0
71966 0
71967 2
71968 3
71969 3
71970 2
71971 0
71972 0
71973 0
71974 4
71975 0
71976 2
71977 6
71978 2
71979 2
71980 3
71981 2
71982 12
71983 2
71984 2
71985 3
71986 0
71987 0
71988 2
71989 3
71990 2
71991 0
71992 0
71993 3
71994 0
71995 2
71996 3
71997 0
71998 2
71999 2
72000 2
72001 0
72002 0
72003 3
72004 2
72005 11
72006 0
72007 7
72008 0
72009 3
72010 0
72011 2
72012 8
72013 2
72014 2
72015 2
72016 0
72017 0
72018 0
72019 2
72020 0
72021 2
72022 0
72023 3
72024 3
72025 2
72026 0
72027 2
72028 0
72029 0
72030 0
72031 0
72032 0
72033 0
72034 0
72035 2
72036 2
72037 7
72038 2
72039 0
72040 7
72041 0
72042 0
72043 0
72044 8
72045 2
72046 0
72047 0
72048 0
72049 0
72050 2
72051 6
72052 2
72053 3
72054 2
72055 2
72056 2
72057 7
72058 0
72059 2
72060 0
72061 2
72062 3
72063 0
72064 0
72065 0
72066 0
72067 2
72068 0
72069 2
72070 3
72071 2
72072 2
72073 3
72074 0
72075 7
72076 0
72077 0
72078 0
72079 0
72080 0
72081 3
72082 0
72083 0
72084 0
72085 0
72086 2
72087 0
72088 2
72089 0
72090 0
72091 0
72092 0
72093 2
72094 0
72095 0
72096 2
72097 0
72098 0
72099 6
72100 0
72101 0
72102 0
72103 0
72104 0
72105 0
72106 0
72107 0
72108 0
72109 0
72110 0
72111 2
72112 0
72113 2
72114 2
72115 0
72116 2
72117 2
72118 6
72119 0
72120 2
72121 6
72122 0
72123 0
72124 0
72125 0
72126 2
72127 2
72128 3
72129 0
72130 2
72131 3
72132 2
72133 0
72134 3
72135 2
72136 0
72137 3
72138 2
72139 0
72140 2
72141 0
72142 2
72143 2
72144 3
72145 0
72146 7
72147 0
72148 2
72149 3
72150 0
72151 0
72152 0
72153 0
72154 0
72155 7
72156 0
72157 0
72158 2
72159 2
72160 2
72161 0
72162 0
72163 2
72164 0
72165 0
72166 8
72167 0
72168 2
72169 0
72170 0
72171 10
72172 2
72173 2
72174 0
72175 0
72176 0
72177 7
72178 0
72179 2
72180 2
72181 0
72182 0
72183 0
72184 3
72185 0
72186 3
72187 2
72188 0
72189 0
72190 0
72191 0
72192 0
72193 0
72194 0
72195 2
72196 0
72197 0
72198 0
72199 0
72200 0
72201 0
72202 2
72203 0
72204 0
72205 0
72206 0
72207 0
72208 0
72209 0
72210 0
72211 11
72212 0
72213 0
72214 0
72215 0
72216 2
72217 0
72218 3
72219 0
72220 2
72221 0
72222 0
72223 3
72224 2
72225 0
72226 2
72227 3
72228 0
72229 0
72230 0
72231 0
72232 2
72233 0
72234 3
72235 0
72236 6
72237 0
72238 0
72239 0
72240 0
72241 2
72242 0
72243 3
72244 2
72245 0
72246 2
72247 2
72248 3
72249 7
72250 3
72251 2
72252 3
72253 2
72254 11
72255 0
72256 0
72257 0
72258 3
72259 2
72260 2
72261 2
72262 0
72263 0
72264 3
72265 0
72266 0
72267 2
72268 0
72269 2
72270 0
72271 0
72272 0
72273 0
72274 0
72275 0
72276 3
72277 2
72278 0
72279 0
72280 0
72281 0
72282 0
72283 0
72284 2
72285 0
72286 0
72287 0
72288 0
72289 0
72290 3
72291 0
72292 0
72293 2
72294 2
72295 0
72296 2
72297 0
72298 0
72299 0
72300 3
72301 0
72302 2
72303 2
72304 2
72305 3
72306 2
72307 0
72308 0
72309 0
72310 2
72311 0
72312 7
72313 0
72314 2
72315 0
72316 2
72317 3
72318 7
72319 0
72320 0
72321 0
72322 11
72323 0
72324 2
72325 8
72326 0
72327 0
72328 3
72329 0
72330 0
72331 7
72332 0
72333 3
72334 0
72335 0
72336 3
72337 2
72338 7
72339 2
72340 0
72341 0
72342 0
72343 2
72344 0
72345 8
72346 0
72347 0
72348 3
72349 0
72350 0
72351 0
72352 0
72353 2
72354 2
72355 2
72356 3
72357 0
72358 2
72359 3
72360 3
72361 7
72362 7
72363 0
72364 0
72365 0
72366 0
72367 0
72368 7
72369 0
72370 0
72371 0
72372 0
72373 3
72374 2
72375 3
72376 7
72377 2
72378 2
72379 2
72380 2
72381 0
72382 2
72383 2
72384 2
72385 2
72386 2
72387 2
72388 2
72389 0
72390 0
72391 3
72392 2
72393 3
72394 3
72395 0
72396 2
72397 0
72398 3
72399 0
72400 0
72401 3
72402 3
72403 11
72404 2
72405 2
72406 2
72407 2
72408 2
72409 6
72410 0
72411 0
72412 14
72413 2
72414 3
72415 0
72416 0
72417 2
72418 8
72419 0
72420 3
72421 2
72422 2
72423 2
72424 0
72425 3
72426 2
72427 2
72428 3
72429 3
72430 2
72431 2
72432 3
72433 2
72434 2
72435 0
72436 5
72437 2
72438 2
72439 2
72440 0
72441 0
72442 3
72443 3
72444 2
72445 2
72446 2
72447 3
72448 0
72449 0
72450 0
72451 0
72452 2
72453 0
72454 3
72455 0
72456 0
72457 0
72458 0
72459 7
72460 0
72461 0
72462 0
72463 0
72464 2
72465 0
72466 2
72467 0
72468 2
72469 0
72470 3
72471 6
72472 0
72473 0
72474 2
72475 0
72476 0
72477 2
72478 0
72479 2
72480 3
72481 2
72482 3
72483 2
72484 0
72485 7
72486 8
72487 7
72488 2
72489 0
72490 0
72491 2
72492 2
72493 0
72494 3
72495 0
72496 0
72497 7
72498 0
72499 2
72500 3
72501 0
72502 0
72503 2
72504 0
72505 0
72506 2
72507 0
72508 2
72509 0
72510 0
72511 2
72512 0
72513 0
72514 0
72515 0
72516 2
72517 0
72518 0
72519 0
72520 2
72521 0
72522 0
72523 3
72524 2
72525 2
72526 2
72527 0
72528 0
72529 0
72530 0
72531 0
72532 2
72533 7
72534 0
72535 2
72536 7
72537 0
72538 2
72539 0
72540 2
72541 0
72542 2
72543 0
72544 2
72545 0
72546 2
72547 2
72548 2
72549 0
72550 0
72551 0
72552 2
72553 0
72554 2
72555 2
72556 0
72557 2
72558 0
72559 0
72560 3
72561 0
72562 8
72563 3
72564 0
72565 3
72566 2
72567 2
72568 2
72569 0
72570 0
72571 2
72572 0
72573 3
72574 0
72575 2
72576 0
72577 0
72578 2
72579 7
72580 2
72581 0
72582 3
72583 3
72584 2
72585 2
72586 0
72587 3
72588 7
72589 0
72590 3
72591 3
72592 2
72593 0
72594 2
72595 2
72596 0
72597 0
72598 3
72599 2
72600 2
72601 2
72602 2
72603 0
72604 3
72605 2
72606 0
72607 2
72608 2
72609 2
72610 2
72611 7
72612 3
72613 2
72614 7
72615 3
72616 0
72617 2
72618 2
72619 2
72620 2
72621 0
72622 0
72623 0
72624 2
72625 3
72626 2
72627 0
72628 8
72629 0
72630 0
72631 0
72632 2
72633 0
72634 7
72635 0
72636 0
72637 0
72638 0
72639 0
72640 0
72641 3
72642 0
72643 2
72644 0
72645 2
72646 0
72647 0
72648 0
72649 0
72650 0
72651 0
72652 0
72653 0
72654 2
72655 2
72656 0
72657 2
72658 2
72659 0
72660 0
72661 2
72662 2
72663 2
72664 0
72665 2
72666 0
72667 8
72668 2
72669 0
72670 2
72671 2
72672 0
72673 3
72674 3
72675 0
72676 2
72677 0
72678 3
72679 2
72680 2
72681 0
72682 0
72683 2
72684 0
72685 0
72686 2
72687 0
72688 11
72689 0
72690 0
72691 0
72692 0
72693 0
72694 0
72695 0
72696 3
72697 11
72698 0
72699 3
72700 0
72701 0
72702 2
72703 0
72704 3
72705 2
72706 0
72707 2
72708 0
72709 7
72710 2
72711 2
72712 0
72713 0
72714 2
72715 0
72716 0
72717 0
72718 0
72719 2
72720 0
72721 0
72722 0
72723 3
72724 0
72725 2
72726 0
72727 0
72728 2
72729 0
72730 0
72731 2
72732 2
72733 8
72734 2
72735 2
72736 0
72737 2
72738 0
72739 7
72740 0
72741 2
72742 0
72743 3
72744 2
72745 0
72746 0
72747 2
72748 2
72749 0
72750 2
72751 2
72752 2
72753 0
72754 2
72755 2
72756 0
72757 0
72758 0
72759 0
72760 2
72761 2
72762 2
72763 2
72764 0
72765 0
72766 6
72767 0
72768 11
72769 2
72770 3
72771 0
72772 0
72773 6
72774 7
72775 2
72776 2
72777 0
72778 0
72779 2
72780 0
72781 2
72782 0
72783 0
72784 0
72785 14
72786 2
72787 2
72788 2
72789 2
72790 3
72791 0
72792 0
72793 2
72794 2
72795 0
72796 0
72797 2
72798 2
72799 0
72800 0
72801 0
72802 2
72803 0
72804 0
72805 0
72806 0
72807 2
72808 7
72809 2
72810 0
72811 6
72812 2
72813 0
72814 0
72815 2
72816 2
72817 0
72818 2
72819 0
72820 0
72821 2
72822 0
72823 0
72824 0
72825 2
72826 2
72827 2
72828 2
72829 0
72830 0
72831 2
72832 0
72833 2
72834 0
72835 2
72836 3
72837 0
72838 0
72839 0
72840 2
72841 0
72842 0
72843 0
72844 0
72845 0
72846 0
72847 0
72848 0
72849 0
72850 0
72851 0
72852 0
72853 0
72854 0
72855 0
72856 0
72857 2
72858 0
72859 0
72860 2
72861 0
72862 0
72863 0
72864 2
72865 3
72866 0
72867 3
72868 6
72869 0
72870 2
72871 0
72872 3
72873 2
72874 7
72875 0
72876 0
72877 0
72878 2
72879 2
72880 2
72881 2
72882 2
72883 7
72884 2
72885 7
72886 3
72887 3
72888 2
72889 2
72890 7
72891 6
72892 2
72893 2
72894 2
72895 3
72896 0
72897 0
72898 0
72899 2
72900 0
72901 2
72902 0
72903 0
72904 3
72905 3
72906 0
72907 8
72908 2
72909 0
72910 0
72911 0
72912 2
72913 2
72914 0
72915 2
72916 0
72917 0
72918 0
72919 7
72920 6
72921 0
72922 3
72923 8
72924 0
72925 0
72926 2
72927 2
72928 0
72929 6
72930 2
72931 0
72932 6
72933 0
72934 0
72935 2
72936 0
72937 0
72938 0
72939 6
72940 0
72941 7
72942 0
72943 0
72944 0
72945 0
72946 0
72947 0
72948 0
72949 2
72950 0
72951 8
72952 2
72953 0
72954 2
72955 3
72956 0
72957 0
72958 0
72959 6
72960 2
72961 0
72962 6
72963 2
72964 3
72965 2
72966 0
72967 0
72968 0
72969 0
72970 0
72971 0
72972 2
72973 2
72974 0
72975 2
72976 2
72977 2
72978 2
72979 0
72980 2
72981 2
72982 2
72983 0
72984 2
72985 3
72986 0
72987 3
72988 0
72989 6
72990 2
72991 2
72992 6
72993 7
72994 0
72995 0
72996 0
72997 0
72998 0
72999 2
73000 0
73001 0
73002 2
73003 0
73004 3
73005 0
73006 0
73007 0
73008 0
73009 0
73010 2
73011 0
73012 0
73013 2
73014 2
73015 2
73016 0
73017 0
73018 3
73019 0
73020 0
73021 0
73022 2
73023 3
73024 2
73025 0
73026 2
73027 3
73028 3
73029 2
73030 0
73031 0
73032 0
73033 2
73034 0
73035 2
73036 0
73037 2
73038 0
73039 2
73040 2
73041 0
73042 0
73043 2
73044 2
73045 0
73046 2
73047 2
73048 0
73049 0
73050 0
73051 0
73052 2
73053 0
73054 0
73055 3
73056 2
73057 0
73058 0
73059 2
73060 0
73061 0
73062 2
73063 0
73064 0
73065 0
73066 0
73067 0
73068 0
73069 0
73070 2
73071 0
73072 0
73073 0
73074 2
73075 0
73076 0
73077 0
73078 0
73079 0
73080 0
73081 3
73082 3
73083 2
73084 2
73085 0
73086 0
73087 0
73088 6
73089 2
73090 2
73091 0
73092 3
73093 2
73094 0
73095 0
73096 0
73097 0
73098 2
73099 0
73100 2
73101 2
73102 2
73103 0
73104 0
73105 2
73106 3
73107 2
73108 0
73109 0
73110 0
73111 2
73112 2
73113 3
73114 2
73115 0
73116 2
73117 0
73118 3
73119 2
73120 2
73121 7
73122 2
73123 2
73124 3
73125 0
73126 0
73127 0
73128 0
73129 2
73130 0
73131 2
73132 0
73133 2
73134 0
73135 0
73136 0
73137 0
73138 0
73139 7
73140 0
73141 0
73142 2
73143 2
73144 0
73145 2
73146 2
73147 0
73148 0
73149 2
73150 2
73151 0
73152 0
73153 0
73154 2
73155 0
73156 3
73157 0
73158 0
73159 0
73160 2
73161 2
73162 0
73163 0
73164 0
73165 2
73166 7
73167 3
73168 0
73169 0
73170 2
73171 0
73172 2
73173 2
73174 2
73175 2
73176 0
73177 2
73178 0
73179 0
73180 0
73181 0
73182 2
73183 2
73184 7
73185 2
73186 2
73187 0
73188 2
73189 0
73190 0
73191 0
73192 2
73193 0
73194 0
73195 2
73196 0
73197 2
73198 2
73199 0
73200 2
73201 7
73202 8
73203 2
73204 0
73205 0
73206 3
73207 2
73208 0
73209 2
73210 3
73211 11
73212 2
73213 2
73214 11
73215 2
73216 0
73217 2
73218 0
73219 2
73220 0
73221 2
73222 2
73223 0
73224 3
73225 2
73226 2
73227 2
73228 0
73229 0
73230 2
73231 0
73232 3
73233 2
73234 0
73235 3
73236 2
73237 14
73238 0
73239 0
73240 0
73241 0
73242 0
73243 3
73244 2
73245 6
73246 0
73247 7
73248 2
73249 2
73250 0
73251 2
73252 0
73253 2
73254 3
73255 2
73256 3
73257 0
73258 0
73259 0
73260 7
73261 2
73262 2
73263 0
73264 0
73265 6
73266 3
73267 0
73268 7
73269 3
73270 0
73271 0
73272 0
73273 0
73274 0
73275 2
73276 2
73277 2
73278 0
73279 0
73280 0
73281 3
73282 2
73283 0
73284 2
73285 7
73286 0
73287 0
73288 0
73289 2
73290 2
73291 2
73292 0
73293 2
73294 0
73295 7
73296 0
73297 2
73298 0
73299 3
73300 0
73301 2
73302 3
73303 0
73304 0
73305 3
73306 2
73307 0
73308 8
73309 0
73310 0
73311 0
73312 0
73313 2
73314 2
73315 0
73316 0
73317 2
73318 7
73319 2
73320 2
73321 0
73322 0
73323 0
73324 3
73325 0
73326 0
73327 8
73328 0
73329 0
73330 0
73331 0
73332 0
73333 3
73334 0
73335 0
73336 2
73337 0
73338 0
73339 6
73340 7
73341 2
73342 0
73343 0
73344 0
73345 2
73346 0
73347 0
73348 0
73349 0
73350 2
73351 2
73352 2
73353 2
73354 0
73355 0
73356 2
73357 2
73358 0
73359 2
73360 0
73361 0
73362 0
73363 0
73364 3
73365 0
73366 0
73367 2
73368 2
73369 0
73370 2
73371 2
73372 0
73373 3
73374 3
73375 0
73376 6
73377 2
73378 0
73379 0
73380 0
73381 2
73382 0
73383 3
73384 0
73385 0
73386 2
73387 0
73388 2
73389 2
73390 0
73391 2
73392 3
73393 0
73394 0
73395 2
73396 3
73397 2
73398 0
73399 2
73400 2
73401 0
73402 2
73403 0
73404 0
73405 0
73406 0
73407 2
73408 2
73409 0
73410 3
73411 3
73412 0
73413 0
73414 0
73415 0
73416 6
73417 0
73418 7
73419 0
73420 0
73421 0
73422 3
73423 2
73424 7
73425 2
73426 0
73427 0
73428 2
73429 2
73430 0
73431 0
73432 0
73433 2
73434 0
73435 0
73436 2
73437 0
73438 2
73439 0
73440 0
73441 0
73442 0
73443 2
73444 0
73445 3
73446 3
73447 0
73448 0
73449 2
73450 2
73451 2
73452 2
73453 0
73454 0
73455 0
73456 0
73457 2
73458 0
73459 0
73460 0
73461 2
73462 3
73463 2
73464 2
73465 2
73466 2
73467 0
73468 0
73469 0
73470 0
73471 0
73472 2
73473 0
73474 0
73475 0
73476 0
73477 0
73478 2
73479 0
73480 0
73481 3
73482 2
73483 0
73484 0
73485 0
73486 0
73487 0
73488 0
73489 0
73490 2
73491 0
73492 7
73493 0
73494 2
73495 0
73496 2
73497 0
73498 0
73499 0
73500 0
73501 0
73502 0
73503 0
73504 2
73505 2
73506 2
73507 0
73508 0
73509 0
73510 2
73511 0
73512 6
73513 2
73514 2
73515 0
73516 0
73517 0
73518 0
73519 7
73520 0
73521 2
73522 0
73523 3
73524 0
73525 0
73526 2
73527 3
73528 0
73529 2
73530 2
73531 0
73532 14
73533 2
73534 0
73535 2
73536 0
73537 3
73538 2
73539 2
73540 0
73541 2
73542 0
73543 0
73544 11
73545 0
73546 0
73547 2
73548 2
73549 0
73550 0
73551 2
73552 3
73553 13
73554 0
73555 0
73556 0
73557 0
73558 0
73559 2
73560 3
73561 2
73562 2
73563 2
73564 0
73565 2
73566 0
73567 2
73568 2
73569 2
73570 2
73571 0
73572 0
73573 0
73574 3
73575 2
73576 0
73577 0
73578 2
73579 2
73580 0
73581 0
73582 2
73583 3
73584 2
73585 0
73586 0
73587 0
73588 0
73589 0
73590 0
73591 7
73592 0
73593 11
73594 0
73595 0
73596 0
73597 0
73598 0
73599 0
73600 0
73601 0
73602 0
73603 3
73604 0
73605 2
73606 0
73607 0
73608 0
73609 2
73610 0
73611 2
73612 0
73613 0
73614 3
73615 0
73616 0
73617 7
73618 7
73619 0
73620 0
73621 0
73622 7
73623 0
73624 0
73625 0
73626 0
73627 0
73628 2
73629 0
73630 2
73631 0
73632 0
73633 0
73634 0
73635 0
73636 0
73637 0
73638 0
73639 0
73640 7
73641 7
73642 7
73643 0
73644 2
73645 0
73646 2
73647 2
73648 0
73649 0
73650 0
73651 0
73652 0
73653 0
73654 0
73655 0
73656 0
73657 2
73658 0
73659 2
73660 2
73661 0
73662 0
73663 2
73664 2
73665 0
73666 0
73667 0
73668 7
73669 3
73670 0
73671 7
73672 0
73673 2
73674 0
73675 2
73676 0
73677 2
73678 0
73679 0
73680 0
73681 0
73682 2
73683 2
73684 0
73685 11
73686 0
73687 2
73688 0
73689 0
73690 2
73691 2
73692 0
73693 0
73694 0
73695 2
73696 0
73697 2
73698 2
73699 2
73700 0
73701 3
73702 0
73703 7
73704 2
73705 3
73706 0
73707 0
73708 2
73709 0
73710 2
73711 0
73712 0
73713 3
73714 0
73715 2
73716 0
73717 2
73718 0
73719 2
73720 2
73721 0
73722 0
73723 0
73724 0
73725 2
73726 2
73727 0
73728 0
73729 0
73730 7
73731 0
73732 2
73733 0
73734 2
73735 2
73736 11
73737 0
73738 0
73739 0
73740 0
73741 0
73742 0
73743 0
73744 0
73745 0
73746 3
73747 0
73748 2
73749 0
73750 0
73751 3
73752 0
73753 0
73754 0
73755 0
73756 2
73757 3
73758 3
73759 0
73760 0
73761 3
73762 0
73763 0
73764 3
73765 2
73766 0
73767 0
73768 0
73769 0
73770 0
73771 0
73772 2
73773 2
73774 0
73775 0
73776 2
73777 2
73778 2
73779 0
73780 0
73781 3
73782 0
73783 2
73784 0
73785 0
73786 0
73787 2
73788 0
73789 0
73790 2
73791 0
73792 0
73793 0
73794 2
73795 0
73796 2
73797 2
73798 0
73799 7
73800 0
73801 0
73802 0
73803 0
73804 0
73805 0
73806 0
73807 0
73808 0
73809 0
73810 5
73811 0
73812 0
73813 0
73814 0
73815 3
73816 2
73817 0
73818 0
73819 11
73820 0
73821 0
73822 0
73823 2
73824 0
73825 0
73826 0
73827 0
73828 0
73829 0
73830 2
73831 0
73832 2
73833 0
73834 0
73835 0
73836 0
73837 0
73838 0
73839 0
73840 0
73841 3
73842 0
73843 8
73844 0
73845 0
73846 2
73847 0
73848 0
73849 3
73850 0
73851 0
73852 2
73853 0
73854 0
73855 0
73856 2
73857 0
73858 0
73859 0
73860 2
73861 0
73862 2
73863 3
73864 0
73865 0
73866 0
73867 2
73868 0
73869 7
73870 0
73871 0
73872 0
73873 0
73874 0
73875 9
73876 0
73877 2
73878 0
73879 0
73880 0
73881 0
73882 0
73883 0
73884 0
73885 0
73886 0
73887 2
73888 0
73889 0
73890 0
73891 0
73892 0
73893 3
73894 0
73895 0
73896 0
73897 0
73898 0
73899 0
73900 0
73901 0
73902 0
73903 0
73904 0
73905 0
73906 0
73907 8
73908 0
73909 7
73910 2
73911 3
73912 0
73913 0
73914 0
73915 0
73916 2
73917 0
73918 2
73919 2
73920 0
73921 0
73922 0
73923 0
73924 0
73925 0
73926 2
73927 0
73928 0
73929 0
73930 0
73931 0
73932 0
73933 2
73934 0
73935 2
73936 0
73937 2
73938 0
73939 0
73940 0
73941 0
73942 2
73943 0
73944 0
73945 2
73946 0
73947 0
73948 0
73949 0
73950 6
73951 0
73952 3
73953 2
73954 0
73955 0
73956 2
73957 0
73958 0
73959 0
73960 0
73961 0
73962 7
73963 2
73964 0
73965 2
73966 0
73967 0
73968 0
73969 2
73970 0
73971 2
73972 0
73973 2
73974 2
73975 0
73976 7
73977 0
73978 0
73979 2
73980 2
73981 2
73982 0
73983 2
73984 0
73985 0
73986 0
73987 2
73988 2
73989 0
73990 2
73991 7
73992 6
73993 0
73994 8
73995 0
73996 0
73997 0
73998 2
73999 0
74000 2
74001 0
74002 0
74003 0
74004 0
74005 0
74006 0
74007 0
74008 0
74009 2
74010 7
74011 3
74012 0
74013 0
74014 2
74015 0
74016 2
74017 0
74018 0
74019 0
74020 2
74021 0
74022 0
74023 0
74024 3
74025 6
74026 0
74027 0
74028 0
74029 0
74030 0
74031 0
74032 2
74033 2
74034 0
74035 2
74036 2
74037 0
74038 2
74039 0
74040 0
74041 0
74042 0
74043 2
74044 0
74045 3
74046 2
74047 0
74048 2
74049 0
74050 0
74051 0
74052 2
74053 0
74054 0
74055 0
74056 2
74057 0
74058 0
74059 0
74060 0
74061 0
74062 2
74063 0
74064 0
74065 0
74066 0
74067 2
74068 2
74069 0
74070 0
74071 2
74072 0
74073 3
74074 0
74075 2
74076 0
74077 2
74078 0
74079 2
74080 2
74081 2
74082 0
74083 2
74084 0
74085 2
74086 0
74087 0
74088 0
74089 2
74090 0
74091 0
74092 0
74093 0
74094 0
74095 2
74096 0
74097 0
74098 2
74099 0
74100 2
74101 0
74102 0
74103 0
74104 0
74105 2
74106 2
74107 2
74108 0
74109 0
74110 0
74111 2
74112 0
74113 2
74114 3
74115 0
74116 2
74117 0
74118 7
74119 0
74120 0
74121 0
74122 0
74123 0
74124 2
74125 0
74126 0
74127 0
74128 0
74129 3
74130 0
74131 0
74132 0
74133 0
74134 2
74135 0
74136 0
74137 2
74138 0
74139 6
74140 0
74141 0
74142 0
74143 2
74144 0
74145 0
74146 0
74147 0
74148 0
74149 2
74150 0
74151 2
74152 0
74153 2
74154 0
74155 2
74156 0
74157 0
74158 0
74159 0
74160 0
74161 0
74162 0
74163 0
74164 0
74165 0
74166 0
74167 0
74168 0
74169 0
74170 0
74171 2
74172 0
74173 0
74174 0
74175 0
74176 2
74177 0
74178 2
74179 2
74180 0
74181 0
74182 0
74183 0
74184 2
74185 0
74186 2
74187 3
74188 0
74189 0
74190 0
74191 2
74192 0
74193 0
74194 2
74195 0
74196 0
74197 0
74198 2
74199 0
74200 0
74201 0
74202 2
74203 7
74204 0
74205 2
74206 0
74207 2
74208 0
74209 0
74210 0
74211 12
74212 8
74213 8
74214 0
74215 10
74216 6
74217 0
74218 8
74219 12
74220 12
74221 2
74222 7
74223 7
74224 8
74225 8
74226 1
74227 0
74228 1
74229 1
74230 12
74231 1
74232 1
74233 2
74234 1
74235 5
74236 1
74237 1
74238 8
74239 12
74240 7
74241 1
74242 1
74243 1
74244 1
74245 1
74246 1
74247 1
74248 7
74249 1
74250 4
74251 1
74252 1
74253 1
74254 1
74255 1
74256 12
74257 1
74258 1
74259 1
74260 1
74261 12
74262 1
74263 1
74264 1
74265 1
74266 1
74267 12
74268 1
74269 1
74270 6
74271 1
74272 1
74273 1
74274 1
74275 1
74276 1
74277 1
74278 1
74279 1
74280 1
74281 1
74282 1
74283 1
74284 1
74285 10
74286 1
74287 1
74288 12
74289 11
74290 1
74291 1
74292 5
74293 1
74294 1
74295 6
74296 11
74297 12
74298 2
74299 3
74300 5
74301 0
74302 0
74303 0
74304 8
74305 0
74306 0
74307 2
74308 0
74309 1
74310 7
74311 12
74312 1
74313 1
74314 5
74315 12
74316 0
74317 1
74318 1
74319 1
74320 2
74321 1
74322 12
74323 12
74324 1
74325 14
74326 12
74327 1
74328 5
74329 12
74330 1
74331 1
74332 10
74333 1
74334 1
74335 1
74336 12
74337 4
74338 1
74339 12
74340 5
74341 1
74342 12
74343 0
74344 12
74345 5
74346 5
74347 12
74348 12
74349 1
74350 12
74351 2
74352 12
74353 0
74354 1
74355 8
74356 8
74357 8
74358 3
74359 12
74360 1
74361 1
74362 1
74363 5
74364 14
74365 1
74366 0
74367 8
74368 7
74369 12
74370 7
74371 3
74372 5
74373 9
74374 12
74375 1
74376 2
74377 0
74378 7
74379 14
74380 8
74381 3
74382 3
74383 0
74384 3
74385 7
74386 2
74387 0
74388 0
74389 11
74390 0
74391 0
74392 0
74393 2
74394 2
74395 2
74396 6
74397 0
74398 1
74399 12
74400 12
74401 11
74402 12
74403 12
74404 1
74405 12
74406 1
74407 12
74408 12
74409 12
74410 12
74411 11
74412 0
74413 3
74414 0
74415 10
74416 6
74417 12
74418 1
74419 12
74420 1
74421 12
74422 12
74423 1
74424 12
74425 12
74426 12
74427 0
74428 12
74429 12
74430 12
74431 12
74432 6
74433 1
74434 12
74435 14
74436 7
74437 7
74438 12
74439 12
74440 12
74441 10
74442 10
74443 11
74444 12
74445 10
74446 6
74447 1
74448 12
74449 5
74450 12
74451 0
74452 12
74453 12
74454 11
74455 0
74456 1
74457 0
74458 12
74459 1
74460 1
74461 10
74462 10
74463 12
74464 12
74465 12
74466 1
74467 1
74468 12
74469 12
74470 12
74471 7
74472 12
74473 12
74474 12
74475 0
74476 14
74477 10
74478 6
74479 12
74480 5
74481 11
74482 6
74483 0
74484 14
74485 7
74486 7
74487 12
74488 2
74489 3
74490 3
74491 14
74492 7
74493 14
74494 3
74495 12
74496 2
74497 13
74498 11
74499 2
74500 9
74501 11
74502 14
74503 6
74504 11
74505 7
74506 7
74507 2
74508 12
74509 9
74510 8
74511 13
74512 2
74513 9
74514 2
74515 7
74516 4
74517 14
74518 14
74519 0
74520 14
74521 5
74522 3
74523 2
74524 12
74525 12
74526 1
74527 12
74528 7
74529 5
74530 12
74531 3
74532 3
74533 7
74534 6
74535 6
74536 2
74537 8
74538 13
74539 11
74540 3
74541 4
74542 2
74543 8
74544 1
74545 11
74546 4
74547 14
74548 11
74549 5
74550 9
74551 6
74552 10
74553 11
74554 2
74555 7
74556 3
74557 9
74558 6
74559 14
74560 14
74561 2
74562 6
74563 2
74564 10
74565 6
74566 10
74567 2
74568 14
74569 11
74570 12
74571 3
74572 8
74573 9
74574 13
74575 3
74576 6
74577 7
74578 8
74579 6
74580 7
74581 12
74582 8
74583 9
74584 6
74585 0
74586 12
74587 12
74588 7
74589 1
74590 1
74591 1
74592 14
74593 12
74594 12
74595 12
74596 5
74597 6
74598 3
74599 10
74600 6
74601 11
74602 12
74603 1
74604 5
74605 6
74606 1
74607 11
74608 4
74609 11
74610 12
74611 12
74612 8
74613 8
74614 12
74615 12
74616 12
74617 1
74618 1
74619 12
74620 10
74621 14
74622 1
74623 10
74624 5
74625 7
74626 12
74627 11
74628 11
74629 12
74630 8
74631 2
74632 3
74633 7
74634 13
74635 2
74636 8
74637 7
74638 7
74639 11
74640 9
74641 5
74642 5
74643 8
74644 5
74645 12
74646 1
74647 12
74648 11
74649 12
74650 10
74651 10
74652 12
74653 1
74654 5
74655 3
74656 5
74657 5
74658 12
74659 5
74660 8
74661 5
74662 10
74663 4
74664 12
74665 7
74666 1
74667 11
74668 3
74669 11
74670 2
74671 2
74672 7
74673 12
74674 0
74675 3
74676 12
74677 0
74678 1
74679 12
74680 6
74681 12
74682 5
74683 5
74684 6
74685 11
74686 12
74687 12
74688 14
74689 1
74690 12
74691 10
74692 12
74693 6
74694 1
74695 2
74696 12
74697 1
74698 10
74699 7
74700 7
74701 2
74702 3
74703 8
74704 2
74705 5
74706 2
74707 2
74708 5
74709 2
74710 6
74711 5
74712 6
74713 4
74714 2
74715 6
74716 8
74717 8
74718 2
74719 13
74720 9
74721 6
74722 8
74723 11
74724 3
74725 12
74726 6
74727 3
74728 7
74729 8
74730 11
74731 2
74732 2
74733 14
74734 2
74735 10
74736 2
74737 4
74738 14
74739 11
74740 2
74741 9
74742 12
74743 8
74744 2
74745 11
74746 3
74747 0
74748 14
74749 2
74750 9
74751 9
74752 14
74753 11
74754 8
74755 8
74756 3
74757 0
74758 5
74759 14
74760 7
74761 2
74762 7
74763 7
74764 10
74765 4
74766 9
74767 14
74768 6
74769 4
74770 2
74771 8
74772 3
74773 3
74774 8
74775 7
74776 2
74777 1
74778 6
74779 5
74780 7
74781 14
74782 2
74783 12
74784 3
74785 2
74786 14
74787 11
74788 4
74789 10
74790 9
74791 13
74792 7
74793 12
74794 14
74795 14
74796 3
74797 11
74798 3
74799 8
74800 1
74801 7
74802 6
74803 8
74804 9
74805 2
74806 3
74807 11
74808 3
74809 12
74810 12
74811 0
74812 3
74813 1
74814 12
74815 12
74816 1
74817 12
74818 1
74819 12
74820 12
74821 12
74822 12
74823 7
74824 11
74825 6
74826 5
74827 12
74828 1
74829 13
74830 1
74831 14
74832 12
74833 12
74834 1
74835 1
74836 1
74837 12
74838 1
74839 10
74840 1
74841 12
74842 12
74843 12
74844 12
74845 1
74846 14
74847 6
74848 1
74849 1
74850 1
74851 1
74852 1
74853 1
74854 12
74855 6
74856 1
74857 14
74858 11
74859 7
74860 14
74861 4
74862 12
74863 12
74864 10
74865 12
74866 12
74867 3
74868 12
74869 10
74870 14
74871 12
74872 7
74873 6
74874 11
74875 4
74876 2
74877 13
74878 1
74879 12
74880 1
74881 10
74882 0
74883 1
74884 1
74885 2
74886 6
74887 1
74888 12
74889 12
74890 1
74891 10
74892 1
74893 1
74894 12
74895 10
74896 1
74897 1
74898 1
74899 1
74900 1
74901 1
74902 1
74903 1
74904 1
74905 14
74906 1
74907 1
74908 10
74909 1
74910 14
74911 6
74912 0
74913 9
74914 1
74915 1
74916 1
74917 12
74918 1
74919 12
74920 12
74921 10
74922 1
74923 12
74924 1
74925 12
74926 1
74927 1
74928 5
74929 5
74930 3
74931 8
74932 1
74933 1
74934 1
74935 1
74936 1
74937 1
74938 1
74939 12
74940 1
74941 1
74942 1
74943 1
74944 1
74945 1
74946 1
74947 12
74948 1
74949 8
74950 1
74951 10
74952 1
74953 1
74954 14
74955 6
74956 1
74957 1
74958 1
74959 12
74960 9
74961 9
74962 9
74963 14
74964 2
74965 1
74966 4
74967 10
74968 6
74969 1
74970 13
74971 6
74972 11
74973 4
74974 11
74975 4
74976 9
74977 12
74978 1
74979 1
74980 1
74981 12
74982 14
74983 1
74984 1
74985 1
74986 5
74987 9
74988 8
74989 2
74990 2
74991 12
74992 1
74993 10
74994 5
74995 6
74996 11
74997 5
74998 7
74999 11
75000 2
75001 7
75002 6
75003 13
75004 11
75005 2
75006 6
75007 3
75008 9
75009 2
75010 13
75011 7
75012 6
75013 8
75014 9
75015 2
75016 9
75017 7
75018 2
75019 7
75020 6
75021 8
75022 10
75023 2
75024 3
75025 12
75026 4
75027 7
75028 0
75029 9
75030 8
75031 2
75032 13
75033 2
75034 5
75035 6
75036 8
75037 2
75038 8
75039 8
75040 0
75041 13
75042 2
75043 11
75044 14
75045 7
75046 3
75047 8
75048 2
75049 7
75050 11
75051 9
75052 7
75053 14
75054 4
75055 4
75056 4
75057 2
75058 13
75059 2
75060 9
75061 8
75062 11
75063 12
75064 11
75065 2
75066 10
75067 3
75068 2
75069 8
75070 2
75071 14
75072 5
75073 12
75074 12
75075 2
75076 6
75077 10
75078 12
75079 1
75080 1
75081 1
75082 12
75083 4
75084 4
75085 6
75086 6
75087 0
75088 12
75089 3
75090 14
75091 1
75092 7
75093 6
75094 14
75095 7
75096 10
75097 6
75098 6
75099 6
75100 6
75101 4
75102 7
75103 3
75104 6
75105 7
75106 10
75107 10
75108 10
75109 12
75110 4
75111 8
75112 2
75113 11
75114 4
75115 8
75116 9
75117 12
75118 10
75119 13
75120 7
75121 7
75122 7
75123 6
75124 14
75125 12
75126 1
75127 11
75128 1
75129 14
75130 10
75131 7
75132 12
75133 10
75134 12
75135 3
75136 12
75137 5
75138 12
75139 14
75140 8
75141 12
75142 12
75143 12
75144 10
75145 11
75146 2
75147 2
75148 0
75149 2
75150 4
75151 7
75152 3
75153 7
75154 8
75155 2
75156 7
75157 12
75158 7
75159 1
75160 1
75161 3
75162 5
75163 2
75164 6
75165 0
75166 3
75167 2
75168 8
75169 7
75170 3
75171 11
75172 3
75173 2
75174 3
75175 11
75176 6
75177 5
75178 7
75179 2
75180 11
75181 12
75182 7
75183 2
75184 8
75185 3
75186 12
75187 13
75188 2
75189 10
75190 8
75191 4
75192 7
75193 8
75194 5
75195 3
75196 5
75197 12
75198 3
75199 3
75200 12
75201 10
75202 10
75203 10
75204 12
75205 10
75206 11
75207 5
75208 0
75209 0
75210 7
75211 2
75212 8
75213 10
75214 14
75215 8
75216 12
75217 2
75218 5
75219 3
75220 2
75221 11
75222 9
75223 7
75224 7
75225 9
75226 7
75227 7
75228 7
75229 5
75230 11
75231 11
75232 13
75233 8
75234 4
75235 5
75236 9
75237 5
75238 1
75239 13
75240 14
75241 8
75242 5
75243 7
75244 5
75245 7
75246 10
75247 3
75248 5
75249 14
75250 10
75251 7
75252 7
75253 2
75254 2
75255 7
75256 14
75257 7
75258 6
75259 2
75260 5
75261 11
75262 5
75263 8
75264 8
75265 7
75266 0
75267 9
75268 13
75269 2
75270 8
75271 11
75272 3
75273 5
75274 7
75275 2
75276 2
75277 2
75278 13
75279 13
75280 6
75281 9
75282 0
75283 9
75284 9
75285 7
75286 2
75287 14
75288 3
75289 2
75290 7
75291 2
75292 4
75293 5
75294 7
75295 7
75296 7
75297 8
75298 3
75299 11
75300 5
75301 2
75302 2
75303 7
75304 7
75305 11
75306 2
75307 7
75308 2
75309 3
75310 11
75311 9
75312 8
75313 7
75314 5
75315 4
75316 2
75317 3
75318 2
75319 2
75320 13
75321 7
75322 2
75323 4
75324 2
75325 7
75326 3
75327 3
75328 11
75329 2
75330 14
75331 10
75332 5
75333 14
75334 2
75335 3
75336 8
75337 7
75338 6
75339 2
75340 4
75341 11
75342 8
75343 7
75344 8
75345 9
75346 13
75347 6
75348 1
75349 8
75350 4
75351 4
75352 9
75353 8
75354 2
75355 14
75356 3
75357 14
75358 7
75359 7
75360 2
75361 8
75362 7
75363 4
75364 14
75365 12
75366 4
75367 3
75368 4
75369 2
75370 2
75371 4
75372 4
75373 4
75374 2
75375 8
75376 7
75377 7
75378 2
75379 2
75380 7
75381 9
75382 3
75383 7
75384 2
75385 10
75386 7
75387 3
75388 7
75389 5
75390 3
75391 4
75392 13
75393 13
75394 9
75395 13
75396 14
75397 14
75398 1
75399 1
75400 6
75401 1
75402 1
75403 1
75404 6
75405 6
75406 1
75407 1
75408 1
75409 1
75410 1
75411 1
75412 1
75413 7
75414 1
75415 1
75416 1
75417 1
75418 1
75419 1
75420 1
75421 1
75422 1
75423 12
75424 1
75425 1
75426 1
75427 1
75428 1
75429 14
75430 0
75431 5
75432 8
75433 4
75434 7
75435 8
75436 7
75437 2
75438 2
75439 5
75440 9
75441 8
75442 9
75443 13
75444 10
75445 3
75446 13
75447 9
75448 7
75449 9
75450 1
75451 1
75452 14
75453 1
75454 1
75455 1
75456 1
75457 1
75458 1
75459 12
75460 1
75461 1
75462 1
75463 1
75464 12
75465 0
75466 1
75467 1
75468 12
75469 1
75470 1
75471 1
75472 1
75473 1
75474 1
75475 1
75476 1
75477 12
75478 1
75479 1
75480 1
75481 3
75482 13
75483 4
75484 1
75485 7
75486 12
75487 2
75488 9
75489 5
75490 12
75491 4
75492 9
75493 2
75494 9
75495 7
75496 11
75497 14
75498 6
75499 13
75500 7
75501 2
75502 1
75503 9
75504 10
75505 10
75506 6
75507 14
75508 9
75509 10
75510 13
75511 13
75512 3
75513 9
75514 13
75515 13
75516 4
75517 9
75518 5
75519 7
75520 4
75521 4
75522 12
75523 6
75524 1
75525 13
75526 1
75527 6
75528 3
75529 9
75530 5
75531 9
75532 13
75533 13
75534 4
75535 7
75536 5
75537 4
75538 4
75539 5
75540 9
75541 2
75542 6
75543 6
75544 14
75545 8
75546 11
75547 12
75548 7
75549 1
75550 12
75551 3
75552 1
75553 8
75554 2
75555 7
75556 8
75557 6
75558 8
75559 7
75560 7
75561 4
75562 5
75563 11
75564 8
75565 0
75566 3
75567 3
75568 13
75569 12
75570 1
75571 1
75572 7
75573 1
75574 7
75575 6
75576 1
75577 12
75578 3
75579 3
75580 6
75581 3
75582 11
75583 2
75584 7
75585 8
75586 2
75587 5
75588 6
75589 7
75590 0
75591 5
75592 7
75593 6
75594 6
75595 8
75596 10
75597 7
75598 9
75599 11
75600 9
75601 5
75602 6
75603 2
75604 0
75605 14
75606 5
75607 8
75608 6
75609 1
75610 0
75611 0
75612 7
75613 5
75614 14
75615 3
75616 12
75617 6
75618 8
75619 6
75620 0
75621 8
75622 14
75623 5
75624 11
75625 7
75626 0
75627 10
75628 8
75629 6
75630 6
75631 8
75632 11
75633 6
75634 10
75635 10
75636 14
75637 5
75638 11
75639 0
75640 5
75641 7
75642 8
75643 4
75644 7
75645 7
75646 7
75647 13
75648 12
75649 6
75650 1
75651 12
75652 5
75653 0
75654 6
75655 3
75656 14
75657 14
75658 11
75659 7
75660 13
75661 4
75662 7
75663 12
75664 12
75665 8
75666 4
75667 12
75668 10
75669 11
75670 7
75671 13
75672 9
75673 1
75674 12
75675 4
75676 9
75677 7
75678 8
75679 4
75680 1
75681 14
75682 12
75683 0
75684 6
75685 1
75686 14
75687 11
75688 6
75689 6
75690 1
75691 1
75692 11
75693 0
75694 12
75695 6
75696 10
75697 0
75698 5
75699 14
75700 1
75701 1
75702 1
75703 1
75704 1
75705 1
75706 1
75707 1
75708 1
75709 10
75710 5
75711 1
75712 1
75713 7
75714 1
75715 1
75716 10
75717 10
75718 12
75719 1
75720 1
75721 1
75722 1
75723 1
75724 1
75725 1
75726 1
75727 1
75728 1
75729 1
75730 5
75731 1
75732 10
75733 9
75734 1
75735 4
75736 9
75737 13
75738 4
75739 3
75740 9
75741 5
75742 11
75743 7
75744 6
75745 11
75746 4
75747 10
75748 9
75749 2
75750 0
75751 13
75752 13
75753 13
75754 13
75755 2
75756 3
75757 11
75758 2
75759 13
75760 7
75761 13
75762 1
75763 1
75764 1
75765 1
75766 1
75767 1
75768 1
75769 6
75770 9
75771 13
75772 13
75773 1
75774 4
75775 9
75776 2
75777 7
75778 1
75779 11
75780 9
75781 13
75782 12
75783 0
75784 2
75785 13
75786 11
75787 8
75788 13
75789 9
75790 9
75791 5
75792 5
75793 4
75794 13
75795 7
75796 4
75797 13
75798 13
75799 2
75800 13
75801 13
75802 11
75803 4
75804 14
75805 14
75806 8
75807 10
75808 13
75809 11
75810 2
75811 2
75812 12
75813 0
75814 6
75815 0
75816 5
75817 13
75818 9
75819 13
75820 10
75821 7
75822 11
75823 9
75824 9
75825 12
75826 7
75827 11
75828 2
75829 2
75830 12
75831 14
75832 10
75833 7
75834 11
75835 3
75836 6
75837 3
75838 1
75839 2
75840 11
75841 10
75842 11
75843 11
75844 2
75845 7
75846 2
75847 7
75848 13
75849 13
75850 9
75851 4
75852 2
75853 10
75854 14
75855 12
75856 3
75857 7
75858 2
75859 12
75860 10
75861 13
75862 6
75863 10
75864 9
75865 8
75866 0
75867 4
75868 12
75869 7
75870 3
75871 0
75872 9
75873 9
75874 4
75875 4
75876 10
75877 0
75878 12
75879 11
75880 4
75881 3
75882 7
75883 10
75884 10
75885 5
75886 3
75887 13
75888 13
75889 13
75890 14
75891 13
75892 3
75893 5
75894 5
75895 11
75896 13
75897 5
75898 13
75899 13
75900 6
75901 14
75902 4
75903 13
75904 9
75905 13
75906 4
75907 5
75908 6
75909 14
75910 9
75911 9
75912 4
75913 4
75914 4
75915 3
75916 10
75917 11
75918 13
75919 3
75920 11
75921 13
75922 13
75923 8
75924 7
75925 13
75926 9
75927 13
75928 6
75929 8
75930 5
75931 3
75932 5
75933 11
75934 6
75935 9
75936 14
75937 13
75938 13
75939 7
75940 13
75941 9
75942 11
75943 13
75944 7
75945 10
75946 6
75947 10
75948 9
75949 9
75950 9
75951 8
75952 5
75953 8
75954 7
75955 8
75956 9
75957 11
75958 14
75959 7
75960 13
75961 4
75962 11
75963 3
75964 5
75965 0
75966 0
75967 2
75968 2
75969 7
75970 2
75971 14
75972 6
75973 4
75974 7
75975 4
75976 11
75977 5
75978 4
75979 2
75980 4
75981 4
75982 11
75983 4
75984 7
75985 5
75986 7
75987 5
75988 10
75989 4
75990 9
75991 13
75992 4
75993 3
75994 11
75995 8
75996 5
75997 10
75998 9
75999 3
76000 13
76001 9
76002 9
76003 10
76004 3
76005 4
76006 10
76007 4
76008 14
76009 4
76010 4
76011 13
76012 3
76013 9
76014 3
76015 13
76016 5
76017 7
76018 2
76019 10
76020 14
76021 10
76022 2
76023 3
76024 7
76025 13
76026 10
76027 10
76028 9
76029 4
76030 9
76031 4
76032 6
76033 2
76034 11
76035 3
76036 11
76037 9
76038 11
76039 8
76040 5
76041 11
76042 13
76043 2
76044 8
76045 13
76046 5
76047 13
76048 9
76049 11
76050 10
76051 7
76052 4
76053 9
76054 13
76055 14
76056 2
76057 13
76058 14
76059 5
76060 4
76061 4
76062 3
76063 13
76064 5
76065 2
76066 9
76067 3
76068 2
76069 2
76070 5
76071 11
76072 8
76073 10
76074 13
76075 2
76076 4
76077 9
76078 4
76079 4
76080 8
76081 14
76082 9
76083 13
76084 4
76085 10
76086 13
76087 9
76088 6
76089 6
76090 13
76091 10
76092 0
76093 13
76094 13
76095 14
76096 12
76097 10
76098 9
76099 12
76100 3
76101 4
76102 13
76103 13
76104 10
76105 4
76106 4
76107 13
76108 8
76109 6
76110 4
76111 10
76112 14
76113 5
76114 11
76115 12
76116 4
76117 14
76118 12
76119 13
76120 13
76121 13
76122 14
76123 5
76124 4
76125 11
76126 14
76127 5
76128 11
76129 10
76130 13
76131 7
76132 13
76133 14
76134 9
76135 10
76136 14
76137 13
76138 6
76139 8
76140 7
76141 13
76142 11
76143 3
76144 13
76145 8
76146 3
76147 5
76148 5
76149 8
76150 5
76151 12
76152 8
76153 7
76154 12
76155 4
76156 7
76157 0
76158 7
76159 12
76160 3
76161 12
76162 0
76163 7
76164 8
76165 8
76166 0
76167 3
76168 12
76169 8
76170 12
76171 13
76172 12
76173 2
76174 11
76175 10
76176 2
76177 6
76178 14
76179 10
76180 6
76181 3
76182 12
76183 11
76184 0
76185 4
76186 2
76187 3
76188 8
76189 2
76190 9
76191 8
76192 2
76193 7
76194 10
76195 5
76196 12
76197 7
76198 14
76199 13
76200 14
76201 6
76202 4
76203 7
76204 6
76205 6
76206 11
76207 7
76208 12
76209 3
76210 12
76211 8
76212 2
76213 6
76214 14
76215 0
76216 6
76217 6
76218 2
76219 7
76220 6
76221 3
76222 2
76223 12
76224 7
76225 2
76226 7
76227 10
76228 6
76229 9
76230 7
76231 3
76232 1
76233 5
76234 7
76235 7
76236 10
76237 6
76238 5
76239 2
76240 5
76241 9
76242 11
76243 9
76244 7
76245 6
76246 11
76247 14
76248 0
76249 4
76250 2
76251 12
76252 3
76253 11
76254 0
76255 11
76256 11
76257 14
76258 7
76259 12
76260 3
76261 5
76262 7
76263 5
76264 3
76265 11
76266 6
76267 4
76268 3
76269 10
76270 5
76271 11
76272 8
76273 13
76274 8
76275 11
76276 3
76277 12
76278 0
76279 8
76280 3
76281 8
76282 2
76283 8
76284 6
76285 8
76286 5
76287 4
76288 7
76289 12
76290 14
76291 14
76292 4
76293 3
76294 3
76295 11
76296 5
76297 12
76298 13
76299 14
76300 3
76301 3
76302 11
76303 11
76304 12
76305 5
76306 10
76307 11
76308 5
76309 11
76310 14
76311 13
76312 12
76313 8
76314 10
76315 5
76316 10
76317 2
76318 12
76319 12
76320 8
76321 10
76322 7
76323 11
76324 5
76325 11
76326 3
76327 12
76328 11
76329 0
76330 6
76331 5
76332 3
76333 5
76334 2
76335 8
76336 8
76337 14
76338 2
76339 3
76340 4
76341 3
76342 6
76343 9
76344 8
76345 8
76346 5
76347 13
76348 14
76349 2
76350 11
76351 5
76352 10
76353 7
76354 4
76355 4
76356 2
76357 7
76358 6
76359 4
76360 5
76361 14
76362 3
76363 2
76364 10
76365 11
76366 4
76367 3
76368 2
76369 5
76370 2
76371 5
76372 8
76373 5
76374 11
76375 7
76376 5
76377 5
76378 3
76379 0
76380 4
76381 2
76382 5
76383 10
76384 14
76385 5
76386 12
76387 0
76388 14
76389 5
76390 5
76391 13
76392 4
76393 3
76394 6
76395 11
76396 8
76397 3
76398 5
76399 11
76400 3
76401 13
76402 10
76403 11
76404 14
76405 4
76406 10
76407 11
76408 11
76409 2
76410 11
76411 14
76412 11
76413 9
76414 14
76415 7
76416 8
76417 10
76418 12
76419 14
76420 9
76421 0
76422 10
76423 7
76424 11
76425 0
76426 12
76427 7
76428 2
76429 13
76430 7
76431 2
76432 11
76433 14
76434 7
76435 2
76436 11
76437 11
76438 11
76439 14
76440 14
76441 3
76442 8
76443 14
76444 8
76445 5
76446 3
76447 8
76448 11
76449 9
76450 12
76451 0
76452 11
76453 8
76454 5
76455 3
76456 14
76457 2
76458 13
76459 2
76460 7
76461 6
76462 8
76463 11
76464 3
76465 5
76466 3
76467 10
76468 8
76469 11
76470 0
76471 8
76472 11
76473 11
76474 11
76475 9
76476 4
76477 9
76478 11
76479 8
76480 2
76481 7
76482 8
76483 7
76484 9
76485 14
76486 14
76487 6
76488 2
76489 8
76490 14
76491 8
76492 5
76493 5
76494 11
76495 14
76496 13
76497 5
76498 14
76499 9
76500 4
76501 13
76502 6
76503 10
76504 3
76505 9
76506 8
76507 3
76508 6
76509 11
76510 6
76511 6
76512 5
76513 13
76514 8
76515 0
76516 6
76517 9
76518 13
76519 13
76520 2
76521 10
76522 11
76523 14
76524 11
76525 3
76526 5
76527 12
76528 4
76529 9
76530 3
76531 3
76532 4
76533 13
76534 9
76535 12
76536 5
76537 5
76538 2
76539 9
76540 14
76541 14
76542 3
76543 5
76544 5
76545 5
76546 6
76547 11
76548 5
76549 4
76550 11
76551 4
76552 10
76553 5
76554 14
76555 11
76556 11
76557 8
76558 14
76559 5
76560 8
76561 14
76562 11
76563 7
76564 4
76565 14
76566 9
76567 5
76568 13
76569 8
76570 11
76571 12
76572 2
76573 13
76574 3
76575 4
76576 3
76577 9
76578 3
76579 13
76580 8
76581 4
76582 2
76583 3
76584 11
76585 5
76586 14
76587 10
76588 13
76589 4
76590 4
76591 3
76592 13
76593 2
76594 7
76595 7
76596 2
76597 4
76598 2
76599 4
76600 5
76601 7
76602 8
76603 5
76604 7
76605 11
76606 2
76607 8
76608 7
76609 3
76610 3
76611 3
76612 9
76613 5
76614 6
76615 12
76616 6
76617 2
76618 0
76619 6
76620 2
76621 8
76622 7
76623 3
76624 0
76625 12
76626 6
76627 8
76628 12
76629 8
76630 12
76631 7
76632 0
76633 7
76634 6
76635 12
76636 12
76637 2
76638 12
76639 10
76640 1
76641 7
76642 8
76643 14
76644 11
76645 12
76646 3
76647 12
76648 14
76649 12
76650 11
76651 7
76652 8
76653 12
76654 2
76655 12
76656 8
76657 7
76658 0
76659 10
76660 12
76661 3
76662 3
76663 10
76664 8
76665 14
76666 14
76667 14
76668 8
76669 10
76670 12
76671 10
76672 2
76673 7
76674 12
76675 6
76676 2
76677 12
76678 4
76679 8
76680 3
76681 12
76682 10
76683 2
76684 8
76685 6
76686 12
76687 6
76688 10
76689 5
76690 11
76691 7
76692 1
76693 7
76694 1
76695 7
76696 12
76697 2
76698 12
76699 5
76700 3
76701 3
76702 6
76703 3
76704 6
76705 12
76706 6
76707 2
76708 10
76709 10
76710 2
76711 9
76712 9
76713 13
76714 13
76715 13
76716 10
76717 13
76718 14
76719 9
76720 3
76721 13
76722 9
76723 13
76724 9
76725 9
76726 9
76727 9
76728 9
76729 13
76730 9
76731 10
76732 13
76733 9
76734 9
76735 5
76736 4
76737 8
76738 9
76739 9
76740 8
76741 13
76742 9
76743 9
76744 9
76745 9
76746 5
76747 11
76748 3
76749 13
76750 9
76751 9
76752 9
76753 8
76754 9
76755 4
76756 13
76757 7
76758 3
76759 8
76760 6
76761 9
76762 9
76763 13
76764 13
76765 9
76766 2
76767 10
76768 9
76769 13
76770 9
76771 9
76772 13
76773 10
76774 9
76775 2
76776 9
76777 13
76778 8
76779 8
76780 10
76781 6
76782 9
76783 9
76784 4
76785 7
76786 13
76787 14
76788 6
76789 4
76790 9
76791 8
76792 9
76793 9
76794 9
76795 8
76796 2
76797 9
76798 9
76799 9
76800 13
76801 9
76802 5
76803 9
76804 14
76805 9
76806 1
76807 4
76808 9
76809 13
76810 13
76811 13
76812 13
76813 13
76814 9
76815 14
76816 4
76817 9
76818 1
76819 9
76820 9
76821 9
76822 9
76823 9
76824 9
76825 10
76826 5
76827 9
76828 9
76829 13
76830 13
76831 9
76832 8
76833 14
76834 9
76835 3
76836 2
76837 7
76838 3
76839 10
76840 3
76841 8
76842 2
76843 11
76844 9
76845 2
76846 9
76847 3
76848 10
76849 8
76850 5
76851 9
76852 13
76853 13
76854 4
76855 13
76856 5
76857 13
76858 10
76859 10
76860 13
76861 13
76862 10
76863 13
76864 5
76865 13
76866 13
76867 9
76868 9
76869 9
76870 11
76871 8
76872 9
76873 7
76874 9
76875 9
76876 9
76877 9
76878 9
76879 14
76880 13
76881 13
76882 4
76883 14
76884 13
76885 13
76886 13
76887 9
76888 8
76889 11
76890 10
76891 8
76892 9
76893 9
76894 8
76895 9
76896 10
76897 2
76898 6
76899 13
76900 6
76901 13
76902 13
76903 9
76904 13
76905 14
76906 9
76907 14
76908 2
76909 14
76910 14
76911 9
76912 9
76913 9
76914 13
76915 9
76916 9
76917 9
76918 9
76919 13
76920 8
76921 9
76922 4
76923 5
76924 13
76925 12
76926 13
76927 13
76928 8
76929 11
76930 3
76931 5
76932 11
76933 9
76934 10
76935 9
76936 12
76937 11
76938 14
76939 13
76940 7
76941 10
76942 9
76943 7
76944 9
76945 1
76946 1
76947 1
76948 1
76949 1
76950 1
76951 1
76952 1
76953 1
76954 1
76955 1
76956 0
76957 1
76958 1
76959 8
76960 1
76961 1
76962 1
76963 1
76964 1
76965 1
76966 1
76967 12
76968 1
76969 8
76970 1
76971 1
76972 8
76973 1
76974 1
76975 1
76976 1
76977 9
76978 11
76979 9
76980 9
76981 5
76982 14
76983 9
76984 5
76985 9
76986 14
76987 9
76988 8
76989 13
76990 13
76991 9
76992 13
76993 9
76994 11
76995 10
76996 13
76997 6
76998 13
76999 5
77000 7
77001 10
77002 13
77003 10
77004 9
77005 13
77006 13
77007 9
77008 9
77009 9
77010 6
77011 10
77012 13
77013 7
77014 9
77015 10
77016 9
77017 4
77018 14
77019 9
77020 9
77021 3
77022 13
77023 9
77024 14
77025 9
77026 13
77027 9
77028 9
77029 9
77030 10
77031 6
77032 11
77033 5
77034 13
77035 1
77036 9
77037 13
77038 9
77039 9
77040 5
77041 11
77042 9
77043 9
77044 9
77045 2
77046 3
77047 13
77048 13
77049 13
77050 9
77051 9
77052 9
77053 13
77054 9
77055 14
77056 9
77057 10
77058 12
77059 9
77060 9
77061 14
77062 4
77063 9
77064 13
77065 9
77066 11
77067 9
77068 3
77069 9
77070 9
77071 9
77072 9
77073 9
77074 9
77075 9
77076 13
77077 11
77078 9
77079 13
77080 11
77081 1
77082 3
77083 13
77084 3
77085 10
77086 10
77087 10
77088 14
77089 13
77090 8
77091 10
77092 12
77093 9
77094 4
77095 10
77096 4
77097 9
77098 4
77099 5
77100 13
77101 4
77102 9
77103 13
77104 4
77105 9
77106 13
77107 2
77108 2
77109 13
77110 13
77111 6
77112 9
77113 2
77114 13
77115 9
77116 13
77117 4
77118 13
77119 9
77120 9
77121 9
77122 14
77123 9
77124 13
77125 13
77126 4
77127 12
77128 10
77129 1
77130 2
77131 10
77132 9
77133 1
77134 13
77135 5
77136 7
77137 8
77138 9
77139 9
77140 13
77141 9
77142 7
77143 3
77144 8
77145 9
77146 13
77147 1
77148 3
77149 9
77150 10
77151 7
77152 13
77153 5
77154 4
77155 7
77156 13
77157 8
77158 13
77159 13
77160 9
77161 5
77162 4
77163 10
77164 13
77165 13
77166 2
77167 6
77168 9
77169 13
77170 5
77171 4
77172 13
77173 4
77174 13
77175 9
77176 13
77177 6
77178 13
77179 3
77180 13
77181 13
77182 1
77183 13
77184 13
77185 9
77186 13
77187 4
77188 9
77189 13
77190 9
77191 6
77192 9
77193 13
77194 4
77195 9
77196 13
77197 6
77198 4
77199 9
77200 11
77201 8
77202 10
77203 14
77204 6
77205 13
77206 9
77207 4
77208 13
77209 13
77210 9
77211 13
77212 14
77213 13
77214 1
77215 8
77216 9
77217 8
77218 14
77219 4
77220 13
77221 14
77222 7
77223 14
77224 9
77225 9
77226 3
77227 9
77228 4
77229 13
77230 4
77231 4
77232 9
77233 9
77234 13
77235 13
77236 11
77237 3
77238 13
77239 13
77240 9
77241 9
77242 13
77243 14
77244 4
77245 9
77246 4
77247 4
77248 8
77249 10
77250 13
77251 4
77252 8
77253 0
77254 5
77255 8
77256 3
77257 5
77258 4
77259 4
77260 13
77261 9
77262 6
77263 13
77264 8
77265 4
77266 4
77267 13
77268 9
77269 13
77270 13
77271 13
77272 13
77273 13
77274 13
77275 1
77276 7
77277 13
77278 9
77279 13
77280 4
77281 13
77282 10
77283 6
77284 1
77285 2
77286 8
77287 7
77288 8
77289 2
77290 6
77291 14
77292 4
77293 10
77294 13
77295 2
77296 8
77297 9
77298 14
77299 13
77300 7
77301 13
77302 10
77303 11
77304 14
77305 8
77306 6
77307 13
77308 10
77309 7
77310 8
77311 10
77312 13
77313 6
77314 13
77315 13
77316 9
77317 4
77318 5
77319 13
77320 13
77321 9
77322 9
77323 14
77324 9
77325 13
77326 9
77327 7
77328 13
77329 13
77330 9
77331 3
77332 9
77333 4
77334 3
77335 13
77336 2
77337 9
77338 3
77339 13
77340 13
77341 9
77342 4
77343 14
77344 4
77345 9
77346 3
77347 9
77348 9
77349 13
77350 11
77351 9
77352 6
77353 13
77354 4
77355 9
77356 4
77357 9
77358 10
77359 9
77360 4
77361 9
77362 9
77363 9
77364 10
77365 9
77366 9
77367 10
77368 4
77369 9
77370 9
77371 3
77372 6
77373 14
77374 14
77375 6
77376 14
77377 13
77378 6
77379 4
77380 3
77381 10
77382 11
77383 5
77384 13
77385 13
77386 5
77387 13
77388 13
77389 13
77390 4
77391 13
77392 13
77393 4
77394 4
77395 14
77396 4
77397 4
77398 13
77399 13
77400 13
77401 4
77402 13
77403 4
77404 13
77405 13
77406 4
77407 6
77408 13
77409 0
77410 13
77411 9
77412 13
77413 10
77414 8
77415 13
77416 5
77417 5
77418 11
77419 13
77420 13
77421 14
77422 6
77423 8
77424 4
77425 13
77426 0
77427 13
77428 13
77429 9
77430 0
77431 9
77432 13
77433 6
77434 13
77435 4
77436 10
77437 13
77438 4
77439 4
77440 7
77441 13
77442 13
77443 9
77444 13
77445 13
77446 9
77447 10
77448 8
77449 9
77450 4
77451 14
77452 6
77453 9
77454 9
77455 13
77456 4
77457 4
77458 10
77459 10
77460 4
77461 4
77462 6
77463 13
77464 4
77465 13
77466 0
77467 11
77468 4
77469 4
77470 13
77471 4
77472 13
77473 14
77474 4
77475 14
77476 0
77477 5
77478 8
77479 13
77480 6
77481 4
77482 13
77483 10
77484 13
77485 6
77486 2
77487 13
77488 13
77489 13
77490 13
77491 13
77492 13
77493 4
77494 4
77495 13
77496 9
77497 2
77498 4
77499 4
77500 9
77501 9
77502 4
77503 9
77504 13
77505 14
77506 13
77507 13
77508 8
77509 9
77510 10
77511 13
77512 13
77513 10
77514 13
77515 4
77516 4
77517 5
77518 4
77519 13
77520 0
77521 13
77522 6
77523 5
77524 4
77525 13
77526 4
77527 13
77528 13
77529 3
77530 4
77531 13
77532 4
77533 5
77534 13
77535 4
77536 13
77537 4
77538 9
77539 13
77540 13
77541 8
77542 3
77543 13
77544 13
77545 5
77546 9
77547 13
77548 14
77549 4
77550 4
77551 13
77552 13
77553 13
77554 10
77555 4
77556 6
77557 5
77558 3
77559 7
77560 6
77561 14
77562 9
77563 4
77564 4
77565 9
77566 13
77567 9
77568 13
77569 13
77570 13
77571 13
77572 4
77573 13
77574 13
77575 4
77576 11
77577 13
77578 13
77579 13
77580 13
77581 3
77582 4
77583 2
77584 6
77585 13
77586 9
77587 4
77588 4
77589 9
77590 13
77591 9
77592 4
77593 10
77594 4
77595 13
77596 3
77597 4
77598 9
77599 6
77600 9
77601 8
77602 9
77603 10
77604 11
77605 4
77606 9
77607 11
77608 4
77609 9
77610 13
77611 9
77612 13
77613 14
77614 4
77615 4
77616 4
77617 13
77618 7
77619 7
77620 4
77621 4
77622 13
77623 13
77624 9
77625 13
77626 2
77627 4
77628 13
77629 8
77630 13
77631 13
77632 8
77633 0
77634 4
77635 14
77636 4
77637 13
77638 13
77639 13
77640 5
77641 13
77642 13
77643 5
77644 13
77645 9
77646 4
77647 5
77648 13
77649 4
77650 13
77651 13
77652 4
77653 13
77654 13
77655 4
77656 12
77657 13
77658 14
77659 4
77660 13
77661 13
77662 4
77663 9
77664 4
77665 6
77666 13
77667 13
77668 4
77669 2
77670 4
77671 13
77672 13
77673 13
77674 13
77675 4
77676 13
77677 9
77678 13
77679 13
77680 4
77681 13
77682 0
77683 13
77684 13
77685 13
77686 13
77687 13
77688 4
77689 4
77690 13
77691 9
77692 4
77693 13
77694 4
77695 13
77696 4
77697 4
77698 4
77699 13
77700 4
77701 13
77702 7
77703 13
77704 13
77705 13
77706 8
77707 4
77708 13
77709 9
77710 13
77711 4
77712 9
77713 13
77714 9
77715 9
77716 6
77717 9
77718 4
77719 13
77720 9
77721 13
77722 6
77723 10
77724 0
77725 6
77726 13
77727 6
77728 13
77729 4
77730 12
77731 4
77732 13
77733 4
77734 13
77735 13
77736 5
77737 14
77738 4
77739 4
77740 10
77741 13
77742 13
77743 4
77744 9
77745 4
77746 5
77747 13
77748 4
77749 2
77750 9
77751 14
77752 2
77753 13
77754 13
77755 9
77756 13
77757 5
77758 4
77759 13
77760 4
77761 13
77762 4
77763 5
77764 9
77765 4
77766 5
77767 11
77768 9
77769 9
77770 10
77771 9
77772 9
77773 4
77774 9
77775 8
77776 4
77777 13
77778 9
77779 7
77780 7
77781 14
77782 4
77783 9
77784 9
77785 9
77786 13
77787 9
77788 13
77789 14
77790 4
77791 9
77792 13
77793 9
77794 13
77795 2
77796 13
77797 9
77798 9
77799 4
77800 13
77801 7
77802 9
77803 10
77804 10
77805 3
77806 10
77807 5
77808 10
77809 10
77810 8
77811 10
77812 2
77813 13
77814 7
77815 3
77816 13
77817 13
77818 6
77819 10
77820 4
77821 11
77822 11
77823 11
77824 12
77825 10
77826 6
77827 9
77828 9
77829 6
77830 8
77831 9
77832 9
77833 13
77834 13
77835 8
77836 4
77837 13
77838 13
77839 13
77840 14
77841 3
77842 9
77843 9
77844 6
77845 13
77846 4
77847 14
77848 10
77849 9
77850 13
77851 10
77852 10
77853 4
77854 9
77855 1
77856 6
77857 9
77858 14
77859 13
77860 5
77861 8
77862 9
77863 11
77864 12
77865 14
77866 9
77867 3
77868 10
77869 13
77870 14
77871 9
77872 9
77873 3
77874 1
77875 14
77876 10
77877 13
77878 9
77879 9
77880 13
77881 8
77882 9
77883 7
77884 3
77885 13
77886 9
77887 13
77888 13
77889 14
77890 4
77891 9
77892 13
77893 9
77894 4
77895 13
77896 5
77897 3
77898 13
77899 13
77900 13
77901 13
77902 9
77903 4
77904 4
77905 14
77906 4
77907 13
77908 4
77909 14
77910 9
77911 0
77912 11
77913 11
77914 9
77915 9
77916 13
77917 9
77918 14
77919 12
77920 10
77921 6
77922 4
77923 13
77924 4
77925 13
77926 8
77927 5
77928 3
77929 13
77930 3
77931 9
77932 13
77933 10
77934 4
77935 12
77936 13
77937 8
77938 5
77939 8
77940 9
77941 3
77942 8
77943 9
77944 14
77945 9
77946 13
77947 13
77948 1
77949 8
77950 9
77951 13
77952 7
77953 10
77954 13
77955 13
77956 9
77957 13
77958 14
77959 9
77960 9
77961 11
77962 13
77963 5
77964 4
77965 2
77966 9
77967 14
77968 4
77969 3
77970 14
77971 9
77972 13
77973 13
77974 8
77975 4
77976 14
77977 9
77978 9
77979 9
77980 13
77981 3
77982 9
77983 3
77984 9
77985 12
77986 13
77987 9
77988 13
77989 9
77990 8
77991 9
77992 9
77993 4
77994 12
77995 0
77996 14
77997 5
77998 9
77999 10
78000 7
78001 9
78002 11
78003 10
78004 13
78005 4
78006 13
78007 8
78008 13
78009 11
78010 14
78011 12
78012 13
78013 9
78014 9
78015 9
78016 9
78017 9
78018 9
78019 9
78020 9
78021 10
78022 9
78023 9
78024 13
78025 9
78026 9
78027 10
78028 5
78029 7
78030 7
78031 4
78032 4
78033 13
78034 5
78035 9
78036 4
78037 9
78038 9
78039 13
78040 13
78041 13
78042 10
78043 9
78044 13
78045 9
78046 9
78047 11
78048 13
78049 10
78050 9
78051 9
78052 4
78053 3
78054 13
78055 13
78056 13
78057 13
78058 9
78059 13
78060 9
78061 9
78062 9
78063 9
78064 4
78065 13
78066 12
78067 4
78068 3
78069 13
78070 14
78071 10
78072 1
78073 11
78074 9
78075 3
78076 9
78077 11
78078 0
78079 12
78080 7
78081 0
78082 10
78083 6
78084 11
78085 9
78086 13
78087 13
78088 10
78089 9
78090 14
78091 3
78092 9
78093 13
78094 2
78095 3
78096 9
78097 9
78098 4
78099 4
78100 9
78101 3
78102 7
78103 9
78104 13
78105 9
78106 10
78107 4
78108 4
78109 14
78110 9
78111 9
78112 14
78113 14
78114 9
78115 9
78116 9
78117 9
78118 9
78119 4
78120 9
78121 14
78122 10
78123 10
78124 13
78125 14
78126 2
78127 14
78128 9
78129 5
78130 6
78131 14
78132 13
78133 2
78134 2
78135 13
78136 9
78137 8
78138 8
78139 13
78140 13
78141 13
78142 13
78143 5
78144 4
78145 5
78146 14
78147 10
78148 6
78149 3
78150 9
78151 14
78152 1
78153 8
78154 9
78155 4
78156 9
78157 14
78158 9
78159 8
78160 9
78161 5
78162 9
78163 13
78164 13
78165 2
78166 13
78167 13
78168 13
78169 10
78170 1
78171 9
78172 13
78173 3
78174 4
78175 13
78176 12
78177 3
78178 9
78179 14
78180 8
78181 13
78182 10
78183 9
78184 2
78185 13
78186 8
78187 5
78188 9
78189 14
78190 9
78191 4
78192 11
78193 0
78194 4
78195 13
78196 13
78197 13
78198 4
78199 0
78200 4
78201 13
78202 8
78203 13
78204 11
78205 9
78206 4
78207 13
78208 13
78209 13
78210 4
78211 13
78212 8
78213 5
78214 4
78215 4
78216 13
78217 13
78218 5
78219 13
78220 9
78221 8
78222 9
78223 9
78224 4
78225 9
78226 9
78227 14
78228 9
78229 13
78230 7
78231 13
78232 13
78233 4
78234 4
78235 3
78236 4
78237 9
78238 10
78239 13
78240 6
78241 7
78242 4
78243 5
78244 5
78245 4
78246 8
78247 4
78248 13
78249 14
78250 4
78251 14
78252 10
78253 13
78254 4
78255 13
78256 13
78257 13
78258 5
78259 13
78260 13
78261 4
78262 4
78263 13
78264 13
78265 4
78266 4
78267 8
78268 13
78269 13
78270 9
78271 4
78272 14
78273 13
78274 13
78275 13
78276 13
78277 13
78278 13
78279 5
78280 4
78281 8
78282 6
78283 13
78284 4
78285 13
78286 6
78287 13
78288 3
78289 14
78290 13
78291 8
78292 4
78293 4
78294 5
78295 7
78296 5
78297 14
78298 10
78299 4
78300 5
78301 9
78302 4
78303 9
78304 13
78305 5
78306 10
78307 0
78308 9
78309 4
78310 9
78311 5
78312 4
78313 4
78314 3
78315 13
78316 13
78317 14
78318 4
78319 4
78320 12
78321 14
78322 13
78323 13
78324 10
78325 9
78326 13
78327 9
78328 5
78329 13
78330 3
78331 13
78332 8
78333 4
78334 4
78335 8
78336 13
78337 13
78338 13
78339 4
78340 2
78341 6
78342 6
78343 9
78344 10
78345 11
78346 13
78347 2
78348 14
78349 10
78350 9
78351 13
78352 2
78353 14
78354 14
78355 0
78356 5
78357 10
78358 4
78359 14
78360 9
78361 6
78362 6
78363 13
78364 2
78365 2
78366 3
78367 9
78368 3
78369 2
78370 2
78371 13
78372 9
78373 9
78374 9
78375 4
78376 13
78377 4
78378 8
78379 3
78380 11
78381 14
78382 4
78383 14
78384 14
78385 9
78386 11
78387 8
78388 7
78389 5
78390 2
78391 9
78392 9
78393 2
78394 4
78395 4
78396 2
78397 13
78398 3
78399 4
78400 5
78401 13
78402 13
78403 13
78404 10
78405 4
78406 7
78407 10
78408 13
78409 0
78410 13
78411 8
78412 13
78413 13
78414 4
78415 6
78416 6
78417 4
78418 14
78419 2
78420 0
78421 7
78422 2
78423 11
78424 4
78425 5
78426 2
78427 4
78428 5
78429 14
78430 1
78431 8
78432 7
78433 8
78434 4
78435 14
78436 8
78437 2
78438 1
78439 2
78440 1
78441 8
78442 1
78443 1
78444 12
78445 8
78446 8
78447 1
78448 0
78449 7
78450 8
78451 8
78452 3
78453 6
78454 3
78455 1
78456 0
78457 2
78458 1
78459 0
78460 8
78461 8
78462 1
78463 1
78464 12
78465 1
78466 1
78467 1
78468 1
78469 1
78470 1
78471 6
78472 1
78473 8
78474 8
78475 0
78476 1
78477 8
78478 1
78479 1
78480 8
78481 1
78482 3
78483 7
78484 1
78485 12
78486 1
78487 5
78488 1
78489 1
78490 1
78491 1
78492 1
78493 1
78494 1
78495 1
78496 1
78497 0
78498 1
78499 8
78500 8
78501 1
78502 12
78503 1
78504 1
78505 12
78506 7
78507 6
78508 0
78509 2
78510 8
78511 1
78512 1
78513 1
78514 5
78515 3
78516 3
78517 10
78518 1
78519 2
78520 1
78521 8
78522 1
78523 1
78524 1
78525 0
78526 1
78527 1
78528 1
78529 7
78530 1
78531 0
78532 12
78533 12
78534 12
78535 1
78536 1
78537 1
78538 1
78539 14
78540 1
78541 1
78542 12
78543 1
78544 1
78545 1
78546 0
78547 2
78548 1
78549 8
78550 1
78551 1
78552 1
78553 1
78554 1
78555 1
78556 1
78557 1
78558 1
78559 1
78560 1
78561 1
78562 1
78563 1
78564 1
78565 1
78566 1
78567 1
78568 11
78569 8
78570 1
78571 1
78572 1
78573 0
78574 1
78575 12
78576 1
78577 1
78578 1
78579 1
78580 1
78581 1
78582 1
78583 0
78584 1
78585 1
78586 0
78587 2
78588 2
78589 2
78590 6
78591 1
78592 7
78593 1
78594 12
78595 1
78596 1
78597 2
78598 1
78599 1
78600 8
78601 1
78602 1
78603 1
78604 1
78605 1
78606 1
78607 1
78608 1
78609 8
78610 0
78611 1
78612 1
78613 1
78614 1
78615 1
78616 1
78617 1
78618 1
78619 1
78620 1
78621 1
78622 1
78623 1
78624 1
78625 1
78626 1
78627 1
78628 1
78629 1
78630 1
78631 12
78632 2
78633 7
78634 1
78635 1
78636 0
78637 1
78638 1
78639 1
78640 1
78641 1
78642 1
78643 1
78644 1
78645 1
78646 1
78647 1
78648 1
78649 1
78650 1
78651 1
78652 1
78653 1
78654 8
78655 1
78656 6
78657 6
78658 1
78659 7
78660 3
78661 9
78662 3
78663 7
78664 2
78665 11
78666 7
78667 3
78668 13
78669 6
78670 2
78671 1
78672 1
78673 14
78674 14
78675 1
78676 1
78677 1
78678 1
78679 1
78680 1
78681 1
78682 1
78683 7
78684 1
78685 7
78686 4
78687 13
78688 4
78689 8
78690 2
78691 13
78692 6
78693 8
78694 1
78695 1
78696 1
78697 1
78698 1
78699 1
78700 1
78701 1
78702 1
78703 1
78704 1
78705 1
78706 1
78707 1
78708 1
78709 1
78710 1
78711 1
78712 1
78713 1
78714 1
78715 1
78716 1
78717 1
78718 1
78719 1
78720 1
78721 1
78722 1
78723 1
78724 1
78725 12
78726 1
78727 1
78728 1
78729 1
78730 1
78731 1
78732 1
78733 1
78734 6
78735 2
78736 1
78737 1
78738 1
78739 1
78740 1
78741 1
78742 1
78743 6
78744 1
78745 1
78746 1
78747 1
78748 1
78749 1
78750 1
78751 1
78752 1
78753 1
78754 1
78755 1
78756 1
78757 1
78758 1
78759 1
78760 1
78761 5
78762 1
78763 1
78764 1
78765 1
78766 1
78767 1
78768 1
78769 1
78770 10
78771 1
78772 1
78773 1
78774 1
78775 1
78776 1
78777 1
78778 1
78779 1
78780 7
78781 3
78782 1
78783 1
78784 1
78785 1
78786 1
78787 1
78788 8
78789 11
78790 1
78791 1
78792 1
78793 1
78794 4
78795 1
78796 9
78797 13
78798 12
78799 7
78800 5
78801 8
78802 10
78803 1
78804 1
78805 1
78806 1
78807 1
78808 1
78809 1
78810 1
78811 1
78812 1
78813 1
78814 10
78815 7
78816 3
78817 1
78818 1
78819 1
78820 1
78821 1
78822 3
78823 1
78824 1
78825 8
78826 1
78827 4
78828 9
78829 13
78830 9
78831 13
78832 11
78833 1
78834 9
78835 9
78836 1
78837 13
78838 9
78839 9
78840 9
78841 9
78842 1
78843 1
78844 1
78845 1
78846 1
78847 1
78848 1
78849 1
78850 1
78851 1
78852 7
78853 8
78854 7
78855 1
78856 1
78857 5
78858 1
78859 1
78860 1
78861 1
78862 1
78863 1
78864 1
78865 1
78866 1
78867 1
78868 1
78869 1
78870 1
78871 1
78872 1
78873 1
78874 1
78875 1
78876 7
78877 1
78878 8
78879 1
78880 1
78881 8
78882 13
78883 9
78884 11
78885 1
78886 1
78887 1
78888 1
78889 6
78890 1
78891 1
78892 8
78893 5
78894 1
78895 1
78896 1
78897 9
78898 1
78899 1
78900 1
78901 1
78902 3
78903 1
78904 1
78905 9
78906 11
78907 1
78908 7
78909 1
78910 1
78911 6
78912 9
78913 9
78914 12
78915 1
78916 7
78917 13
78918 1
78919 1
78920 1
78921 13
78922 4
78923 13
78924 13
78925 13
78926 9
78927 13
78928 4
78929 10
78930 9
78931 13
78932 9
78933 9
78934 3
78935 13
78936 9
78937 13
78938 5
78939 9
78940 13
78941 9
78942 10
78943 2
78944 10
78945 10
78946 11
78947 9
78948 9
78949 9
78950 2
78951 3
78952 2
78953 7
78954 4
78955 8
78956 2
78957 9
78958 2
78959 11
78960 8
78961 11
78962 2
78963 7
78964 0
78965 9
78966 9
78967 9
78968 9
78969 3
78970 3
78971 9
78972 9
78973 9
78974 4
78975 14
78976 7
78977 9
78978 2
78979 6
78980 14
78981 2
78982 9
78983 13
78984 2
78985 13
78986 3
78987 10
78988 8
78989 2
78990 11
78991 6
78992 2
78993 11
78994 14
78995 2
78996 5
78997 4
78998 2
78999 9
79000 13
79001 7
79002 9
79003 4
79004 4
79005 10
79006 13
79007 11
79008 3
79009 2
79010 11
79011 9
79012 9
79013 13
79014 12
79015 2
79016 13
79017 6
79018 11
79019 9
79020 3
79021 3
79022 4
79023 3
79024 11
79025 3
79026 9
79027 13
79028 9
79029 9
79030 7
79031 13
79032 9
79033 9
79034 9
79035 13
79036 9
79037 7
79038 10
79039 10
79040 13
79041 9
79042 1
79043 8
79044 1
79045 12
79046 1
79047 1
79048 1
79049 2
79050 1
79051 1
79052 1
79053 1
79054 1
79055 1
79056 1
79057 1
79058 1
79059 2
79060 1
79061 9
79062 1
79063 1
79064 1
79065 1
79066 1
79067 1
79068 1
79069 10
79070 3
79071 8
79072 9
79073 3
79074 12
79075 9
79076 7
79077 11
79078 3
79079 10
79080 4
79081 0
79082 8
79083 9
79084 3
79085 6
79086 10
79087 0
79088 5
79089 14
79090 6
79091 13
79092 10
79093 8
79094 10
79095 2
79096 3
79097 13
79098 14
79099 7
79100 4
79101 0
79102 5
79103 11
79104 4
79105 9
79106 9
79107 13
79108 10
79109 13
79110 13
79111 8
79112 14
79113 9
79114 13
79115 6
79116 14
79117 9
79118 14
79119 14
79120 13
79121 14
79122 4
79123 13
79124 6
79125 14
79126 13
79127 2
79128 6
79129 8
79130 9
79131 2
79132 3
79133 9
79134 13
79135 9
79136 10
79137 9
79138 14
79139 9
79140 3
79141 9
79142 9
79143 9
79144 4
79145 8
79146 3
79147 4
79148 13
79149 4
79150 2
79151 2
79152 6
79153 7
79154 10
79155 6
79156 10
79157 2
79158 12
79159 10
79160 6
79161 13
79162 2
79163 3
79164 2
79165 13
79166 13
79167 13
79168 5
79169 13
79170 14
79171 9
79172 13
79173 11
79174 9
79175 13
79176 9
79177 9
79178 13
79179 13
79180 11
79181 8
79182 9
79183 13
79184 8
79185 9
79186 13
79187 13
79188 9
79189 9
79190 13
79191 5
79192 5
79193 8
79194 13
79195 9
79196 9
79197 9
79198 13
79199 10
79200 6
79201 10
79202 5
79203 13
79204 10
79205 4
79206 13
79207 10
79208 9
79209 2
79210 13
79211 0
79212 0
79213 8
79214 8
79215 1
79216 1
79217 1
79218 1
79219 1
79220 1
79221 1
79222 8
79223 1
79224 1
79225 1
79226 1
79227 1
79228 1
79229 1
79230 1
79231 1
79232 9
79233 1
79234 1
79235 1
79236 1
79237 1
79238 8
79239 1
79240 8
79241 1
79242 1
79243 1
79244 1
79245 1
79246 1
79247 1
79248 1
79249 11
79250 1
79251 1
79252 4
79253 2
79254 8
79255 10
79256 1
79257 14
79258 1
79259 8
79260 12
79261 10
79262 1
79263 1
79264 8
79265 1
79266 9
79267 1
79268 1
79269 1
79270 10
79271 13
79272 9
79273 8
79274 2
79275 9
79276 1
79277 1
79278 1
79279 11
79280 2
79281 9
79282 1
79283 6
79284 9
79285 1
79286 1
79287 1
79288 1
79289 1
79290 1
79291 11
79292 8
79293 14
79294 1
79295 1
79296 1
79297 1
79298 1
79299 10
79300 8
79301 1
79302 10
79303 5
79304 1
79305 1
79306 10
79307 1
79308 1
79309 1
79310 1
79311 1
79312 1
79313 10
79314 12
79315 7
79316 11
79317 2
79318 2
79319 0
79320 8
79321 1
79322 1
79323 1
79324 1
79325 1
79326 0
79327 1
79328 8
79329 7
79330 1
79331 9
79332 9
79333 9
79334 14
79335 5
79336 2
79337 2
79338 10
79339 6
79340 11
79341 8
79342 1
79343 3
79344 8
79345 5
79346 9
79347 9
79348 7
79349 10
79350 2
79351 8
79352 2
79353 10
79354 14
79355 9
79356 14
79357 8
79358 14
79359 9
79360 14
79361 10
79362 4
79363 13
79364 13
79365 10
79366 10
79367 13
79368 7
79369 9
79370 9
79371 13
79372 9
79373 9
79374 13
79375 13
79376 13
79377 14
79378 2
79379 10
79380 8
79381 9
79382 2
79383 7
79384 10
79385 5
79386 3
79387 9
79388 13
79389 13
79390 9
79391 9
79392 0
79393 9
79394 4
79395 9
79396 14
79397 13
79398 9
79399 10
79400 14
79401 10
79402 9
79403 13
79404 2
79405 10
79406 10
79407 1
79408 6
79409 4
79410 9
79411 8
79412 14
79413 9
79414 13
79415 3
79416 11
79417 9
79418 8
79419 14
79420 14
79421 14
79422 5
79423 14
79424 3
79425 7
79426 10
79427 2
79428 10
79429 6
79430 14
79431 13
79432 2
79433 5
79434 7
79435 7
79436 13
79437 11
79438 11
79439 2
79440 6
79441 10
79442 5
79443 14
79444 13
79445 13
79446 4
79447 2
79448 2
79449 2
79450 13
79451 2
79452 0
79453 0
79454 3
79455 2
79456 12
79457 5
79458 13
79459 14
79460 9
79461 14
79462 13
79463 2
79464 4
79465 7
79466 13
79467 7
79468 8
79469 11
79470 2
79471 8
79472 13
79473 2
79474 0
79475 9
79476 13
79477 13
79478 3
79479 6
79480 8
79481 13
79482 13
79483 10
79484 2
79485 6
79486 9
79487 14
79488 13
79489 4
79490 10
79491 8
79492 10
79493 10
79494 2
79495 2
79496 7
79497 13
79498 2
79499 13
79500 12
79501 9
79502 4
79503 1
79504 4
79505 1
79506 4
79507 6
79508 6
79509 10
79510 6
79511 6
79512 6
79513 5
79514 6
79515 6
79516 13
79517 13
79518 4
79519 13
79520 3
79521 4
79522 1
79523 14
79524 1
79525 4
79526 6
79527 9
79528 4
79529 0
79530 6
79531 7
79532 0
79533 14
79534 7
79535 6
79536 8
79537 4
79538 5
79539 6
79540 6
79541 5
79542 0
79543 8
79544 4
79545 13
79546 14
79547 13
79548 7
79549 7
79550 9
79551 4
79552 4
79553 13
79554 4
79555 8
79556 8
79557 6
79558 7
79559 11
79560 4
79561 13
79562 14
79563 5
79564 8
79565 9
79566 11
79567 4
79568 13
79569 13
79570 13
79571 13
79572 13
79573 5
79574 7
79575 8
79576 13
79577 4
79578 9
79579 6
79580 4
79581 13
79582 6
79583 13
79584 9
79585 13
79586 7
79587 4
79588 13
79589 13
79590 13
79591 3
79592 10
79593 4
79594 4
79595 9
79596 9
79597 4
79598 3
79599 14
79600 13
79601 2
79602 13
79603 7
79604 10
79605 1
79606 10
79607 6
79608 6
79609 6
79610 13
79611 5
79612 6
79613 13
79614 6
79615 12
79616 6
79617 4
79618 6
79619 0
79620 4
79621 7
79622 4
79623 6
79624 4
79625 13
79626 4
79627 3
79628 9
79629 14
79630 13
79631 14
79632 11
79633 13
79634 6
79635 4
79636 13
79637 14
79638 12
79639 13
79640 14
79641 6
79642 13
79643 10
79644 7
79645 9
79646 4
79647 3
79648 4
79649 13
79650 12
79651 6
79652 6
79653 11
79654 8
79655 10
79656 0
79657 5
79658 8
79659 5
79660 13
79661 14
79662 14
79663 4
79664 4
79665 5
79666 14
79667 5
79668 4
79669 5
79670 6
79671 14
79672 5
79673 0
79674 0
79675 8
79676 4
79677 13
79678 14
79679 6
79680 4
79681 10
79682 3
79683 13
79684 6
79685 1
79686 4
79687 1
79688 7
79689 4
79690 4
79691 13
79692 14
79693 4
79694 13
79695 13
79696 6
79697 9
79698 4
79699 13
79700 13
79701 2
79702 2
79703 4
79704 4
79705 8
79706 2
79707 6
79708 6
79709 13
79710 13
79711 13
79712 13
79713 8
79714 4
79715 10
79716 4
79717 4
79718 2
79719 2
79720 13
79721 6
79722 13
79723 6
79724 4
79725 4
79726 14
79727 3
79728 4
79729 13
79730 3
79731 4
79732 13
79733 13
79734 4
79735 9
79736 4
79737 4
79738 13
79739 9
79740 12
79741 13
79742 12
79743 13
79744 10
79745 13
79746 14
79747 13
79748 6
79749 4
79750 7
79751 4
79752 9
79753 4
79754 13
79755 13
79756 13
79757 13
79758 8
79759 6
79760 13
79761 6
79762 11
79763 4
79764 11
79765 9
79766 8
79767 6
79768 6
79769 14
79770 9
79771 12
79772 11
79773 14
79774 9
79775 11
79776 10
79777 2
79778 8
79779 6
79780 1
79781 10
79782 6
79783 6
79784 4
79785 7
79786 4
79787 3
79788 4
79789 13
79790 13
79791 13
79792 13
79793 13
79794 11
79795 4
79796 10
79797 7
79798 0
79799 6
79800 13
79801 3
79802 2
79803 14
79804 8
79805 14
79806 9
79807 6
79808 0
79809 4
79810 6
79811 6
79812 7
79813 13
79814 3
79815 2
79816 14
79817 2
79818 4
79819 12
79820 6
79821 4
79822 4
79823 13
79824 8
79825 6
79826 2
79827 2
79828 9
79829 0
79830 8
79831 13
79832 4
79833 9
79834 13
79835 13
79836 9
79837 10
79838 10
79839 9
79840 6
79841 4
79842 0
79843 6
79844 13
79845 2
79846 4
79847 2
79848 2
79849 13
79850 6
79851 4
79852 2
79853 13
79854 0
79855 13
79856 9
79857 4
79858 4
79859 8
79860 3
79861 6
79862 13
79863 14
79864 13
79865 4
79866 5
79867 4
79868 13
79869 8
79870 4
79871 13
79872 5
79873 13
79874 9
79875 4
79876 9
79877 4
79878 4
79879 14
79880 10
79881 14
79882 4
79883 7
79884 14
79885 4
79886 3
79887 14
79888 9
79889 13
79890 8
79891 5
79892 4
79893 4
79894 6
79895 0
79896 14
79897 13
79898 13
79899 9
79900 4
79901 13
79902 9
79903 13
79904 4
79905 13
79906 2
79907 14
79908 10
79909 4
79910 4
79911 4
79912 4
79913 11
79914 5
79915 7
79916 5
79917 8
79918 10
79919 10
79920 13
79921 2
79922 4
79923 13
79924 6
79925 13
79926 10
79927 14
79928 11
79929 5
79930 9
79931 4
79932 3
79933 11
79934 4
79935 10
79936 14
79937 4
79938 5
79939 8
79940 4
79941 6
79942 4
79943 13
79944 13
79945 4
79946 4
79947 5
79948 9
79949 7
79950 9
79951 9
79952 14
79953 5
79954 1
79955 7
79956 4
79957 13
79958 6
79959 12
79960 6
79961 14
79962 13
79963 0
79964 9
79965 7
79966 4
79967 4
79968 11
79969 2
79970 9
79971 13
79972 4
79973 5
79974 4
79975 10
79976 12
79977 1
79978 10
79979 10
79980 2
79981 9
79982 14
79983 2
79984 5
79985 12
79986 11
79987 3
79988 6
79989 3
79990 11
79991 3
79992 5
79993 11
79994 1
79995 5
79996 3
79997 9
79998 1
79999 11
80000 4
80001 8
80002 5
80003 2
80004 9
80005 5
80006 4
80007 4
80008 5
80009 7
80010 5
80011 10
80012 13
80013 8
80014 10
80015 14
80016 13
80017 7
80018 5
80019 5
80020 14
80021 14
80022 8
80023 2
80024 13
80025 0
80026 4
80027 3
80028 2
80029 4
80030 13
80031 2
80032 1
80033 2
80034 7
80035 4
80036 1
80037 12
80038 10
80039 2
80040 13
80041 3
80042 3
80043 2
80044 2
80045 7
80046 4
80047 7
80048 4
80049 2
80050 4
80051 7
80052 4
80053 2
80054 4
80055 4
80056 11
80057 7
80058 2
80059 11
80060 2
80061 2
80062 6
80063 14
80064 7
80065 14
80066 12
80067 4
80068 1
80069 2
80070 10
80071 9
80072 13
80073 6
80074 14
80075 3
80076 10
80077 5
80078 13
80079 4
80080 9
80081 3
80082 3
80083 9
80084 6
80085 4
80086 2
80087 4
80088 7
80089 13
80090 4
80091 5
80092 13
80093 6
80094 13
80095 13
80096 10
80097 14
80098 14
80099 9
80100 13
80101 13
80102 7
80103 6
80104 6
80105 13
80106 4
80107 6
80108 2
80109 13
80110 6
80111 13
80112 2
80113 4
80114 8
80115 8
80116 8
80117 14
80118 6
80119 4
80120 8
80121 11
80122 13
80123 1
80124 13
80125 4
80126 4
80127 4
80128 0
80129 14
80130 6
80131 11
80132 9
80133 6
80134 7
80135 0
80136 3
80137 9
80138 14
80139 4
80140 2
80141 4
80142 4
80143 10
80144 7
80145 13
80146 13
80147 4
80148 2
80149 4
80150 13
80151 4
80152 13
80153 3
80154 9
80155 8
80156 11
80157 4
80158 3
80159 5
80160 5
80161 2
80162 4
80163 0
80164 4
80165 11
80166 7
80167 7
80168 9
80169 8
80170 11
80171 4
80172 8
80173 13
80174 8
80175 11
80176 2
80177 2
80178 13
80179 13
80180 8
80181 13
80182 5
80183 4
80184 0
80185 9
80186 13
80187 13
80188 10
80189 8
80190 7
80191 9
80192 0
80193 11
80194 5
80195 11
80196 3
80197 9
80198 4
80199 13
80200 2
80201 6
80202 6
80203 2
80204 13
80205 8
80206 6
80207 2
80208 7
80209 14
80210 4
80211 4
80212 13
80213 6
80214 4
80215 6
80216 14
80217 4
80218 13
80219 4
80220 14
80221 4
80222 4
80223 9
80224 4
80225 2
80226 9
80227 10
80228 4
80229 13
80230 9
80231 13
80232 4
80233 13
80234 10
80235 2
80236 8
80237 5
80238 4
80239 0
80240 5
80241 14
80242 5
80243 14
80244 14
80245 11
80246 12
80247 4
80248 12
80249 6
80250 6
80251 3
80252 8
80253 13
80254 4
80255 14
80256 14
80257 6
80258 14
80259 5
80260 7
80261 13
80262 8
80263 7
80264 6
80265 9
80266 4
80267 14
80268 10
80269 5
80270 13
80271 7
80272 9
80273 13
80274 9
80275 14
80276 4
80277 7
80278 13
80279 7
80280 4
80281 13
80282 12
80283 4
80284 4
80285 13
80286 4
80287 9
80288 2
80289 4
80290 13
80291 4
80292 7
80293 7
80294 6
80295 2
80296 11
80297 5
80298 14
80299 14
80300 3
80301 5
80302 6
80303 13
80304 4
80305 6
80306 8
80307 5
80308 6
80309 7
80310 14
80311 13
80312 3
80313 4
80314 11
80315 5
80316 3
80317 4
80318 13
80319 2
80320 9
80321 13
80322 4
80323 4
80324 0
80325 10
80326 2
80327 14
80328 2
80329 11
80330 13
80331 5
80332 14
80333 14
80334 4
80335 4
80336 7
80337 13
80338 13
80339 10
80340 14
80341 6
80342 10
80343 4
80344 10
80345 12
80346 10
80347 3
80348 11
80349 12
80350 3
80351 14
80352 4
80353 9
80354 10
80355 3
80356 14
80357 4
80358 9
80359 4
80360 0
80361 0
80362 0
80363 8
80364 0
80365 0
80366 2
80367 2
80368 1
80369 13
80370 2
80371 2
80372 4
80373 6
80374 7
80375 4
80376 0
80377 13
80378 10
80379 6
80380 3
80381 7
80382 3
80383 10
80384 13
80385 10
80386 13
80387 13
80388 4
80389 1
80390 9
80391 13
80392 4
80393 11
80394 3
80395 4
80396 13
80397 4
80398 13
80399 13
80400 12
80401 14
80402 4
80403 8
80404 13
80405 14
80406 4
80407 13
80408 13
80409 3
80410 0
80411 1
80412 7
80413 8
80414 8
80415 4
80416 4
80417 3
80418 11
80419 4
80420 10
80421 9
80422 10
80423 4
80424 14
80425 11
80426 14
80427 11
80428 13
80429 9
80430 4
80431 9
80432 9
80433 7
80434 14
80435 4
80436 14
80437 4
80438 11
80439 6
80440 0
80441 11
80442 10
80443 13
80444 13
80445 13
80446 8
80447 14
80448 2
80449 9
80450 9
80451 4
80452 6
80453 3
80454 1
80455 14
80456 2
80457 13
80458 13
80459 8
80460 13
80461 9
80462 8
80463 0
80464 9
80465 12
80466 13
80467 8
80468 14
80469 13
80470 4
80471 13
80472 14
80473 13
80474 13
80475 13
80476 6
80477 3
80478 9
80479 0
80480 12
80481 14
80482 9
80483 13
80484 13
80485 3
80486 8
80487 9
80488 4
80489 4
80490 4
80491 10
80492 6
80493 13
80494 14
80495 4
80496 13
80497 13
80498 4
80499 3
80500 13
80501 5
80502 6
80503 13
80504 8
80505 13
80506 13
80507 13
80508 13
80509 14
80510 4
80511 5
80512 4
80513 13
80514 5
80515 13
80516 10
80517 13
80518 4
80519 0
80520 12
80521 9
80522 5
80523 7
80524 9
80525 13
80526 4
80527 4
80528 8
80529 4
80530 0
80531 4
80532 4
80533 0
80534 4
80535 13
80536 13
80537 4
80538 12
80539 9
80540 4
80541 13
80542 4
80543 13
80544 4
80545 13
80546 8
80547 4
80548 14
80549 3
80550 5
80551 14
80552 4
80553 7
80554 0
80555 3
80556 4
80557 5
80558 4
80559 4
80560 13
80561 3
80562 9
80563 12
80564 3
80565 9
80566 4
80567 3
80568 13
80569 4
80570 4
80571 4
80572 3
80573 13
80574 11
80575 2
80576 13
80577 8
80578 4
80579 13
80580 3
80581 5
80582 7
80583 11
80584 9
80585 13
80586 7
80587 13
80588 0
80589 9
80590 14
80591 6
80592 14
80593 5
80594 13
80595 9
80596 14
80597 11
80598 13
80599 4
80600 9
80601 8
80602 2
80603 2
80604 13
80605 4
80606 10
80607 6
80608 0
80609 4
80610 8
80611 4
80612 13
80613 9
80614 9
80615 9
80616 8
80617 4
80618 2
80619 7
80620 9
80621 4
80622 13
80623 4
80624 0
80625 13
80626 13
80627 2
80628 11
80629 9
80630 9
80631 13
80632 13
80633 6
80634 13
80635 11
80636 2
80637 8
80638 13
80639 3
80640 8
80641 4
80642 5
80643 12
80644 13
80645 1
80646 1
80647 0
80648 6
80649 13
80650 3
80651 14
80652 4
80653 11
80654 11
80655 4
80656 2
80657 13
80658 2
80659 6
80660 2
80661 3
80662 13
80663 7
80664 13
80665 13
80666 13
80667 13
80668 2
80669 4
80670 2
80671 4
80672 3
80673 4
80674 9
80675 4
80676 4
80677 3
80678 3
80679 13
80680 4
80681 10
80682 13
80683 2
80684 4
80685 9
80686 7
80687 7
80688 2
80689 13
80690 12
80691 4
80692 14
80693 13
80694 8
80695 13
80696 14
80697 4
80698 6
80699 4
80700 11
80701 4
80702 6
80703 14
80704 4
80705 13
80706 9
80707 9
80708 13
80709 13
80710 13
80711 4
80712 4
80713 13
80714 14
80715 4
80716 12
80717 1
80718 11
80719 4
80720 14
80721 5
80722 5
80723 6
80724 4
80725 2
80726 5
80727 5
80728 4
80729 9
80730 11
80731 13
80732 13
80733 14
80734 5
80735 9
80736 13
80737 10
80738 5
80739 5
80740 4
80741 5
80742 5
80743 4
80744 4
80745 0
80746 4
80747 4
80748 13
80749 12
80750 7
80751 7
80752 12
80753 7
80754 8
80755 6
80756 5
80757 8
80758 8
80759 14
80760 14
80761 4
80762 14
80763 14
80764 3
80765 11
80766 11
80767 14
80768 5
80769 10
80770 10
80771 10
80772 0
80773 14
80774 10
80775 14
80776 11
80777 11
80778 9
80779 10
80780 10
80781 14
80782 14
80783 6
80784 11
80785 10
80786 5
80787 5
80788 14
80789 5
80790 5
80791 5
80792 14
80793 3
80794 7
80795 14
80796 14
80797 5
80798 4
80799 5
80800 0
80801 5
80802 6
80803 0
80804 14
80805 10
80806 5
80807 14
80808 5
80809 3
80810 0
80811 13
80812 14
80813 5
80814 10
80815 13
80816 14
80817 5
80818 3
80819 7
80820 9
80821 3
80822 7
80823 3
80824 14
80825 0
80826 11
80827 9
80828 9
80829 6
80830 12
80831 14
80832 13
80833 5
80834 13
80835 12
80836 4
80837 11
80838 13
80839 4
80840 2
80841 5
80842 8
80843 12
80844 10
80845 0
80846 5
80847 13
80848 11
80849 14
80850 5
80851 4
80852 12
80853 4
80854 14
80855 14
80856 4
80857 8
80858 3
80859 6
80860 0
80861 8
80862 13
80863 5
80864 5
80865 7
80866 8
80867 9
80868 5
80869 4
80870 2
80871 3
80872 9
80873 12
80874 4
80875 9
80876 8
80877 12
80878 0
80879 2
80880 2
80881 3
80882 5
80883 13
80884 5
80885 5
80886 7
80887 13
80888 13
80889 13
80890 7
80891 9
80892 4
80893 6
80894 2
80895 4
80896 7
80897 2
80898 1
80899 7
80900 14
80901 13
80902 12
80903 1
80904 1
80905 5
80906 5
80907 9
80908 1
80909 1
80910 13
80911 4
80912 13
80913 8
80914 9
80915 13
80916 9
80917 6
80918 9
80919 3
80920 7
80921 14
80922 8
80923 13
80924 6
80925 3
80926 3
80927 5
80928 13
80929 9
80930 7
80931 13
80932 13
80933 13
80934 3
80935 13
80936 10
80937 7
80938 13
80939 10
80940 5
80941 9
80942 11
80943 9
80944 9
80945 9
80946 14
80947 6
80948 13
80949 8
80950 8
80951 3
80952 3
80953 11
80954 3
80955 7
80956 2
80957 3
80958 9
80959 8
80960 11
80961 11
80962 10
80963 3
80964 6
80965 11
80966 14
80967 10
80968 5
80969 14
80970 4
80971 3
80972 5
80973 13
80974 11
80975 10
80976 0
80977 0
80978 0
80979 0
80980 10
80981 9
80982 4
80983 9
80984 13
80985 8
80986 13
80987 4
80988 4
80989 0
80990 13
80991 13
80992 4
80993 13
80994 13
80995 5
80996 4
80997 13
80998 8
80999 3
81000 13
81001 14
81002 3
81003 7
81004 2
81005 9
81006 5
81007 3
81008 7
81009 8
81010 2
81011 2
81012 3
81013 11
81014 7
81015 2
81016 2
81017 7
81018 6
81019 2
81020 2
81021 14
81022 6
81023 8
81024 6
81025 7
81026 6
81027 7
81028 11
81029 8
81030 13
81031 2
81032 7
81033 6
81034 7
81035 2
81036 2
81037 8
81038 3
81039 7
81040 4
81041 14
81042 14
81043 8
81044 6
81045 8
81046 2
81047 6
81048 3
81049 3
81050 14
81051 11
81052 2
81053 6
81054 3
81055 3
81056 11
81057 2
81058 7
81059 3
81060 9
81061 0
81062 2
81063 7
81064 2
81065 2
81066 2
81067 1
81068 6
81069 2
81070 8
81071 2
81072 8
81073 2
81074 14
81075 8
81076 6
81077 2
81078 6
81079 8
81080 10
81081 8
81082 6
81083 14
81084 3
81085 3
81086 11
81087 3
81088 2
81089 5
81090 14
81091 12
81092 2
81093 2
81094 3
81095 11
81096 3
81097 11
81098 7
81099 2
81100 10
81101 7
81102 2
81103 14
81104 3
81105 9
81106 5
81107 7
81108 11
81109 3
81110 3
81111 9
81112 3
81113 2
81114 7
81115 2
81116 2
81117 2
81118 7
81119 8
81120 2
81121 8
81122 8
81123 6
81124 2
81125 4
81126 2
81127 0
81128 2
81129 3
81130 8
81131 3
81132 10
81133 2
81134 14
81135 11
81136 4
81137 11
81138 13
81139 4
81140 4
81141 2
81142 9
81143 10
81144 9
81145 11
81146 6
81147 2
81148 0
81149 9
81150 11
81151 5
81152 13
81153 14
81154 9
81155 13
81156 9
81157 2
81158 0
81159 2
81160 13
81161 14
81162 5
81163 13
81164 3
81165 3
81166 13
81167 11
81168 8
81169 2
81170 0
81171 0
81172 0
81173 0
81174 0
81175 0
81176 14
81177 2
81178 0
81179 7
81180 13
81181 2
81182 13
81183 7
81184 2
81185 2
81186 2
81187 7
81188 2
81189 14
81190 0
81191 0
81192 0
81193 0
81194 0
81195 10
81196 3
81197 13
81198 0
81199 0
81200 0
81201 0
81202 0
81203 0
81204 5
81205 0
81206 0
81207 14
81208 4
81209 9
81210 5
81211 10
81212 10
81213 1
81214 4
81215 11
81216 3
81217 5
81218 14
81219 5
81220 13
81221 10
81222 13
81223 11
81224 5
81225 7
81226 4
81227 3
81228 4
81229 2
81230 4
81231 14
81232 9
81233 11
81234 4
81235 4
81236 4
81237 14
81238 13
81239 13
81240 12
81241 12
81242 0
81243 11
81244 7
81245 0
81246 0
81247 0
81248 0
81249 0
81250 0
81251 1
81252 3
81253 2
81254 2
81255 11
81256 9
81257 2
81258 4
81259 14
81260 7
81261 9
81262 10
81263 3
81264 9
81265 2
81266 4
81267 4
81268 7
81269 11
81270 11
81271 11
81272 2
81273 7
81274 4
81275 9
81276 2
81277 2
81278 7
81279 6
81280 7
81281 7
81282 2
81283 6
81284 7
81285 2
81286 11
81287 10
81288 3
81289 14
81290 8
81291 5
81292 11
81293 13
81294 4
81295 2
81296 10
81297 6
81298 7
81299 2
81300 11
81301 11
81302 1
81303 11
81304 6
81305 14
81306 4
81307 6
81308 9
81309 11
81310 3
81311 8
81312 7
81313 6
81314 6
81315 4
81316 7
81317 2
81318 7
81319 0
81320 6
81321 14
81322 9
81323 6
81324 0
81325 7
81326 8
81327 6
81328 11
81329 6
81330 3
81331 14
81332 2
81333 4
81334 6
81335 12
81336 6
81337 10
81338 13
81339 10
81340 11
81341 2
81342 7
81343 14
81344 2
81345 2
81346 4
81347 4
81348 2
81349 3
81350 14
81351 13
81352 3
81353 11
81354 11
81355 13
81356 4
81357 9
81358 4
81359 8
81360 11
81361 14
81362 6
81363 14
81364 14
81365 13
81366 8
81367 13
81368 12
81369 0
81370 10
81371 14
81372 0
81373 10
81374 11
81375 4
81376 13
81377 9
81378 9
81379 2
81380 4
81381 14
81382 2
81383 2
81384 0
81385 8
81386 2
81387 14
81388 2
81389 14
81390 11
81391 11
81392 8
81393 4
81394 2
81395 3
81396 3
81397 2
81398 11
81399 6
81400 4
81401 12
81402 13
81403 8
81404 9
81405 3
81406 4
81407 14
81408 14
81409 11
81410 4
81411 8
81412 11
81413 6
81414 13
81415 9
81416 13
81417 2
81418 2
81419 8
81420 14
81421 4
81422 7
81423 4
81424 7
81425 1
81426 2
81427 2
81428 7
81429 13
81430 7
81431 2
81432 13
81433 13
81434 2
81435 2
81436 2
81437 2
81438 2
81439 7
81440 7
81441 2
81442 7
81443 3
81444 7
81445 7
81446 7
81447 7
81448 13
81449 8
81450 2
81451 6
81452 8
81453 13
81454 8
81455 4
81456 13
81457 2
81458 2
81459 13
81460 13
81461 8
81462 8
81463 8
81464 7
81465 7
81466 2
81467 11
81468 2
81469 6
81470 14
81471 4
81472 8
81473 2
81474 2
81475 0
81476 2
81477 7
81478 0
81479 2
81480 2
81481 6
81482 14
81483 13
81484 6
81485 10
81486 9
81487 4
81488 9
81489 11
81490 4
81491 9
81492 13
81493 4
81494 11
81495 4
81496 4
81497 4
81498 13
81499 2
81500 10
81501 11
81502 2
81503 2
81504 13
81505 13
81506 3
81507 13
81508 9
81509 6
81510 4
81511 9
81512 6
81513 14
81514 13
81515 3
81516 8
81517 13
81518 9
81519 13
81520 13
81521 9
81522 13
81523 8
81524 4
81525 8
81526 3
81527 9
81528 1
81529 4
81530 8
81531 4
81532 14
81533 4
81534 13
81535 9
81536 14
81537 13
81538 11
81539 13
81540 6
81541 7
81542 5
81543 13
81544 13
81545 4
81546 13
81547 7
81548 4
81549 4
81550 0
81551 2
81552 14
81553 4
81554 9
81555 5
81556 11
81557 14
81558 14
81559 13
81560 6
81561 4
81562 13
81563 4
81564 4
81565 4
81566 7
81567 13
81568 13
81569 2
81570 4
81571 7
81572 8
81573 14
81574 4
81575 10
81576 4
81577 2
81578 8
81579 7
81580 2
81581 3
81582 7
81583 13
81584 10
81585 7
81586 13
81587 10
81588 8
81589 4
81590 6
81591 14
81592 13
81593 4
81594 14
81595 10
81596 5
81597 13
81598 3
81599 14
81600 9
81601 9
81602 4
81603 2
81604 13
81605 6
81606 4
81607 8
81608 3
81609 4
81610 10
81611 12
81612 13
81613 14
81614 3
81615 13
81616 2
81617 2
81618 2
81619 9
81620 8
81621 13
81622 11
81623 4
81624 4
81625 2
81626 4
81627 14
81628 4
81629 0
81630 0
81631 0
81632 0
81633 0
81634 0
81635 0
81636 0
81637 0
81638 0
81639 0
81640 0
81641 0
81642 8
81643 0
81644 0
81645 0
81646 0
81647 0
81648 0
81649 0
81650 11
81651 0
81652 0
81653 11
81654 0
81655 0
81656 5
81657 13
81658 14
81659 0
81660 0
81661 0
81662 0
81663 0
81664 0
81665 0
81666 0
81667 0
81668 0
81669 0
81670 0
81671 0
81672 0
81673 0
81674 0
81675 7
81676 0
81677 0
81678 0
81679 2
81680 0
81681 10
81682 7
81683 2
81684 2
81685 2
81686 2
81687 7
81688 7
81689 2
81690 2
81691 14
81692 3
81693 2
81694 10
81695 8
81696 4
81697 2
81698 7
81699 0
81700 0
81701 4
81702 9
81703 6
81704 6
81705 8
81706 4
81707 2
81708 2
81709 5
81710 14
81711 7
81712 0
81713 0
81714 0
81715 0
81716 0
81717 0
81718 0
81719 0
81720 0
81721 0
81722 0
81723 0
81724 0
81725 0
81726 0
81727 0
81728 0
81729 0
81730 2
81731 0
81732 2
81733 0
81734 0
81735 0
81736 0
81737 0
81738 0
81739 0
81740 0
81741 0
81742 0
81743 0
81744 2
81745 0
81746 0
81747 7
81748 2
81749 0
81750 0
81751 0
81752 0
81753 0
81754 0
81755 0
81756 0
81757 0
81758 0
81759 0
81760 0
81761 0
81762 0
81763 0
81764 0
81765 0
81766 0
81767 0
81768 0
81769 0
81770 2
81771 7
81772 0
81773 0
81774 8
81775 0
81776 0
81777 0
81778 2
81779 2
81780 2
81781 7
81782 2
81783 4
81784 7
81785 6
81786 5
81787 8
81788 7
81789 7
81790 2
81791 11
81792 7
81793 7
81794 7
81795 2
81796 11
81797 2
81798 2
81799 7
81800 2
81801 8
81802 4
81803 13
81804 3
81805 9
81806 11
81807 9
81808 4
81809 13
81810 3
81811 4
81812 8
81813 6
81814 13
81815 11
81816 3
81817 13
81818 13
81819 10
81820 4
81821 13
81822 5
81823 11
81824 14
81825 4
81826 5
81827 4
81828 4
81829 4
81830 4
81831 8
81832 11
81833 13
81834 10
81835 5
81836 14
81837 0
81838 5
81839 3
81840 4
81841 14
81842 7
81843 4
81844 5
81845 14
81846 8
81847 4
81848 4
81849 14
81850 4
81851 10
81852 5
81853 4
81854 13
81855 4
81856 4
81857 8
81858 7
81859 5
81860 2
81861 7
81862 7
81863 2
81864 11
81865 6
81866 6
81867 4
81868 4
81869 13
81870 11
81871 6
81872 8
81873 13
81874 12
81875 2
81876 4
81877 10
81878 9
81879 13
81880 9
81881 4
81882 4
81883 10
81884 7
81885 3
81886 14
81887 7
81888 13
81889 4
81890 13
81891 0
81892 13
81893 4
81894 13
81895 4
81896 3
81897 4
81898 13
81899 14
81900 6
81901 3
81902 11
81903 9
81904 13
81905 4
81906 13
81907 4
81908 14
81909 2
81910 9
81911 4
81912 13
81913 7
81914 4
81915 11
81916 0
81917 4
81918 3
81919 10
81920 8
81921 7
81922 2
81923 4
81924 4
81925 13
81926 12
81927 4
81928 4
81929 4
81930 9
81931 13
81932 6
81933 13
81934 4
81935 13
81936 9
81937 4
81938 13
81939 10
81940 12
81941 4
81942 6
81943 4
81944 4
81945 4
81946 3
81947 7
81948 4
81949 13
81950 7
81951 7
81952 3
81953 1
81954 13
81955 13
81956 4
81957 0
81958 13
81959 13
81960 4
81961 2
81962 4
81963 4
81964 4
81965 2
81966 4
81967 4
81968 10
81969 10
81970 13
81971 13
81972 10
81973 13
81974 8
81975 8
81976 4
81977 13
81978 10
81979 9
81980 11
81981 4
81982 13
81983 4
81984 11
81985 8
81986 4
81987 4
81988 4
81989 3
81990 10
81991 2
81992 9
81993 12
81994 13
81995 4
81996 1
81997 4
81998 4
81999 14
82000 13
82001 4
82002 13
82003 8
82004 11
82005 8
82006 9
82007 9
82008 9
82009 8
82010 5
82011 4
82012 6
82013 8
82014 4
82015 8
82016 14
82017 13
82018 13
82019 4
82020 12
82021 13
82022 13
82023 13
82024 8
82025 11
82026 4
82027 12
82028 13
82029 8
82030 6
82031 13
82032 4
82033 13
82034 7
82035 13
82036 13
82037 11
82038 11
82039 3
82040 13
82041 4
82042 9
82043 14
82044 11
82045 3
82046 13
82047 5
82048 2
82049 9
82050 13
82051 0
82052 13
82053 5
82054 14
82055 8
82056 2
82057 14
82058 14
82059 4
82060 10
82061 0
82062 13
82063 8
82064 9
82065 7
82066 10
82067 10
82068 12
82069 4
82070 10
82071 14
82072 4
82073 9
82074 13
82075 0
82076 3
82077 2
82078 3
82079 8
82080 3
82081 4
82082 7
82083 2
82084 2
82085 11
82086 6
82087 5
82088 0
82089 6
82090 3
82091 8
82092 13
82093 13
82094 13
82095 8
82096 13
82097 11
82098 9
82099 4
82100 6
82101 5
82102 13
82103 9
82104 10
82105 4
82106 13
82107 9
82108 10
82109 4
82110 9
82111 13
82112 9
82113 8
82114 4
82115 8
82116 2
82117 0
82118 4
82119 11
82120 0
82121 14
82122 0
82123 13
82124 13
82125 10
82126 10
82127 10
82128 10
82129 9
82130 13
82131 8
82132 13
82133 9
82134 10
82135 9
82136 13
82137 14
82138 3
82139 13
82140 13
82141 11
82142 4
82143 4
82144 10
82145 13
82146 1
82147 13
82148 4
82149 7
82150 5
82151 12
82152 4
82153 7
82154 13
82155 8
82156 2
82157 4
82158 11
82159 10
82160 13
82161 4
82162 4
82163 4
82164 14
82165 7
82166 13
82167 4
82168 13
82169 13
82170 5
82171 14
82172 5
82173 11
82174 13
82175 4
82176 1
82177 14
82178 9
82179 4
82180 6
82181 0
82182 8
82183 2
82184 6
82185 4
82186 13
82187 13
82188 4
82189 2
82190 7
82191 2
82192 2
82193 4
82194 3
82195 5
82196 2
82197 2
82198 2
82199 9
82200 4
82201 4
82202 4
82203 4
82204 4
82205 13
82206 2
82207 14
82208 8
82209 4
82210 4
82211 13
82212 13
82213 3
82214 13
82215 6
82216 6
82217 9
82218 6
82219 9
82220 6
82221 6
82222 4
82223 4
82224 9
82225 13
82226 3
82227 4
82228 8
82229 13
82230 10
82231 4
82232 14
82233 4
82234 13
82235 14
82236 14
82237 10
82238 8
82239 4
82240 4
82241 13
82242 4
82243 13
82244 8
82245 14
82246 6
82247 9
82248 4
82249 13
82250 9
82251 4
82252 6
82253 13
82254 13
82255 14
82256 14
82257 13
82258 0
82259 13
82260 4
82261 4
82262 5
82263 5
82264 13
82265 4
82266 7
82267 6
82268 4
82269 3
82270 13
82271 13
82272 2
82273 11
82274 10
82275 5
82276 0
82277 14
82278 4
82279 4
82280 13
82281 6
82282 13
82283 13
82284 2
82285 4
82286 4
82287 4
82288 13
82289 5
82290 4
82291 6
82292 2
82293 10
82294 5
82295 11
82296 4
82297 14
82298 4
82299 11
82300 9
82301 8
82302 13
82303 7
82304 13
82305 14
82306 9
82307 13
82308 13
82309 6
82310 10
82311 6
82312 11
82313 1
82314 3
82315 4
82316 4
82317 14
82318 4
82319 8
82320 8
82321 4
82322 4
82323 5
82324 4
82325 8
82326 5
82327 4
82328 11
82329 4
82330 7
82331 4
82332 9
82333 7
82334 10
82335 4
82336 14
82337 3
82338 4
82339 13
82340 5
82341 2
82342 14
82343 4
82344 7
82345 8
82346 11
82347 6
82348 14
82349 0
82350 4
82351 13
82352 13
82353 12
82354 8
82355 13
82356 4
82357 11
82358 12
82359 14
82360 2
82361 10
82362 3
82363 12
82364 11
82365 8
82366 3
82367 11
82368 9
82369 13
82370 13
82371 9
82372 4
82373 0
82374 4
82375 9
82376 4
82377 6
82378 8
82379 5
82380 3
82381 2
82382 8
82383 13
82384 14
82385 4
82386 13
82387 13
82388 12
82389 14
82390 13
82391 2
82392 13
82393 4
82394 13
82395 14
82396 8
82397 5
82398 6
82399 13
82400 5
82401 10
82402 6
82403 2
82404 14
82405 2
82406 4
82407 4
82408 5
82409 11
82410 3
82411 0
82412 0
82413 4
82414 8
82415 13
82416 11
82417 13
82418 13
82419 13
82420 13
82421 13
82422 13
82423 11
82424 10
82425 8
82426 4
82427 7
82428 13
82429 14
82430 6
82431 6
82432 6
82433 5
82434 1
82435 9
82436 4
82437 10
82438 10
82439 5
82440 13
82441 13
82442 6
82443 14
82444 14
82445 14
82446 13
82447 4
82448 3
82449 3
82450 14
82451 14
82452 14
82453 4
82454 13
82455 14
82456 11
82457 4
82458 0
82459 13
82460 13
82461 8
82462 4
82463 9
82464 0
82465 9
82466 8
82467 4
82468 13
82469 4
82470 3
82471 11
82472 13
82473 6
82474 6
82475 13
82476 7
82477 5
82478 5
82479 14
82480 2
82481 14
82482 4
82483 4
82484 11
82485 13
82486 5
82487 11
82488 14
82489 13
82490 7
82491 5
82492 4
82493 7
82494 2
82495 4
82496 11
82497 4
82498 13
82499 4
82500 1
82501 4
82502 6
82503 4
82504 4
82505 4
82506 14
82507 4
82508 14
82509 13
82510 5
82511 4
82512 14
82513 4
82514 4
82515 4
82516 2
82517 10
82518 14
82519 13
82520 14
82521 0
82522 2
82523 4
82524 13
82525 4
82526 4
82527 11
82528 1
82529 5
82530 4
82531 13
82532 8
82533 7
82534 4
82535 13
82536 6
82537 6
82538 2
82539 7
82540 7
82541 4
82542 4
82543 5
82544 14
82545 4
82546 4
82547 6
82548 14
82549 8
82550 6
82551 11
82552 2
82553 13
82554 5
82555 13
82556 2
82557 3
82558 9
82559 5
82560 4
82561 4
82562 5
82563 14
82564 4
82565 14
82566 5
82567 13
82568 11
82569 14
82570 6
82571 12
82572 7
82573 0
82574 7
82575 5
82576 11
82577 0
82578 4
82579 1
82580 13
82581 9
82582 4
82583 8
82584 11
82585 10
82586 11
82587 13
82588 5
82589 2
82590 5
82591 5
82592 4
82593 0
82594 2
82595 0
82596 0
82597 5
82598 4
82599 7
82600 13
82601 2
82602 5
82603 8
82604 10
82605 11
82606 4
82607 10
82608 3
82609 11
82610 11
82611 4
82612 11
82613 10
82614 9
82615 5
82616 4
82617 14
82618 13
82619 13
82620 12
82621 13
82622 3
82623 5
82624 4
82625 4
82626 13
82627 8
82628 14
82629 7
82630 11
82631 12
82632 8
82633 10
82634 10
82635 2
82636 14
82637 4
82638 3
82639 11
82640 0
82641 4
82642 12
82643 3
82644 7
82645 13
82646 11
82647 7
82648 13
82649 14
82650 4
82651 9
82652 4
82653 14
82654 7
82655 0
82656 0
82657 0
82658 0
82659 12
82660 8
82661 12
82662 1
82663 12
82664 12
82665 6
82666 12
82667 12
82668 8
82669 0
82670 5
82671 12
82672 7
82673 6
82674 1
82675 12
82676 8
82677 6
82678 8
82679 0
82680 1
82681 5
82682 7
82683 0
82684 5
82685 8
82686 2
82687 7
82688 7
82689 2
82690 13
82691 5
82692 6
82693 5
82694 6
82695 12
82696 1
82697 6
82698 4
82699 10
82700 1
82701 1
82702 9
82703 12
82704 1
82705 10
82706 10
82707 12
82708 2
82709 2
82710 7
82711 6
82712 9
82713 2
82714 1
82715 1
82716 1
82717 2
82718 1
82719 12
82720 5
82721 1
82722 2
82723 10
82724 3
82725 1
82726 1
82727 12
82728 12
82729 0
82730 0
82731 7
82732 11
82733 12
82734 10
82735 7
82736 12
82737 14
82738 12
82739 0
82740 8
82741 12
82742 14
82743 12
82744 2
82745 9
82746 2
82747 1
82748 6
82749 1
82750 12
82751 12
82752 1
82753 11
82754 12
82755 2
82756 7
82757 1
82758 12
82759 12
82760 1
82761 7
82762 12
82763 1
82764 1
82765 2
82766 10
82767 11
82768 2
82769 10
82770 7
82771 7
82772 3
82773 3
82774 12
82775 11
82776 14
82777 2
82778 2
82779 0
82780 0
82781 1
82782 1
82783 3
82784 12
82785 12
82786 12
82787 5
82788 11
82789 12
82790 8
82791 10
82792 3
82793 12
82794 12
82795 7
82796 7
82797 8
82798 10
82799 1
82800 1
82801 10
82802 1
82803 0
82804 5
82805 6
82806 12
82807 3
82808 5
82809 7
82810 12
82811 6
82812 14
82813 2
82814 7
82815 4
82816 3
82817 10
82818 7
82819 6
82820 0
82821 3
82822 6
82823 2
82824 11
82825 6
82826 10
82827 7
82828 3
82829 12
82830 6
82831 5
82832 12
82833 1
82834 11
82835 3
82836 7
82837 2
82838 5
82839 3
82840 1
82841 1
82842 2
82843 12
82844 7
82845 14
82846 12
82847 1
82848 4
82849 5
82850 14
82851 7
82852 7
82853 1
82854 0
82855 7
82856 6
82857 1
82858 3
82859 0
82860 13
82861 7
82862 0
82863 14
82864 7
82865 7
82866 3
82867 2
82868 12
82869 8
82870 0
82871 11
82872 4
82873 14
82874 4
82875 3
82876 10
82877 10
82878 6
82879 10
82880 3
82881 0
82882 3
82883 0
82884 10
82885 4
82886 7
82887 14
82888 2
82889 2
82890 14
82891 11
82892 0
82893 11
82894 11
82895 12
82896 11
82897 12
82898 5
82899 12
82900 14
82901 2
82902 3
82903 11
82904 6
82905 2
82906 3
82907 8
82908 0
82909 12
82910 7
82911 11
82912 3
82913 7
82914 5
82915 7
82916 12
82917 11
82918 5
82919 11
82920 4
82921 11
82922 11
82923 12
82924 8
82925 3
82926 7
82927 7
82928 11
82929 12
82930 2
82931 6
82932 7
82933 9
82934 12
82935 6
82936 1
82937 11
82938 5
82939 1
82940 11
82941 6
82942 0
82943 12
82944 10
82945 8
82946 12
82947 6
82948 0
82949 8
82950 6
82951 3
82952 12
82953 6
82954 6
82955 14
82956 5
82957 13
82958 9
82959 5
82960 7
82961 2
82962 3
82963 11
82964 1
82965 10
82966 7
82967 14
82968 8
82969 4
82970 14
82971 9
82972 0
82973 4
82974 11
82975 11
82976 14
82977 2
82978 8
82979 8
82980 12
82981 3
82982 6
82983 5
82984 14
82985 6
82986 2
82987 2
82988 14
82989 14
82990 2
82991 8
82992 2
82993 2
82994 5
82995 8
82996 10
82997 2
82998 12
82999 12
83000 7
83001 3
83002 1
83003 11
83004 2
83005 3
83006 10
83007 6
83008 6
83009 14
83010 9
83011 2
83012 2
83013 7
83014 13
83015 5
83016 14
83017 0
83018 0
83019 8
83020 5
83021 12
83022 3
83023 7
83024 12
83025 8
83026 0
83027 0
83028 12
83029 0
83030 11
83031 12
83032 12
83033 8
83034 12
83035 12
83036 10
83037 5
83038 8
83039 11
83040 13
83041 11
83042 2
83043 5
83044 9
83045 2
83046 7
83047 10
83048 12
83049 5
83050 6
83051 5
83052 12
83053 1
83054 5
83055 12
83056 1
83057 1
83058 12
83059 1
83060 12
83061 11
83062 12
83063 0
83064 2
83065 9
83066 9
83067 2
83068 5
83069 12
83070 12
83071 9
83072 12
83073 14
83074 6
83075 6
83076 10
83077 12
83078 11
83079 3
83080 12
83081 1
83082 6
83083 6
83084 4
83085 10
83086 6
83087 3
83088 1
83089 6
83090 6
83091 1
83092 6
83093 3
83094 12
83095 12
83096 2
83097 12
83098 12
83099 12
83100 1
83101 12
83102 7
83103 12
83104 12
83105 1
83106 0
83107 12
83108 12
83109 1
83110 0
83111 7
83112 9
83113 7
83114 12
83115 10
83116 10
83117 13
83118 14
83119 10
83120 3
83121 3
83122 2
83123 3
83124 3
83125 3
83126 4
83127 5
83128 2
83129 8
83130 2
83131 2
83132 11
83133 10
83134 3
83135 11
83136 0
83137 11
83138 12
83139 3
83140 9
83141 7
83142 9
83143 7
83144 9
83145 3
83146 8
83147 14
83148 7
83149 8
83150 11
83151 8
83152 11
83153 7
83154 13
83155 2
83156 8
83157 14
83158 12
83159 9
83160 4
83161 11
83162 2
83163 7
83164 8
83165 2
83166 2
83167 2
83168 11
83169 2
83170 10
83171 2
83172 7
83173 2
83174 13
83175 2
83176 2
83177 7
83178 7
83179 9
83180 9
83181 8
83182 12
83183 2
83184 12
83185 5
83186 2
83187 12
83188 10
83189 6
83190 2
83191 7
83192 6
83193 6
83194 2
83195 2
83196 3
83197 8
83198 5
83199 7
83200 2
83201 3
83202 6
83203 14
83204 3
83205 7
83206 8
83207 7
83208 1
83209 12
83210 3
83211 12
83212 6
83213 4
83214 9
83215 1
83216 7
83217 3
83218 7
83219 2
83220 0
83221 10
83222 13
83223 7
83224 14
83225 8
83226 8
83227 11
83228 12
83229 11
83230 7
83231 10
83232 10
83233 13
83234 9
83235 2
83236 10
83237 3
83238 3
83239 2
83240 14
83241 7
83242 8
83243 5
83244 12
83245 6
83246 6
83247 2
83248 2
83249 11
83250 11
83251 0
83252 7
83253 6
83254 1
83255 10
83256 12
83257 10
83258 7
83259 3
83260 1
83261 3
83262 12
83263 5
83264 12
83265 14
83266 6
83267 11
83268 3
83269 6
83270 1
83271 2
83272 6
83273 12
83274 7
83275 12
83276 6
83277 11
83278 10
83279 7
83280 3
83281 3
83282 11
83283 6
83284 12
83285 12
83286 4
83287 9
83288 5
83289 12
83290 3
83291 10
83292 6
83293 2
83294 7
83295 9
83296 2
83297 3
83298 7
83299 2
83300 4
83301 12
83302 10
83303 6
83304 6
83305 12
83306 8
83307 4
83308 4
83309 0
83310 6
83311 7
83312 11
83313 10
83314 7
83315 7
83316 2
83317 12
83318 10
83319 10
83320 1
83321 8
83322 12
83323 14
83324 7
83325 3
83326 14
83327 14
83328 6
83329 11
83330 0
83331 0
83332 0
83333 12
83334 0
83335 8
83336 12
83337 3
83338 7
83339 12
83340 6
83341 11
83342 7
83343 7
83344 5
83345 12
83346 1
83347 12
83348 11
83349 11
83350 12
83351 12
83352 3
83353 11
83354 1
83355 1
83356 5
83357 5
83358 1
83359 1
83360 5
83361 1
83362 12
83363 0
83364 12
83365 1
83366 14
83367 6
83368 12
83369 11
83370 6
83371 2
83372 8
83373 2
83374 6
83375 11
83376 11
83377 11
83378 5
83379 7
83380 10
83381 8
83382 12
83383 14
83384 9
83385 3
83386 12
83387 14
83388 12
83389 13
83390 11
83391 11
83392 12
83393 1
83394 12
83395 11
83396 0
83397 11
83398 6
83399 11
83400 12
83401 12
83402 2
83403 11
83404 4
83405 11
83406 10
83407 14
83408 1
83409 1
83410 10
83411 10
83412 0
83413 9
83414 2
83415 10
83416 10
83417 3
83418 12
83419 2
83420 5
83421 0
83422 1
83423 8
83424 2
83425 2
83426 5
83427 4
83428 5
83429 1
83430 1
83431 10
83432 1
83433 9
83434 6
83435 8
83436 10
83437 7
83438 1
83439 7
83440 3
83441 4
83442 12
83443 10
83444 12
83445 8
83446 14
83447 7
83448 8
83449 8
83450 9
83451 3
83452 12
83453 11
83454 12
83455 12
83456 2
83457 8
83458 11
83459 5
83460 3
83461 1
83462 12
83463 7
83464 6
83465 10
83466 2
83467 7
83468 7
83469 6
83470 8
83471 1
83472 5
83473 10
83474 8
83475 3
83476 10
83477 2
83478 11
83479 8
83480 11
83481 8
83482 12
83483 7
83484 2
83485 3
83486 12
83487 12
83488 12
83489 11
83490 12
83491 7
83492 7
83493 2
83494 9
83495 2
83496 5
83497 6
83498 2
83499 7
83500 7
83501 7
83502 8
83503 0
83504 2
83505 2
83506 2
83507 2
83508 6
83509 14
83510 7
83511 2
83512 8
83513 2
83514 3
83515 12
83516 7
83517 7
83518 2
83519 2
83520 8
83521 10
83522 14
83523 2
83524 4
83525 2
83526 2
83527 14
83528 9
83529 8
83530 2
83531 0
83532 7
83533 7
83534 11
83535 11
83536 14
83537 9
83538 8
83539 14
83540 14
83541 5
83542 14
83543 6
83544 5
83545 14
83546 14
83547 4
83548 5
83549 3
83550 4
83551 11
83552 9
83553 5
83554 14
83555 6
83556 5
83557 13
83558 11
83559 5
83560 6
83561 2
83562 5
83563 5
83564 14
83565 14
83566 8
83567 14
83568 14
83569 12
83570 7
83571 5
83572 5
83573 11
83574 14
83575 12
83576 12
83577 5
83578 3
83579 5
83580 2
83581 13
83582 2
83583 4
83584 12
83585 5
83586 5
83587 2
83588 3
83589 14
83590 1
83591 13
83592 11
83593 11
83594 3
83595 4
83596 5
83597 3
83598 9
83599 12
83600 6
83601 12
83602 7
83603 11
83604 2
83605 11
83606 13
83607 6
83608 11
83609 2
83610 4
83611 3
83612 2
83613 10
83614 7
83615 6
83616 8
83617 7
83618 5
83619 9
83620 14
83621 7
83622 7
83623 4
83624 4
83625 5
83626 5
83627 13
83628 5
83629 5
83630 5
83631 8
83632 5
83633 5
83634 2
83635 0
83636 5
83637 7
83638 14
83639 10
83640 7
83641 5
83642 5
83643 9
83644 3
83645 2
83646 11
83647 7
83648 5
83649 5
83650 14
83651 12
83652 2
83653 4
83654 11
83655 10
83656 5
83657 8
83658 13
83659 4
83660 11
83661 7
83662 6
83663 5
83664 5
83665 12
83666 7
83667 5
83668 8
83669 7
83670 4
83671 14
83672 14
83673 6
83674 5
83675 7
83676 11
83677 10
83678 5
83679 12
83680 10
83681 3
83682 8
83683 5
83684 11
83685 11
83686 12
83687 10
83688 11
83689 7
83690 10
83691 3
83692 4
83693 5
83694 5
83695 3
83696 4
83697 14
83698 2
83699 3
83700 12
83701 14
83702 10
83703 10
83704 3
83705 0
83706 7
83707 2
83708 6
83709 14
83710 8
83711 12
83712 11
83713 7
83714 11
83715 5
83716 13
83717 6
83718 6
83719 7
83720 11
83721 7
83722 8
83723 3
83724 8
83725 5
83726 2
83727 7
83728 4
83729 7
83730 2
83731 13
83732 10
83733 11
83734 12
83735 5
83736 5
83737 7
83738 14
83739 14
83740 0
83741 13
83742 4
83743 13
83744 5
83745 14
83746 5
83747 14
83748 13
83749 14
83750 10
83751 7
83752 5
83753 8
83754 2
83755 14
83756 7
83757 1
83758 4
83759 5
83760 2
83761 4
83762 7
83763 8
83764 2
83765 5
83766 11
83767 2
83768 5
83769 1
83770 3
83771 5
83772 5
83773 2
83774 4
83775 4
83776 10
83777 11
83778 9
83779 4
83780 7
83781 8
83782 3
83783 0
83784 4
83785 14
83786 5
83787 8
83788 2
83789 10
83790 13
83791 12
83792 12
83793 10
83794 14
83795 9
83796 9
83797 14
83798 14
83799 13
83800 13
83801 5
83802 14
83803 12
83804 4
83805 2
83806 11
83807 4
83808 5
83809 2
83810 7
83811 3
83812 13
83813 14
83814 8
83815 14
83816 14
83817 1
83818 5
83819 14
83820 5
83821 9
83822 12
83823 3
83824 11
83825 7
83826 0
83827 0
83828 5
83829 7
83830 14
83831 10
83832 8
83833 7
83834 2
83835 11
83836 6
83837 12
83838 9
83839 12
83840 4
83841 2
83842 14
83843 5
83844 11
83845 12
83846 7
83847 3
83848 3
83849 7
83850 12
83851 6
83852 7
83853 8
83854 2
83855 0
83856 2
83857 2
83858 7
83859 14
83860 12
83861 7
83862 2
83863 3
83864 3
83865 3
83866 12
83867 11
83868 10
83869 12
83870 14
83871 4
83872 2
83873 7
83874 4
83875 7
83876 2
83877 3
83878 11
83879 3
83880 7
83881 14
83882 2
83883 2
83884 5
83885 14
83886 5
83887 5
83888 7
83889 6
83890 13
83891 11
83892 5
83893 9
83894 5
83895 5
83896 2
83897 8
83898 12
83899 3
83900 9
83901 14
83902 6
83903 3
83904 14
83905 11
83906 4
83907 4
83908 3
83909 11
83910 8
83911 5
83912 7
83913 0
83914 2
83915 0
83916 2
83917 2
83918 2
83919 2
83920 0
83921 7
83922 14
83923 2
83924 7
83925 3
83926 0
83927 8
83928 2
83929 7
83930 7
83931 7
83932 5
83933 2
83934 13
83935 2
83936 2
83937 7
83938 7
83939 5
83940 6
83941 14
83942 12
83943 7
83944 8
83945 2
83946 0
83947 0
83948 12
83949 4
83950 7
83951 2
83952 0
83953 6
83954 3
83955 11
83956 2
83957 13
83958 2
83959 3
83960 14
83961 2
83962 6
83963 7
83964 7
83965 7
83966 5
83967 2
83968 3
83969 8
83970 6
83971 2
83972 1
83973 8
83974 5
83975 6
83976 8
83977 2
83978 6
83979 2
83980 2
83981 2
83982 3
83983 7
83984 3
83985 3
83986 7
83987 2
83988 2
83989 6
83990 4
83991 11
83992 6
83993 14
83994 11
83995 11
83996 7
83997 12
83998 2
83999 8
84000 11
84001 7
84002 5
84003 9
84004 14
84005 12
84006 1
84007 10
84008 4
84009 5
84010 6
84011 7
84012 8
84013 4
84014 4
84015 4
84016 3
84017 11
84018 14
84019 14
84020 8
84021 4
84022 1
84023 5
84024 4
84025 13
84026 10
84027 5
84028 12
84029 5
84030 12
84031 5
84032 10
84033 8
84034 7
84035 7
84036 3
84037 3
84038 2
84039 13
84040 3
84041 3
84042 9
84043 12
84044 2
84045 7
84046 11
84047 4
84048 11
84049 7
84050 1
84051 14
84052 11
84053 8
84054 5
84055 14
84056 3
84057 0
84058 11
84059 14
84060 5
84061 7
84062 11
84063 4
84064 5
84065 3
84066 1
84067 7
84068 4
84069 11
84070 3
84071 6
84072 5
84073 4
84074 14
84075 11
84076 11
84077 7
84078 4
84079 2
84080 14
84081 3
84082 3
84083 4
84084 3
84085 6
84086 7
84087 6
84088 8
84089 2
84090 3
84091 13
84092 3
84093 11
84094 12
84095 10
84096 10
84097 14
84098 10
84099 10
84100 3
84101 0
84102 10
84103 5
84104 11
84105 3
84106 11
84107 0
84108 2
84109 5
84110 11
84111 2
84112 14
84113 14
84114 4
84115 2
84116 5
84117 7
84118 10
84119 9
84120 11
84121 6
84122 5
84123 11
84124 11
84125 12
84126 2
84127 11
84128 3
84129 8
84130 1
84131 7
84132 10
84133 6
84134 11
84135 3
84136 0
84137 11
84138 3
84139 13
84140 11
84141 14
84142 4
84143 9
84144 4
84145 14
84146 14
84147 5
84148 8
84149 8
84150 9
84151 12
84152 9
84153 12
84154 8
84155 12
84156 5
84157 12
84158 6
84159 14
84160 10
84161 9
84162 11
84163 7
84164 14
84165 11
84166 3
84167 4
84168 10
84169 12
84170 11
84171 9
84172 9
84173 5
84174 0
84175 10
84176 9
84177 5
84178 14
84179 11
84180 9
84181 3
84182 14
84183 3
84184 13
84185 14
84186 6
84187 10
84188 14
84189 11
84190 7
84191 8
84192 12
84193 8
84194 7
84195 7
84196 9
84197 7
84198 11
84199 0
84200 2
84201 1
84202 2
84203 11
84204 11
84205 11
84206 14
84207 12
84208 0
84209 4
84210 4
84211 6
84212 11
84213 2
84214 7
84215 4
84216 11
84217 4
84218 14
84219 3
84220 4
84221 7
84222 5
84223 12
84224 14
84225 10
84226 5
84227 13
84228 5
84229 14
84230 8
84231 14
84232 8
84233 11
84234 4
84235 8
84236 4
84237 6
84238 14
84239 13
84240 14
84241 10
84242 14
84243 5
84244 6
84245 13
84246 14
84247 14
84248 6
84249 6
84250 4
84251 7
84252 2
84253 5
84254 0
84255 3
84256 11
84257 10
84258 5
84259 10
84260 11
84261 5
84262 14
84263 8
84264 14
84265 4
84266 2
84267 14
84268 5
84269 13
84270 3
84271 14
84272 2
84273 14
84274 12
84275 2
84276 2
84277 9
84278 14
84279 10
84280 11
84281 5
84282 13
84283 5
84284 13
84285 5
84286 11
84287 5
84288 7
84289 3
84290 5
84291 13
84292 7
84293 11
84294 4
84295 5
84296 4
84297 5
84298 12
84299 4
84300 5
84301 14
84302 7
84303 13
84304 0
84305 14
84306 2
84307 0
84308 0
84309 11
84310 3
84311 9
84312 0
84313 5
84314 3
84315 4
84316 12
84317 12
84318 4
84319 3
84320 8
84321 4
84322 4
84323 5
84324 4
84325 2
84326 11
84327 12
84328 7
84329 6
84330 11
84331 8
84332 5
84333 9
84334 10
84335 6
84336 2
84337 3
84338 5
84339 5
84340 14
84341 7
84342 8
84343 8
84344 8
84345 5
84346 7
84347 5
84348 7
84349 14
84350 7
84351 11
84352 13
84353 4
84354 11
84355 3
84356 2
84357 4
84358 7
84359 7
84360 8
84361 12
84362 14
84363 5
84364 7
84365 12
84366 8
84367 2
84368 5
84369 7
84370 5
84371 7
84372 5
84373 11
84374 14
84375 2
84376 7
84377 8
84378 10
84379 11
84380 2
84381 2
84382 3
84383 7
84384 2
84385 2
84386 12
84387 12
84388 2
84389 11
84390 7
84391 6
84392 8
84393 7
84394 6
84395 13
84396 3
84397 5
84398 11
84399 4
84400 7
84401 4
84402 2
84403 0
84404 6
84405 2
84406 3
84407 3
84408 3
84409 2
84410 6
84411 6
84412 7
84413 4
84414 3
84415 12
84416 13
84417 4
84418 4
84419 12
84420 14
84421 3
84422 8
84423 13
84424 14
84425 8
84426 4
84427 3
84428 13
84429 4
84430 4
84431 9
84432 6
84433 12
84434 6
84435 6
84436 6
84437 13
84438 11
84439 4
84440 13
84441 4
84442 5
84443 4
84444 6
84445 4
84446 3
84447 8
84448 12
84449 8
84450 5
84451 4
84452 7
84453 7
84454 0
84455 2
84456 2
84457 2
84458 2
84459 2
84460 5
84461 7
84462 11
84463 4
84464 2
84465 14
84466 7
84467 14
84468 7
84469 6
84470 2
84471 7
84472 7
84473 9
84474 13
84475 8
84476 7
84477 13
84478 3
84479 6
84480 1
84481 4
84482 13
84483 13
84484 13
84485 4
84486 4
84487 4
84488 4
84489 4
84490 8
84491 14
84492 3
84493 2
84494 14
84495 4
84496 3
84497 13
84498 12
84499 13
84500 12
84501 5
84502 14
84503 4
84504 7
84505 5
84506 4
84507 14
84508 4
84509 14
84510 2
84511 6
84512 4
84513 8
84514 2
84515 8
84516 2
84517 4
84518 5
84519 4
84520 14
84521 4
84522 4
84523 13
84524 8
84525 5
84526 13
84527 9
84528 13
84529 4
84530 3
84531 13
84532 2
84533 6
84534 4
84535 9
84536 4
84537 2
84538 13
84539 3
84540 4
84541 0
84542 7
84543 4
84544 4
84545 4
84546 6
84547 7
84548 6
84549 13
84550 4
84551 4
84552 4
84553 4
84554 9
84555 14
84556 9
84557 9
84558 7
84559 13
84560 11
84561 14
84562 13
84563 6
84564 11
84565 4
84566 13
84567 6
84568 14
84569 4
84570 5
84571 4
84572 3
84573 4
84574 4
84575 5
84576 8
84577 9
84578 14
84579 9
84580 11
84581 4
84582 7
84583 4
84584 11
84585 4
84586 4
84587 3
84588 7
84589 3
84590 4
84591 4
84592 7
84593 13
84594 13
84595 9
84596 13
84597 2
84598 2
84599 2
84600 7
84601 0
84602 3
84603 13
84604 9
84605 13
84606 5
84607 9
84608 10
84609 7
84610 13
84611 9
84612 10
84613 5
84614 14
84615 13
84616 3
84617 8
84618 13
84619 4
84620 4
84621 14
84622 6
84623 5
84624 7
84625 4
84626 9
84627 14
84628 9
84629 7
84630 13
84631 8
84632 4
84633 9
84634 1
84635 4
84636 3
84637 6
84638 13
84639 13
84640 14
84641 4
84642 4
84643 14
84644 14
84645 13
84646 6
84647 4
84648 9
84649 4
84650 7
84651 9
84652 3
84653 4
84654 8
84655 3
84656 13
84657 14
84658 4
84659 14
84660 3
84661 6
84662 9
84663 4
84664 13
84665 9
84666 8
84667 9
84668 4
84669 7
84670 7
84671 13
84672 14
84673 4
84674 4
84675 9
84676 14
84677 13
84678 8
84679 7
84680 9
84681 14
84682 13
84683 4
84684 6
84685 11
84686 4
84687 9
84688 6
84689 4
84690 4
84691 7
84692 2
84693 13
84694 7
84695 4
84696 6
84697 8
84698 0
84699 4
84700 4
84701 9
84702 6
84703 4
84704 6
84705 7
84706 2
84707 13
84708 10
84709 14
84710 9
84711 2
84712 3
84713 7
84714 14
84715 8
84716 4
84717 6
84718 2
84719 4
84720 14
84721 7
84722 7
84723 2
84724 7
84725 8
84726 14
84727 3
84728 3
84729 4
84730 9
84731 8
84732 4
84733 3
84734 7
84735 11
84736 7
84737 4
84738 4
84739 4
84740 8
84741 13
84742 14
84743 13
84744 7
84745 6
84746 9
84747 4
84748 9
84749 9
84750 4
84751 14
84752 3
84753 7
84754 9
84755 5
84756 2
84757 14
84758 9
84759 2
84760 3
84761 10
84762 3
84763 13
84764 8
84765 9
84766 2
84767 5
84768 7
84769 7
84770 8
84771 4
84772 4
84773 14
84774 4
84775 14
84776 9
84777 5
84778 2
84779 4
84780 7
84781 4
84782 11
84783 3
84784 14
84785 8
84786 13
84787 9
84788 9
84789 9
84790 9
84791 13
84792 9
84793 4
84794 13
84795 9
84796 9
84797 8
84798 10
84799 14
84800 11
84801 1
84802 3
84803 3
84804 14
84805 9
84806 9
84807 2
84808 10
84809 9
84810 9
84811 8
84812 4
84813 1
84814 9
84815 12
84816 2
84817 0
84818 11
84819 13
84820 5
84821 11
84822 8
84823 7
84824 2
84825 2
84826 10
84827 13
84828 11
84829 2
84830 4
84831 8
84832 9
84833 7
84834 4
84835 2
84836 2
84837 2
84838 6
84839 7
84840 4
84841 8
84842 2
84843 2
84844 7
84845 2
84846 7
84847 4
84848 2
84849 6
84850 13
84851 7
84852 4
84853 2
84854 5
84855 13
84856 8
84857 4
84858 10
84859 5
84860 9
84861 11
84862 1
84863 1
84864 8
84865 9
84866 13
84867 14
84868 13
84869 9
84870 11
84871 0
84872 8
84873 14
84874 11
84875 9
84876 6
84877 7
84878 3
84879 7
84880 9
84881 7
84882 9
84883 8
84884 5
84885 6
84886 4
84887 13
84888 10
84889 14
84890 7
84891 10
84892 6
84893 4
84894 11
84895 10
84896 6
84897 10
84898 14
84899 9
84900 11
84901 7
84902 9
84903 4
84904 8
84905 2
84906 6
84907 14
84908 8
84909 4
84910 4
84911 14
84912 6
84913 6
84914 4
84915 11
84916 6
84917 9
84918 14
84919 3
84920 11
84921 5
84922 7
84923 4
84924 11
84925 9
84926 7
84927 13
84928 11
84929 3
84930 2
84931 3
84932 9
84933 11
84934 5
84935 14
84936 6
84937 1
84938 8
84939 5
84940 5
84941 8
84942 9
84943 3
84944 5
84945 14
84946 2
84947 7
84948 8
84949 8
84950 4
84951 4
84952 13
84953 8
84954 14
84955 14
84956 2
84957 5
84958 9
84959 4
84960 0
84961 4
84962 4
84963 13
84964 7
84965 13
84966 8
84967 4
84968 11
84969 2
84970 5
84971 14
84972 4
84973 4
84974 13
84975 4
84976 14
84977 4
84978 4
84979 7
84980 14
84981 8
84982 5
84983 6
84984 11
84985 6
84986 2
84987 4
84988 13
84989 8
84990 4
84991 11
84992 6
84993 2
84994 7
84995 2
84996 14
84997 12
84998 2
84999 4
85000 14
85001 13
85002 13
85003 10
85004 13
85005 9
85006 9
85007 10
85008 2
85009 13
85010 4
85011 7
85012 13
85013 4
85014 4
85015 4
85016 9
85017 7
85018 13
85019 10
85020 14
85021 13
85022 12
85023 4
85024 3
85025 9
85026 13
85027 0
85028 6
85029 7
85030 14
85031 14
85032 9
85033 13
85034 7
85035 5
85036 1
85037 13
85038 7
85039 9
85040 13
85041 0
85042 4
85043 5
85044 10
85045 10
85046 7
85047 4
85048 7
85049 7
85050 8
85051 5
85052 2
85053 14
85054 2
85055 3
85056 8
85057 2
85058 0
85059 0
85060 7
85061 4
85062 14
85063 5
85064 4
85065 4
85066 4
85067 2
85068 4
85069 7
85070 13
85071 7
85072 7
85073 4
85074 5
85075 7
85076 2
85077 4
85078 7
85079 14
85080 5
85081 4
85082 2
85083 2
85084 6
85085 2
85086 0
85087 8
85088 8
85089 13
85090 12
85091 11
85092 8
85093 11
85094 14
85095 4
85096 4
85097 6
85098 12
85099 5
85100 5
85101 8
85102 2
85103 8
85104 14
85105 9
85106 6
85107 6
85108 8
85109 9
85110 4
85111 9
85112 10
85113 4
85114 6
85115 7
85116 1
85117 4
85118 2
85119 14
85120 7
85121 2
85122 0
85123 6
85124 6
85125 3
85126 0
85127 0
85128 0
85129 5
85130 3
85131 2
85132 0
85133 2
85134 2
85135 0
85136 6
85137 9
85138 3
85139 4
85140 2
85141 2
85142 10
85143 3
85144 4
85145 7
85146 8
85147 2
85148 8
85149 11
85150 14
85151 14
85152 9
85153 5
85154 8
85155 14
85156 14
85157 14
85158 10
85159 9
85160 6
85161 11
85162 3
85163 6
85164 8
85165 3
85166 6
85167 0
85168 0
85169 0
85170 0
85171 2
85172 0
85173 0
85174 8
85175 2
85176 7
85177 2
85178 2
85179 2
85180 10
85181 13
85182 10
85183 14
85184 14
85185 8
85186 13
85187 2
85188 14
85189 6
85190 3
85191 2
85192 2
85193 5
85194 11
85195 2
85196 2
85197 8
85198 2
85199 7
85200 2
85201 9
85202 3
85203 13
85204 10
85205 4
85206 11
85207 2
85208 2
85209 13
85210 13
85211 3
85212 6
85213 2
85214 10
85215 9
85216 14
85217 1
85218 10
85219 9
85220 13
85221 13
85222 9
85223 14
85224 13
85225 13
85226 13
85227 3
85228 13
85229 14
85230 9
85231 4
85232 4
85233 11
85234 13
85235 4
85236 2
85237 4
85238 0
85239 9
85240 14
85241 6
85242 2
85243 4
85244 7
85245 14
85246 7
85247 2
85248 14
85249 4
85250 13
85251 7
85252 8
85253 13
85254 13
85255 11
85256 4
85257 14
85258 7
85259 8
85260 2
85261 4
85262 2
85263 4
85264 14
85265 9
85266 6
85267 4
85268 7
85269 2
85270 13
85271 6
85272 4
85273 13
85274 8
85275 14
85276 4
85277 5
85278 11
85279 6
85280 3
85281 11
85282 2
85283 14
85284 9
85285 7
85286 0
85287 5
85288 7
85289 13
85290 7
85291 2
85292 13
85293 13
85294 9
85295 13
85296 7
85297 13
85298 3
85299 11
85300 13
85301 13
85302 11
85303 14
85304 14
85305 13
85306 8
85307 11
85308 11
85309 13
85310 5
85311 13
85312 8
85313 11
85314 9
85315 8
85316 12
85317 14
85318 13
85319 13
85320 3
85321 4
85322 5
85323 9
85324 4
85325 6
85326 5
85327 5
85328 2
85329 5
85330 10
85331 11
85332 14
85333 13
85334 7
85335 13
85336 13
85337 6
85338 9
85339 9
85340 4
85341 5
85342 5
85343 3
85344 4
85345 7
85346 9
85347 9
85348 7
85349 11
85350 5
85351 11
85352 5
85353 11
85354 11
85355 14
85356 13
85357 9
85358 4
85359 5
85360 5
85361 14
85362 6
85363 11
85364 14
85365 4
85366 13
85367 5
85368 4
85369 6
85370 13
85371 14
85372 9
85373 10
85374 9
85375 9
85376 9
85377 11
85378 2
85379 5
85380 7
85381 1
85382 6
85383 13
85384 9
85385 4
85386 3
85387 4
85388 7
85389 2
85390 10
85391 9
85392 9
85393 14
85394 3
85395 0
85396 2
85397 0
85398 3
85399 7
85400 9
85401 13
85402 7
85403 2
85404 7
85405 11
85406 10
85407 14
85408 6
85409 6
85410 2
85411 6
85412 3
85413 5
85414 9
85415 14
85416 13
85417 11
85418 4
85419 7
85420 13
85421 13
85422 4
85423 4
85424 4
85425 2
85426 9
85427 4
85428 9
85429 4
85430 13
85431 13
85432 0
85433 7
85434 8
85435 3
85436 2
85437 4
85438 13
85439 3
85440 4
85441 8
85442 4
85443 14
85444 3
85445 5
85446 5
85447 11
85448 1
85449 2
85450 7
85451 4
85452 7
85453 4
85454 10
85455 3
85456 6
85457 5
85458 2
85459 11
85460 2
85461 2
85462 14
85463 3
85464 2
85465 2
85466 4
85467 10
85468 9
85469 7
85470 2
85471 8
85472 9
85473 2
85474 14
85475 6
85476 8
85477 3
85478 13
85479 9
85480 12
85481 10
85482 11
85483 5
85484 6
85485 13
85486 4
85487 4
85488 7
85489 12
85490 1
85491 4
85492 13
85493 7
85494 5
85495 14
85496 9
85497 5
85498 9
85499 9
85500 2
85501 9
85502 4
85503 5
85504 13
85505 1
85506 8
85507 13
85508 9
85509 2
85510 3
85511 3
85512 7
85513 7
85514 5
85515 13
85516 11
85517 11
85518 7
85519 2
85520 5
85521 9
85522 2
85523 2
85524 4
85525 9
85526 5
85527 7
85528 0
85529 2
85530 12
85531 6
85532 10
85533 4
85534 5
85535 14
85536 4
85537 13
85538 11
85539 14
85540 13
85541 0
85542 13
85543 5
85544 7
85545 5
85546 4
85547 8
85548 5
85549 7
85550 11
85551 2
85552 9
85553 12
85554 6
85555 2
85556 3
85557 1
85558 3
85559 9
85560 6
85561 4
85562 10
85563 8
85564 11
85565 9
85566 10
85567 5
85568 9
85569 10
85570 10
85571 6
85572 12
85573 7
85574 9
85575 6
85576 5
85577 14
85578 4
85579 4
85580 2
85581 14
85582 9
85583 11
85584 3
85585 13
85586 2
85587 11
85588 5
85589 3
85590 10
85591 14
85592 9
85593 2
85594 6
85595 14
85596 13
85597 12
85598 11
85599 13
85600 6
85601 6
85602 0
85603 3
85604 2
85605 0
85606 4
85607 8
85608 8
85609 5
85610 14
85611 6
85612 4
85613 6
85614 4
85615 7
85616 0
85617 4
85618 6
85619 0
85620 2
85621 0
85622 13
85623 10
85624 4
85625 14
85626 4
85627 4
85628 8
85629 10
85630 14
85631 3
85632 11
85633 8
85634 11
85635 14
85636 5
85637 4
85638 2
85639 2
85640 4
85641 4
85642 14
85643 10
85644 14
85645 4
85646 6
85647 4
85648 12
85649 4
85650 3
85651 11
85652 4
85653 14
85654 4
85655 11
85656 10
85657 8
85658 3
85659 3
85660 10
85661 8
85662 4
85663 14
85664 4
85665 2
85666 2
85667 14
85668 14
85669 6
85670 4
85671 14
85672 1
85673 12
85674 11
85675 2
85676 2
85677 0
85678 8
85679 8
85680 10
85681 14
85682 3
85683 8
85684 2
85685 2
85686 2
85687 3
85688 8
85689 2
85690 10
85691 14
85692 5
85693 9
85694 0
85695 6
85696 7
85697 12
85698 13
85699 13
85700 2
85701 11
85702 2
85703 8
85704 5
85705 7
85706 6
85707 8
85708 2
85709 9
85710 9
85711 9
85712 7
85713 2
85714 9
85715 5
85716 2
85717 14
85718 4
85719 2
85720 4
85721 5
85722 8
85723 1
85724 11
85725 4
85726 13
85727 11
85728 6
85729 7
85730 11
85731 14
85732 11
85733 8
85734 14
85735 3
85736 8
85737 14
85738 2
85739 7
85740 14
85741 12
85742 5
85743 11
85744 3
85745 14
85746 11
85747 4
85748 13
85749 14
85750 3
85751 11
85752 6
85753 11
85754 9
85755 6
85756 0
85757 4
85758 7
85759 13
85760 13
85761 9
85762 8
85763 3
85764 7
85765 3
85766 2
85767 14
85768 0
85769 0
85770 1
85771 10
85772 5
85773 14
85774 0
85775 14
85776 14
85777 12
85778 14
85779 9
85780 13
85781 11
85782 0
85783 10
85784 10
85785 10
85786 10
85787 7
85788 11
85789 10
85790 4
85791 0
85792 5
85793 6
85794 4
85795 0
85796 11
85797 14
85798 14
85799 10
85800 4
85801 8
85802 0
85803 6
85804 2
85805 3
85806 2
85807 12
85808 4
85809 12
85810 9
85811 5
85812 5
85813 9
85814 11
85815 4
85816 3
85817 2
85818 8
85819 2
85820 4
85821 11
85822 6
85823 7
85824 0
85825 2
85826 0
85827 9
85828 9
85829 11
85830 2
85831 13
85832 2
85833 3
85834 11
85835 2
85836 11
85837 8
85838 2
85839 2
85840 2
85841 10
85842 8
85843 3
85844 3
85845 2
85846 2
85847 2
85848 11
85849 2
85850 0
85851 9
85852 7
85853 10
85854 3
85855 5
85856 2
85857 3
85858 3
85859 7
85860 2
85861 2
85862 12
85863 14
85864 7
85865 3
85866 10
85867 13
85868 8
85869 2
85870 5
85871 5
85872 5
85873 10
85874 5
85875 2
85876 2
85877 11
85878 12
85879 2
85880 14
85881 4
85882 13
85883 7
85884 2
85885 13
85886 2
85887 14
85888 11
85889 7
85890 5
85891 4
85892 8
85893 7
85894 7
85895 4
85896 4
85897 4
85898 4
85899 3
85900 7
85901 9
85902 6
85903 3
85904 4
85905 14
85906 13
85907 14
85908 5
85909 3
85910 6
85911 9
85912 5
85913 5
85914 1
85915 1
85916 10
85917 10
85918 7
85919 3
85920 8
85921 2
85922 4
85923 4
85924 13
85925 7
85926 13
85927 5
85928 3
85929 14
85930 1
85931 11
85932 2
85933 14
85934 11
85935 0
85936 8
85937 5
85938 14
85939 5
85940 6
85941 5
85942 7
85943 12
85944 14
85945 2
85946 8
85947 9
85948 12
85949 5
85950 10
85951 11
85952 0
85953 7
85954 3
85955 5
85956 4
85957 14
85958 10
85959 13
85960 4
85961 10
85962 4
85963 4
85964 14
85965 0
85966 14
85967 1
85968 11
85969 14
85970 14
85971 4
85972 7
85973 5
85974 4
85975 4
85976 14
85977 14
85978 4
85979 5
85980 14
85981 3
85982 13
85983 8
85984 14
85985 14
85986 4
85987 14
85988 11
85989 11
85990 4
85991 2
85992 10
85993 0
85994 14
85995 12
85996 12
85997 2
85998 11
85999 1
86000 10
86001 14
86002 14
86003 10
86004 4
86005 13
86006 9
86007 12
86008 10
86009 3
86010 4
86011 14
86012 10
86013 11
86014 5
86015 14
86016 4
86017 14
86018 4
86019 12
86020 7
86021 13
86022 4
86023 2
86024 9
86025 14
86026 5
86027 4
86028 11
86029 5
86030 10
86031 8
86032 5
86033 11
86034 4
86035 4
86036 14
86037 10
86038 2
86039 4
86040 5
86041 14
86042 14
86043 3
86044 11
86045 14
86046 9
86047 5
86048 7
86049 11
86050 11
86051 4
86052 5
86053 4
86054 13
86055 9
86056 8
86057 3
86058 3
86059 3
86060 13
86061 12
86062 10
86063 8
86064 13
86065 11
86066 8
86067 4
86068 4
86069 14
86070 10
86071 2
86072 9
86073 4
86074 3
86075 4
86076 6
86077 4
86078 7
86079 4
86080 4
86081 9
86082 4
86083 4
86084 10
86085 3
86086 11
86087 3
86088 14
86089 14
86090 6
86091 0
86092 4
86093 4
86094 11
86095 12
86096 14
86097 14
86098 0
86099 13
86100 13
86101 14
86102 12
86103 8
86104 10
86105 10
86106 11
86107 5
86108 11
86109 7
86110 9
86111 14
86112 14
86113 10
86114 12
86115 14
86116 14
86117 2
86118 0
86119 13
86120 2
86121 9
86122 8
86123 10
86124 7
86125 3
86126 5
86127 7
86128 9
86129 5
86130 5
86131 6
86132 8
86133 10
86134 3
86135 8
86136 11
86137 9
86138 2
86139 2
86140 7
86141 0
86142 14
86143 10
86144 14
86145 13
86146 4
86147 3
86148 9
86149 4
86150 11
86151 9
86152 6
86153 8
86154 14
86155 4
86156 9
86157 11
86158 3
86159 8
86160 2
86161 2
86162 2
86163 2
86164 13
86165 9
86166 9
86167 3
86168 0
86169 10
86170 6
86171 3
86172 4
86173 14
86174 3
86175 4
86176 14
86177 13
86178 14
86179 2
86180 5
86181 4
86182 11
86183 3
86184 11
86185 4
86186 9
86187 7
86188 11
86189 4
86190 4
86191 14
86192 10
86193 3
86194 14
86195 6
86196 14
86197 4
86198 7
86199 13
86200 5
86201 7
86202 4
86203 2
86204 14
86205 5
86206 4
86207 5
86208 1
86209 4
86210 14
86211 9
86212 14
86213 12
86214 3
86215 14
86216 4
86217 0
86218 14
86219 13
86220 4
86221 5
86222 11
86223 14
86224 4
86225 8
86226 10
86227 3
86228 5
86229 8
86230 7
86231 7
86232 5
86233 4
86234 5
86235 11
86236 10
86237 14
86238 5
86239 2
86240 5
86241 9
86242 9
86243 4
86244 5
86245 3
86246 4
86247 11
86248 12
86249 10
86250 3
86251 3
86252 10
86253 12
86254 14
86255 14
86256 5
86257 14
86258 7
86259 5
86260 14
86261 5
86262 9
86263 9
86264 14
86265 8
86266 4
86267 5
86268 5
86269 5
86270 5
86271 14
86272 9
86273 11
86274 14
86275 5
86276 11
86277 4
86278 10
86279 3
86280 5
86281 14
86282 8
86283 7
86284 7
86285 13
86286 1
86287 13
86288 10
86289 14
86290 4
86291 7
86292 5
86293 7
86294 5
86295 10
86296 5
86297 8
86298 5
86299 11
86300 13
86301 11
86302 14
86303 4
86304 3
86305 7
86306 14
86307 4
86308 4
86309 13
86310 9
86311 4
86312 6
86313 11
86314 4
86315 11
86316 11
86317 11
86318 6
86319 5
86320 14
86321 13
86322 0
86323 10
86324 1
86325 7
86326 1
86327 8
86328 4
86329 5
86330 3
86331 5
86332 7
86333 4
86334 6
86335 3
86336 9
86337 4
86338 3
86339 10
86340 11
86341 4
86342 4
86343 0
86344 14
86345 13
86346 3
86347 4
86348 11
86349 3
86350 14
86351 14
86352 14
86353 11
86354 7
86355 7
86356 11
86357 5
86358 5
86359 13
86360 9
86361 9
86362 10
86363 5
86364 11
86365 11
86366 8
86367 6
86368 4
86369 4
86370 0
86371 4
86372 5
86373 9
86374 5
86375 5
86376 4
86377 4
86378 5
86379 5
86380 10
86381 8
86382 10
86383 5
86384 12
86385 14
86386 4
86387 9
86388 4
86389 13
86390 14
86391 5
86392 11
86393 8
86394 4
86395 10
86396 2
86397 4
86398 9
86399 14
86400 5
86401 11
86402 10
86403 12
86404 12
86405 3
86406 8
86407 4
86408 10
86409 6
86410 7
86411 4
86412 4
86413 0
86414 9
86415 11
86416 3
86417 14
86418 5
86419 11
86420 9
86421 4
86422 2
86423 9
86424 14
86425 5
86426 0
86427 12
86428 11
86429 8
86430 14
86431 8
86432 12
86433 9
86434 13
86435 12
86436 1
86437 13
86438 2
86439 7
86440 2
86441 5
86442 8
86443 14
86444 7
86445 5
86446 10
86447 2
86448 4
86449 3
86450 9
86451 5
86452 9
86453 4
86454 5
86455 12
86456 4
86457 11
86458 2
86459 8
86460 4
86461 2
86462 2
86463 3
86464 8
86465 6
86466 4
86467 4
86468 14
86469 3
86470 5
86471 12
86472 4
86473 13
86474 9
86475 1
86476 14
86477 13
86478 3
86479 14
86480 14
86481 14
86482 10
86483 14
86484 4
86485 13
86486 8
86487 8
86488 11
86489 13
86490 4
86491 7
86492 11
86493 5
86494 3
86495 8
86496 14
86497 5
86498 13
86499 4
86500 4
86501 0
86502 14
86503 12
86504 4
86505 8
86506 4
86507 10
86508 0
86509 2
86510 14
86511 5
86512 5
86513 5
86514 0
86515 5
86516 11
86517 14
86518 8
86519 2
86520 13
86521 9
86522 5
86523 4
86524 13
86525 1
86526 14
86527 5
86528 1
86529 14
86530 9
86531 2
86532 14
86533 7
86534 9
86535 9
86536 11
86537 10
86538 10
86539 14
86540 12
86541 14
86542 13
86543 2
86544 5
86545 14
86546 7
86547 2
86548 4
86549 13
86550 9
86551 10
86552 2
86553 0
86554 2
86555 0
86556 2
86557 2
86558 2
86559 0
86560 0
86561 8
86562 2
86563 0
86564 10
86565 8
86566 6
86567 8
86568 14
86569 0
86570 9
86571 9
86572 13
86573 14
86574 14
86575 5
86576 5
86577 14
86578 12
86579 8
86580 6
86581 14
86582 9
86583 10
86584 14
86585 7
86586 6
86587 4
86588 5
86589 5
86590 2
86591 11
86592 10
86593 2
86594 2
86595 11
86596 2
86597 10
86598 12
86599 3
86600 7
86601 14
86602 4
86603 2
86604 14
86605 4
86606 13
86607 4
86608 11
86609 14
86610 4
86611 14
86612 14
86613 6
86614 4
86615 11
86616 7
86617 12
86618 2
86619 2
86620 10
86621 5
86622 9
86623 1
86624 5
86625 10
86626 5
86627 7
86628 5
86629 5
86630 3
86631 8
86632 8
86633 4
86634 9
86635 9
86636 7
86637 2
86638 11
86639 6
86640 5
86641 5
86642 5
86643 14
86644 0
86645 14
86646 2
86647 4
86648 5
86649 12
86650 9
86651 2
86652 5
86653 5
86654 10
86655 4
86656 3
86657 14
86658 2
86659 0
86660 10
86661 12
86662 2
86663 1
86664 5
86665 4
86666 9
86667 5
86668 5
86669 12
86670 11
86671 5
86672 10
86673 14
86674 7
86675 4
86676 11
86677 5
86678 4
86679 12
86680 12
86681 14
86682 14
86683 0
86684 2
86685 7
86686 4
86687 5
86688 5
86689 4
86690 4
86691 10
86692 11
86693 8
86694 14
86695 10
86696 0
86697 14
86698 14
86699 5
86700 5
86701 11
86702 14
86703 5
86704 4
86705 5
86706 14
86707 13
86708 5
86709 11
86710 5
86711 5
86712 4
86713 14
86714 14
86715 10
86716 14
86717 12
86718 5
86719 8
86720 11
86721 12
86722 12
86723 4
86724 4
86725 8
86726 0
86727 10
86728 14
86729 4
86730 12
86731 11
86732 4
86733 12
86734 14
86735 8
86736 14
86737 2
86738 13
86739 3
86740 5
86741 5
86742 8
86743 11
86744 11
86745 10
86746 11
86747 14
86748 7
86749 4
86750 7
86751 4
86752 4
86753 14
86754 14
86755 5
86756 9
86757 11
86758 5
86759 11
86760 9
86761 3
86762 4
86763 2
86764 9
86765 13
86766 10
86767 8
86768 13
86769 4
86770 9
86771 4
86772 4
86773 10
86774 11
86775 4
86776 2
86777 9
86778 4
86779 2
86780 14
86781 4
86782 2
86783 4
86784 5
86785 3
86786 12
86787 4
86788 7
86789 4
86790 5
86791 9
86792 4
86793 2
86794 2
86795 12
86796 8
86797 7
86798 5
86799 9
86800 4
86801 4
86802 14
86803 4
86804 7
86805 0
86806 4
86807 0
86808 3
86809 14
86810 6
86811 4
86812 5
86813 3
86814 13
86815 3
86816 11
86817 8
86818 2
86819 0
86820 2
86821 4
86822 7
86823 7
86824 4
86825 14
86826 14
86827 2
86828 12
86829 10
